12.0,0.39414,0.84103,-0.37056,1,1,0.02443,0.99711,-0.07196,0.43167,0.82489,-0.36499,-0.14108,-0.06783,-0.98767,-0.06857,-1.12265,-0.14188,-0.02536,0.53847,-0.84227,0.29993,0.87957,-0.36933,0.17351,0.83552,0.52135,0.30838,0.87803,-0.36601,0.01739,0.63089,0.77567,0.34727,0.88273,-0.31652,-0.11364,0.56883,0.81457,0.39226,0.86801,-0.30446,-0.34561,0.59931,0.72207,0.42624,0.84545,-0.32177
12.0,0.39373,0.84126,-0.37048,1,1,0.0202,0.99736,-0.06976,0.43164,0.82489,-0.36503,-0.14019,-0.06625,-0.98791,-0.06697,-1.1293,-0.14096,-0.02663,0.54063,-0.84084,0.30015,0.87946,-0.36941,0.16573,0.84013,0.51644,0.30852,0.87808,-0.36578,0.00468,0.65016,0.75978,0.3473,0.88271,-0.31655,-0.12392,0.58207,0.80364,0.39227,0.86798,-0.30452,-0.36076,0.61332,0.70263,0.42624,0.84543,-0.32183
12.0,0.39387,0.84122,-0.37042,1,1,0.01982,0.9973,-0.07075,0.43165,0.82488,-0.36504,-0.13874,-0.06734,-0.98804,-0.06805,-1.11892,-0.13951,-0.03456,0.54064,-0.84054,0.30011,0.87945,-0.36946,0.1658,0.83714,0.52126,0.30862,0.87811,-0.36562,0.00479,0.64533,0.76389,0.34729,0.8827,-0.31659,-0.12555,0.58296,0.80274,0.39224,0.86797,-0.30458,-0.3586,0.61465,0.70257,0.42622,0.84542,-0.32189
12.0,0.39397,0.84118,-0.3704,1,1,0.02019,0.99719,-0.07212,0.43159,0.82491,-0.36504,-0.14039,-0.06859,-0.98772,-0.06933,-1.11633,-0.14119,-0.04398,0.53837,-0.84156,0.29961,0.87956,-0.36961,0.16328,0.85015,0.50058,0.3087,0.87813,-0.36549,0.00762,0.63867,0.76945,0.34731,0.88267,-0.31665,-0.12358,0.57399,0.80948,0.39223,0.86795,-0.30466,-0.35545,0.60439,0.713,0.42621,0.8454,-0.32195
12.0,0.39298,0.84148,-0.37079,1,1,0.01776,0.99724,-0.07207,0.43153,0.82493,-0.36507,-0.13969,-0.0689,-0.9878,-0.06964,-1.11255,-0.14048,-0.03565,0.53823,-0.84205,0.29936,0.87959,-0.36974,0.16253,0.84123,0.51567,0.30874,0.87814,-0.36543,0.00665,0.6316,0.77526,0.34732,0.88265,-0.31668,-0.12516,0.57384,0.80934,0.39221,0.86793,-0.30473,-0.3592,0.6067,0.70914,0.42619,0.84538,-0.32203
12.0,0.39282,0.84158,-0.37072,1,1,0.01826,0.9973,-0.07107,0.43146,0.82493,-0.36515,-0.13966,-0.06784,-0.98787,-0.06856,-1.11861,-0.14044,-0.0299,0.53909,-0.84172,0.29937,0.87955,-0.36983,0.16354,0.83966,0.51791,0.30886,0.87818,-0.36525,0.00641,0.63615,0.77154,0.34736,0.88263,-0.31669,-0.12514,0.57596,0.80784,0.3922,0.86792,-0.30479,-0.35957,0.60636,0.70925,0.42618,0.84536,-0.32209
12.0,0.39276,0.84154,-0.37087,1,1,0.01857,0.99714,-0.07333,0.43142,0.82495,-0.36515,-0.14156,-0.06998,-0.98745,-0.07075,-1.1117,-0.14239,-0.02707,0.53762,-0.84275,0.29952,0.87951,-0.3698,0.16284,0.8475,0.50519,0.30898,0.87822,-0.36505,0.00879,0.64083,0.76764,0.34735,0.88262,-0.31674,-0.12272,0.57961,0.8056,0.39216,0.86791,-0.30487,-0.35767,0.61024,0.70688,0.42613,0.84535,-0.32217
12.0,0.39342,0.84135,-0.37062,1,1,0.02318,0.99716,-0.07168,0.43135,0.82497,-0.36518,-0.14187,-0.06769,-0.98757,-0.06844,-1.12559,-0.14268,-0.0307,0.53841,-0.84213,0.29964,0.87945,-0.36984,0.16017,0.86756,0.47084,0.30906,0.87824,-0.36494,0.01203,0.63432,0.77298,0.34738,0.8826,-0.31676,-0.11929,0.57072,0.81243,0.39215,0.86789,-0.30493,-0.35404,0.60111,0.71646,0.42613,0.84533,-0.32223
12.0,0.39292,0.84146,-0.37089,1,1,0.02108,0.99735,-0.06967,0.43124,0.82497,-0.36532,-0.13989,-0.06606,-0.98796,-0.06677,-1.1296,-0.14066,-0.02209,0.54256,-0.83973,0.29973,0.87943,-0.36981,0.16813,0.83209,0.52855,0.30912,0.87826,-0.36484,0.01231,0.62809,0.77804,0.34742,0.88259,-0.31677,-0.11966,0.56902,0.81357,0.39216,0.86788,-0.30497,-0.35435,0.5981,0.71883,0.42613,0.84532,-0.32226
12.0,0.39287,0.8415,-0.37085,1,1,0.02063,0.99722,-0.07164,0.43118,0.82498,-0.36536,-0.14042,-0.06806,-0.98775,-0.06879,-1.11949,-0.14122,-0.02496,0.53927,-0.84176,0.30011,0.87934,-0.36973,0.17159,0.82558,0.53757,0.30919,0.87828,-0.36472,0.01174,0.63197,0.77491,0.34746,0.88258,-0.31675,-0.11995,0.57218,0.81131,0.39216,0.86786,-0.305,-0.35429,0.60536,0.71275,0.42612,0.84531,-0.3223
12.0,0.39306,0.84143,-0.37081,1,1,0.01871,0.99707,-0.07411,0.43122,0.825,-0.36528,-0.1399,-0.07078,-0.98763,-0.07155,-1.10241,-0.14072,-0.02799,0.53741,-0.84286,0.30017,0.87932,-0.36973,0.16463,0.84077,0.51576,0.30927,0.87831,-0.36457,0.0055,0.64295,0.76589,0.34746,0.88257,-0.31678,-0.1245,0.57669,0.80742,0.39214,0.86786,-0.30504,-0.35837,0.60757,0.70882,0.4261,0.8453,-0.32235
12.0,0.39319,0.84147,-0.37058,1,1,0.01947,0.99725,-0.07157,0.43126,0.82499,-0.36526,-0.13746,-0.06823,-0.98815,-0.06894,-1.11006,-0.13822,-0.02565,0.53868,-0.84212,0.30026,0.87928,-0.36974,0.15693,0.85874,0.48778,0.3093,0.87832,-0.36454,0.00564,0.63906,0.76913,0.34746,0.88255,-0.31681,-0.12515,0.58114,0.80413,0.39212,0.86785,-0.30509,-0.36079,0.61237,0.70344,0.42608,0.84529,-0.3224
12.0,0.39274,0.84157,-0.37083,1,1,0.0158,0.99719,-0.07329,0.43131,0.82497,-0.36523,-0.13705,-0.07044,-0.98806,-0.07117,-1.09601,-0.13783,-0.02732,0.53907,-0.84182,0.30026,0.87928,-0.36974,0.15961,0.8403,0.51809,0.30932,0.87833,-0.3645,0.00008,0.64421,0.76485,0.34746,0.88255,-0.31682,-0.13224,0.58346,0.8013,0.39211,0.86785,-0.30511,-0.36597,0.61374,0.69956,0.42607,0.84529,-0.32241
12.0,0.39265,0.84182,-0.37036,1,1,0.01743,0.99739,-0.07012,0.43132,0.82497,-0.36522,-0.13724,-0.06708,-0.98826,-0.06777,-1.11617,-0.13799,-0.02131,0.54202,-0.84009,0.30026,0.8793,-0.3697,0.15889,0.84589,0.50915,0.30935,0.87834,-0.36446,-0.00092,0.65266,0.75765,0.34742,0.88255,-0.31685,-0.13191,0.59089,0.7959,0.39206,0.86785,-0.30515,-0.3661,0.61881,0.69502,0.42603,0.8453,-0.32245
12.0,0.39251,0.84176,-0.37063,1,1,0.02095,0.99739,-0.06914,0.43126,0.82499,-0.36523,-0.14096,-0.06552,-0.98784,-0.06623,-1.13569,-0.14174,-0.02605,0.54329,-0.83914,0.30035,0.87933,-0.36956,0.1652,0.84624,0.50655,0.30941,0.87836,-0.36435,0.00638,0.65537,0.75528,0.34737,0.88256,-0.31691,-0.12292,0.59406,0.79497,0.39199,0.86786,-0.30522,-0.35836,0.61967,0.69827,0.42598,0.8453,-0.3225
12.0,0.39222,0.84203,-0.37033,1,1,0.01664,0.99762,-0.06686,0.4312,0.82501,-0.36526,-0.13989,-0.06388,-0.9881,-0.06456,-1.1424,-0.14064,-0.03079,0.54519,-0.83775,0.30012,0.87944,-0.36946,0.16188,0.84016,0.51762,0.30949,0.8784,-0.36417,0.00578,0.63183,0.77509,0.34734,0.88257,-0.31691,-0.1258,0.56926,0.81248,0.39197,0.86787,-0.30522,-0.36184,0.59971,0.71374,0.42596,0.84531,-0.3225
12.0,0.39219,0.8421,-0.3702,1,1,0.01551,0.99763,-0.06707,0.43114,0.82505,-0.36527,-0.14058,-0.06424,-0.98798,-0.06493,-1.14215,-0.14134,-0.03512,0.54347,-0.83869,0.29987,0.87956,-0.3694,0.15336,0.86565,0.47657,0.30953,0.87843,-0.36408,0.00111,0.65119,0.75891,0.34731,0.88258,-0.31692,-0.12811,0.58515,0.80074,0.39193,0.86788,-0.30524,-0.36574,0.61815,0.69579,0.42593,0.84532,-0.32252
12.0,0.39238,0.8422,-0.36978,1,1,0.01551,0.99764,-0.06685,0.43106,0.82509,-0.36525,-0.1362,-0.06413,-0.9886,-0.06478,-1.13076,-0.13691,-0.03011,0.54517,-0.83778,0.29961,0.87967,-0.36934,0.15411,0.85382,0.49724,0.30956,0.87846,-0.36399,-0.00524,0.65437,0.75616,0.34721,0.8826,-0.31696,-0.13457,0.58913,0.79675,0.39184,0.86791,-0.30527,-0.36914,0.61827,0.69388,0.42586,0.84534,-0.32256
12.0,0.3923,0.84207,-0.37015,1,1,0.02274,0.99742,-0.06809,0.431,0.82514,-0.36523,-0.13831,-0.06431,-0.9883,-0.06498,-1.13556,-0.13905,-0.02091,0.54202,-0.84011,0.29957,0.8797,-0.36929,0.16807,0.83331,0.52664,0.30962,0.87849,-0.36385,0.01004,0.62475,0.78076,0.34718,0.88261,-0.31695,-0.12295,0.56548,0.81554,0.3918,0.86793,-0.30527,-0.35533,0.59589,0.72018,0.42583,0.84536,-0.32256
12.0,0.39231,0.84206,-0.37017,1,1,0.01807,0.99764,-0.06626,0.43088,0.82519,-0.36524,-0.14,-0.06309,-0.98814,-0.06376,-1.14738,-0.14074,-0.03584,0.54575,-0.83718,0.29924,0.87984,-0.36923,0.16492,0.83559,0.52401,0.3097,0.87854,-0.36367,0.00376,0.65142,0.75871,0.34716,0.88263,-0.31694,-0.1251,0.58212,0.80342,0.39177,0.86794,-0.30527,-0.35938,0.60975,0.70643,0.4258,0.84537,-0.32255
12.0,0.39155,0.84245,-0.37009,1,1,0.01597,0.99777,-0.06487,0.43075,0.82525,-0.36527,-0.14108,-0.06198,-0.98806,-0.06265,-1.15683,-0.14182,-0.02602,0.54739,-0.83647,0.29894,0.87998,-0.36914,0.16975,0.80885,0.56298,0.30974,0.87857,-0.36356,0.00415,0.64111,0.76743,0.34708,0.88264,-0.31697,-0.12665,0.57605,0.80755,0.3917,0.86797,-0.30529,-0.35911,0.60319,0.71218,0.42574,0.84539,-0.32257
12.0,0.39133,0.84261,-0.36996,1,1,0.01499,0.99813,-0.05926,0.43061,0.82529,-0.36534,-0.13951,-0.0566,-0.9886,-0.05719,-1.18536,-0.14019,-0.02713,0.55371,-0.83227,0.29866,0.88014,-0.36899,0.1535,0.85616,0.49338,0.30975,0.87859,-0.36352,-0.00518,0.66389,0.74781,0.34701,0.88267,-0.31699,-0.13171,0.59266,0.79461,0.39163,0.868,-0.3053,-0.3694,0.62364,0.68892,0.42569,0.84542,-0.32258
12.0,0.39122,0.84295,-0.3693,1,1,0.01355,0.99858,-0.05153,0.4305,0.82529,-0.36546,-0.13847,-0.04916,-0.98915,-0.04966,-1.22964,-0.13909,-0.03169,0.56066,-0.82744,0.29853,0.88031,-0.36868,0.14954,0.85775,0.49183,0.30975,0.8786,-0.36349,-0.01331,0.67764,0.73527,0.34684,0.88271,-0.31707,-0.13962,0.60731,0.7821,0.39147,0.86805,-0.30537,-0.37546,0.63597,0.67422,0.42558,0.84545,-0.32264
12.0,0.39146,0.84344,-0.36792,1,1,0.00855,0.9993,-0.03635,0.43032,0.82531,-0.36563,-0.13777,-0.03483,-0.98985,-0.03517,-1.32318,-0.1383,-0.03979,0.57139,-0.81971,0.29789,0.88069,-0.36831,0.13733,0.87565,0.46301,0.30972,0.87862,-0.36346,-0.01202,0.66763,0.7444,0.34669,0.88275,-0.3171,-0.13674,0.58734,0.79771,0.39134,0.86809,-0.30539,-0.37393,0.62269,0.68734,0.42545,0.8455,-0.32268
12.0,0.39152,0.84405,-0.36646,1,1,-0.00203,0.99978,-0.02075,0.4301,0.82532,-0.36587,-0.13411,-0.02083,-0.99075,-0.02102,-1.41669,-0.13454,-0.04482,0.58478,-0.80995,0.2971,0.88113,-0.3679,0.12339,0.87498,0.46817,0.3096,0.87867,-0.36344,-0.0212,0.65691,0.75367,0.34645,0.88284,-0.31712,-0.14746,0.58273,0.79918,0.39118,0.86817,-0.30538,-0.38002,0.61212,0.69346,0.42529,0.84557,-0.3227
12.0,0.39266,0.84506,-0.36288,0.93948,1,-0.02942,0.99955,0.005,0.43011,0.8252,-0.36613,-0.13399,0.00101,-0.99098,0.00102,-1.57837,-0.13439,-0.06772,0.6049,-0.79342,0.29667,0.88141,-0.36756,0.08012,0.90589,0.41586,0.30942,0.87871,-0.36348,-0.03944,0.63919,0.76804,0.3463,0.88291,-0.31708,-0.16776,0.5854,0.7932,0.39099,0.86828,-0.30532,-0.39261,0.58438,0.71018,0.42521,0.84563,-0.32267
12.0,0.39112,0.84692,-0.36022,0.88458,1,-0.06494,0.9975,0.02771,0.43044,0.82498,-0.36625,-0.1343,0.01878,-0.99076,0.01896,-1.70975,-0.13473,-0.07077,0.62597,-0.77663,0.29649,0.88156,-0.36735,0.02043,0.94098,0.33784,0.30904,0.87878,-0.36364,-0.06633,0.62804,0.77535,0.34611,0.88303,-0.31698,-0.19493,0.59321,0.78109,0.39041,0.8686,-0.30516,-0.40784,0.55487,0.72511,0.42513,0.84568,-0.32263
12.0,0.39212,0.84743,-0.35791,0.72278,1,-0.08443,0.995,0.05333,0.43099,0.82457,-0.36652,-0.14726,0.04047,-0.98827,0.04093,-1.83901,-0.14792,-0.13073,0.64068,-0.7566,0.29538,0.88231,-0.36643,-0.05401,0.99036,0.12755,0.30816,0.87874,-0.36449,-0.05219,0.59148,0.80463,0.34549,0.8834,-0.31662,-0.19913,0.60211,0.77318,0.38928,0.86917,-0.30498,-0.41657,0.56362,0.7133,0.42487,0.84586,-0.3225
12.0,0.39035,0.84917,-0.35573,0.67105,0.94367,-0.10157,0.98972,0.10065,0.43143,0.82409,-0.36709,-0.15677,0.08398,-0.98406,0.08514,-2.06259,-0.15798,-0.13801,0.67646,-0.72344,0.29187,0.8846,-0.36372,-0.08597,0.99045,0.10781,0.30585,0.8786,-0.36678,-0.03544,0.49989,0.86536,0.34502,0.8838,-0.316,-0.16219,0.46752,0.86898,0.38819,0.86993,-0.30419,-0.40901,0.51152,0.75568,0.42448,0.84613,-0.32229
12.0,0.38903,0.85098,-0.35282,0.62443,0.86931,-0.12279,0.98103,0.14999,0.43153,0.82357,-0.36812,-0.15725,0.12999,-0.97897,0.13201,-2.26155,-0.15927,-0.14191,0.71173,-0.68797,0.28961,0.88639,-0.36117,-0.12713,0.98935,0.07093,0.30153,0.87842,-0.37076,-0.03414,0.4006,0.91562,0.34443,0.88458,-0.31446,-0.16677,0.36734,0.91501,0.38719,0.87096,-0.30251,-0.41654,0.43484,0.79838,0.42396,0.84659,-0.32179
12.0,0.39007,0.85037,-0.35315,0.62686,0.85898,-0.11739,0.97854,0.16938,0.4315,0.82333,-0.36868,-0.15285,0.15072,-0.97669,0.15311,-2.34916,-0.15524,-0.13333,0.72686,-0.67372,0.28725,0.88818,-0.35865,-0.12256,0.98855,0.08799,0.29883,0.87837,-0.37306,-0.03145,0.37979,0.92454,0.34367,0.88551,-0.31266,-0.16538,0.3521,0.92123,0.38638,0.87175,-0.30126,-0.40464,0.41698,0.81388,0.42334,0.84713,-0.32118
12.0,0.39189,0.84988,-0.35231,0.60568,0.81518,-0.10574,0.97728,0.18368,0.43143,0.82312,-0.36925,-0.14908,0.16705,-0.97461,0.16975,-2.41297,-0.15179,-0.12083,0.7425,-0.65886,0.2856,0.89025,-0.35482,-0.11415,0.99049,0.0768,0.29706,0.8783,-0.37463,-0.02218,0.35422,0.9349,0.34349,0.88596,-0.31159,-0.1513,0.31117,0.93823,0.38617,0.87215,-0.30037,-0.37645,0.35452,0.85592,0.42295,0.8476,-0.32044
12.0,0.39117,0.84966,-0.35364,0.63086,0.84599,-0.10217,0.978,0.1819,0.43129,0.82289,-0.36991,-0.15315,0.16521,-0.97429,0.16797,-2.39405,-0.15592,-0.13265,0.74113,-0.65813,0.28426,0.89157,-0.35255,-0.11085,0.98952,0.09252,0.2965,0.87826,-0.37517,-0.02274,0.39353,0.91903,0.34333,0.88635,-0.31068,-0.14592,0.33415,0.93116,0.38603,0.87245,-0.29969,-0.3723,0.37853,0.84741,0.42266,0.84799,-0.31981
12.0,0.3886,0.85018,-0.35524,0.64819,0.88429,-0.09846,0.97975,0.17434,0.43092,0.8226,-0.37099,-0.15654,0.15776,-0.97499,0.16042,-2.36007,-0.1592,-0.13114,0.73886,-0.66097,0.28242,0.89258,-0.35149,-0.10832,0.99041,0.08575,0.29625,0.87826,-0.37537,-0.03896,0.43066,0.90167,0.34291,0.88673,-0.31003,-0.15542,0.35884,0.92037,0.3857,0.87276,-0.29921,-0.38841,0.40373,0.82834,0.42224,0.84836,-0.31937
12.0,0.38661,0.85058,-0.35644,0.68643,0.94061,-0.0988,0.98069,0.1688,0.43007,0.82227,-0.3727,-0.16598,0.15101,-0.9745,0.15374,-2.30903,-0.1687,-0.13471,0.73515,-0.66438,0.28076,0.89329,-0.351,-0.10836,0.98976,0.09296,0.2961,0.87826,-0.37549,-0.04274,0.48044,0.87598,0.34225,0.88713,-0.30963,-0.15284,0.40155,0.90299,0.38504,0.87319,-0.29881,-0.38804,0.43341,0.81337,0.42156,0.84883,-0.31901
12.0,0.38353,0.85209,-0.35616,0.61662,0.98308,-0.10124,0.98013,0.17059,0.4285,0.82203,-0.37504,-0.18177,0.15036,-0.97178,0.15351,-2.2619,-0.18491,-0.2024,0.72675,-0.65641,0.27043,0.8968,-0.35016,-0.1314,0.99097,0.02656,0.29574,0.87826,-0.37576,-0.07698,0.5788,0.81183,0.34102,0.88765,-0.30951,-0.16519,0.46209,0.87132,0.38384,0.87379,-0.29858,-0.40843,0.4602,0.78829,0.42072,0.84932,-0.31882
12.0,0.38015,0.85363,-0.35608,0.63799,1,-0.1044,0.98082,0.16462,0.42744,0.82194,-0.37644,-0.19175,0.14256,-0.97103,0.14578,-2.21012,-0.19496,-0.23966,0.71503,-0.65673,0.26168,0.89966,-0.34947,-0.12413,0.99022,0.06374,0.29529,0.87827,-0.3761,-0.13649,0.7583,0.63746,0.33603,0.88896,-0.31117,-0.19866,0.58949,0.78297,0.38254,0.87425,-0.29891,-0.45049,0.62648,0.63607,0.41935,0.84989,-0.31911
12.0,0.37677,0.85636,-0.35312,0.61826,0.90304,-0.10884,0.97876,0.17375,0.4264,0.82193,-0.37764,-0.1887,0.15127,-0.97032,0.15465,-2.24655,-0.19207,-0.2637,0.71529,-0.64716,0.25209,0.90266,-0.34879,-0.14081,0.98979,0.02221,0.2949,0.87828,-0.37638,-0.19518,0.86419,0.46377,0.33285,0.88939,-0.31337,-0.27398,0.82068,0.50142,0.38121,0.87442,-0.30012,-0.46989,0.76384,0.44244,0.41689,0.85045,-0.32082
12.0,0.37134,0.86233,-0.34423,0.59145,0.64934,-0.10837,0.97763,0.18025,0.42564,0.822,-0.37836,-0.17898,0.15916,-0.97089,0.16249,-2.29766,-0.1823,-0.28321,0.71871,-0.63502,0.24978,0.90384,-0.34739,-0.1496,0.98868,-0.01105,0.2945,0.87828,-0.37668,-0.24901,0.9597,0.1303,0.33065,0.88946,-0.3155,-0.29936,0.9468,0.11816,0.37511,0.87454,-0.30735,-0.41438,0.90342,0.11012,0.41459,0.85068,-0.3232
12.0,0.37026,0.86489,-0.33893,0.61154,0.66063,-0.1012,0.97659,0.18983,0.42519,0.82209,-0.37866,-0.16627,0.17152,-0.97105,0.17483,-2.37173,-0.16959,-0.28547,0.72336,-0.6287,0.24776,0.90504,-0.34571,-0.14126,0.98996,0.00558,0.29386,0.8783,-0.37715,-0.24946,0.96572,0.07186,0.32858,0.88918,-0.31843,-0.28741,0.95781,0.0016,0.37243,0.87419,-0.31159,-0.35639,0.93381,-0.03137,0.41275,0.85036,-0.32639
12.0,0.36978,0.86557,-0.33772,0.62329,0.67168,-0.09323,0.97587,0.19745,0.4245,0.82228,-0.37901,-0.15749,0.18137,-0.97072,0.18471,-2.42654,-0.16084,-0.274,0.73026,-0.62581,0.24688,0.90562,-0.34482,-0.12488,0.99156,0.03494,0.29355,0.87831,-0.37736,-0.23766,0.96437,0.11619,0.32713,0.889,-0.3204,-0.27728,0.96079,0.0017,0.37015,0.87382,-0.31531,-0.34865,0.93697,-0.02325,0.41103,0.84996,-0.32956
12.0,0.36523,0.86823,-0.33585,0.50385,0.5673,-0.06168,0.9772,0.20318,0.41985,0.82407,-0.38031,-0.15369,0.19184,-0.96932,0.19539,-2.46616,-0.15725,-0.24179,0.74193,-0.62537,0.24522,0.90653,-0.34362,-0.11542,0.99219,-0.04721,0.29315,0.87832,-0.37765,-0.21185,0.97541,0.06085,0.32645,0.88895,-0.32124,-0.24891,0.96823,0.02407,0.36557,0.87324,-0.32218,-0.33197,0.94319,0.01389,0.40926,0.84971,-0.33242
12.0,0.35649,0.87081,-0.33853,0.46333,0.51207,-0.03256,0.97776,0.2072,0.40263,0.83083,-0.38422,-0.13816,0.20092,-0.96982,0.20428,-2.53922,-0.14151,-0.23271,0.74924,-0.62007,0.23096,0.91129,-0.3409,-0.09237,0.99408,-0.05729,0.28837,0.87843,-0.38105,-0.17806,0.96905,0.17101,0.3249,0.88885,-0.32309,-0.22677,0.96829,0.10483,0.3549,0.87238,-0.33616,-0.33189,0.93913,0.08883,0.40416,0.8495,-0.33913
12.0,0.35409,0.86915,-0.34525,0.57028,0.73083,-0.01254,0.97953,0.20089,0.39217,0.83456,-0.38692,-0.12765,0.1977,-0.97192,0.20067,-2.56824,-0.13059,-0.14468,0.75666,-0.6376,0.23403,0.91005,-0.34212,-0.04178,0.99785,0.05044,0.28199,0.8789,-0.38473,-0.14569,0.94332,0.29819,0.32401,0.88886,-0.32395,-0.21206,0.95472,0.20865,0.35167,0.8724,-0.33949,-0.34415,0.92264,0.17403,0.40007,0.84986,-0.34304
12.0,0.3556,0.86657,-0.35015,0.61452,0.87392,-0.00624,0.98197,0.18892,0.38886,0.83548,-0.38828,-0.12824,0.18658,-0.97404,0.18926,-2.53943,-0.1309,-0.08811,0.75154,-0.65378,0.2426,0.90689,-0.34453,-0.02051,0.99608,0.08606,0.27997,0.87914,-0.38565,-0.13015,0.92433,0.35871,0.32362,0.88889,-0.32425,-0.20573,0.92004,0.33345,0.35099,0.87248,-0.33999,-0.36606,0.88869,0.27611,0.39798,0.85023,-0.34455
12.0,0.35631,0.86207,-0.36039,0.7506,1,0.02094,0.98716,0.15838,0.38743,0.83573,-0.38916,-0.12082,0.15975,-0.97974,0.16163,-2.49407,-0.1227,-0.04478,0.73333,-0.6784,0.24717,0.90447,-0.34763,0.04873,0.97313,0.22506,0.27718,0.87958,-0.38666,-0.07835,0.83078,0.55107,0.32275,0.88899,-0.32484,-0.17972,0.84668,0.50083,0.35056,0.87259,-0.34015,-0.3703,0.82797,0.42112,0.39676,0.85056,-0.34514
12.0,0.35304,0.8587,-0.37147,1,1,0.036,0.992,0.12101,0.38701,0.83547,-0.39015,-0.13043,0.12472,-0.98358,0.12613,-2.33381,-0.13184,-0.01968,0.70817,-0.70576,0.25121,0.90212,-0.35081,0.16666,0.70878,0.68546,0.27637,0.88119,-0.38358,-0.03778,0.72631,0.68633,0.32199,0.88917,-0.32512,-0.15546,0.72931,0.66629,0.3502,0.87278,-0.34002,-0.36493,0.71555,0.59567,0.39583,0.85096,-0.34523
12.0,0.34997,0.85832,-0.37525,1,1,0.03775,0.99439,0.09886,0.38652,0.83529,-0.39101,-0.14191,0.10326,-0.98448,0.10451,-2.19984,-0.14316,0.00796,0.68945,-0.72429,0.25431,0.90022,-0.35345,0.18895,0.62469,0.75767,0.27679,0.88265,-0.37988,-0.01074,0.64133,0.76719,0.32125,0.88945,-0.32509,-0.13219,0.63219,0.76345,0.34996,0.8731,-0.33944,-0.34409,0.64106,0.68604,0.39529,0.85131,-0.34499
12.0,0.34785,0.858,-0.37795,1,1,0.04576,0.99589,0.0782,0.38548,0.83541,-0.39178,-0.16034,0.08459,-0.98343,0.0858,-2.05625,-0.16162,0.00033,0.6722,-0.74037,0.25682,0.89857,-0.35584,0.20754,0.61532,0.76047,0.27724,0.88389,-0.37666,0.01274,0.63169,0.77512,0.32055,0.88975,-0.32496,-0.11512,0.61204,0.7824,0.34978,0.87347,-0.33869,-0.32891,0.62631,0.70679,0.39493,0.85158,-0.34473
12.0,0.34779,0.85837,-0.37714,1,1,0.03736,0.99617,0.07908,0.38482,0.83557,-0.3921,-0.16155,0.08412,-0.98327,0.08534,-2.05084,-0.16285,0.01517,0.67506,-0.73761,0.25863,0.89725,-0.35785,0.20018,0.60861,0.76781,0.27795,0.88552,-0.37229,0.01019,0.61861,0.78564,0.31968,0.89015,-0.32472,-0.1185,0.58172,0.80471,0.34961,0.8739,-0.33774,-0.33441,0.59766,0.72868,0.3946,0.85183,-0.3445
12.0,0.34709,0.85897,-0.37643,1,1,0.02527,0.99611,0.08443,0.38477,0.8356,-0.39209,-0.16153,0.08742,-0.98299,0.0887,-2.06685,-0.16287,0.02272,0.68062,-0.73228,0.26145,0.89627,-0.35825,0.17961,0.58726,0.78921,0.27819,0.88611,-0.3707,0.0072,0.58801,0.80882,0.31932,0.89036,-0.32448,-0.12902,0.54331,0.82956,0.34956,0.87419,-0.33706,-0.34034,0.56241,0.75357,0.39449,0.85195,-0.34434
12.0,0.34639,0.85889,-0.37725,1,1,0.01666,0.99592,0.0887,0.3848,0.83555,-0.39216,-0.16604,0.09024,-0.98198,0.09163,-2.0686,-0.1675,0.00123,0.68263,-0.73077,0.26234,0.89574,-0.35892,0.17488,0.59246,0.78639,0.27853,0.88708,-0.36813,0.00416,0.58854,0.80846,0.3186,0.8908,-0.32399,-0.13192,0.54175,0.83013,0.34945,0.87468,-0.33588,-0.33383,0.55081,0.76496,0.3942,0.85225,-0.34392
12.0,0.34423,0.8595,-0.37785,1,1,0.0158,0.99551,0.09332,0.38477,0.8355,-0.39228,-0.16979,0.09465,-0.98092,0.09619,-2.07935,-0.17139,-0.00153,0.68537,-0.72819,0.26203,0.89565,-0.35939,0.17096,0.57508,0.80003,0.2789,0.8884,-0.36465,0.00964,0.56966,0.82183,0.31749,0.89146,-0.32326,-0.13101,0.52697,0.83973,0.34928,0.87524,-0.3346,-0.33076,0.531,0.78015,0.3939,0.85255,-0.34351
12.0,0.34358,0.85986,-0.37761,1,1,0.00574,0.99521,0.09757,0.38475,0.83543,-0.39246,-0.17231,0.0971,-0.98024,0.09873,-2.08394,-0.17401,-0.00725,0.69028,-0.72351,0.26183,0.89567,-0.35948,0.15968,0.57106,0.80523,0.2791,0.88917,-0.36259,0.00609,0.56173,0.8273,0.31673,0.89195,-0.32265,-0.14075,0.5048,0.85169,0.34917,0.87564,-0.33368,-0.33376,0.49626,0.80146,0.39378,0.85269,-0.34332
12.0,0.34391,0.85994,-0.37714,1,1,0.00372,0.99515,0.09833,0.38474,0.83538,-0.39258,-0.17468,0.09746,-0.97979,0.09915,-2.07972,-0.17643,-0.01488,0.68905,-0.72456,0.26159,0.89573,-0.35949,0.16264,0.57472,0.80203,0.27927,0.89,-0.36042,0.00591,0.56438,0.82549,0.31601,0.89241,-0.32209,-0.13935,0.50484,0.85189,0.34905,0.87603,-0.33278,-0.33067,0.4949,0.80357,0.39368,0.85279,-0.34316
12.0,0.34351,0.85998,-0.37741,1,1,0.00059,0.99519,0.09792,0.38474,0.83531,-0.39271,-0.17803,0.09646,-0.97928,0.09819,-2.06734,-0.17984,-0.0188,0.68864,-0.72486,0.26136,0.89577,-0.35956,0.16188,0.58009,0.7983,0.2794,0.89068,-0.35864,0.0055,0.5691,0.82225,0.31536,0.89283,-0.32157,-0.13939,0.51297,0.84701,0.34893,0.87637,-0.33201,-0.33315,0.50285,0.79759,0.39357,0.85292,-0.34297
12.0,0.34339,0.86005,-0.37737,1,1,-0.00026,0.9954,0.09583,0.38474,0.83526,-0.39283,-0.18348,0.09416,-0.9785,0.09593,-2.04494,-0.18536,-0.02219,0.68681,-0.72649,0.26114,0.89581,-0.35962,0.16468,0.5918,0.78909,0.27947,0.89114,-0.35743,0.00751,0.57786,0.8161,0.31484,0.89314,-0.32121,-0.13731,0.51233,0.84774,0.34881,0.87668,-0.33131,-0.32941,0.49889,0.80162,0.39341,0.85308,-0.34275
12.0,0.34271,0.86003,-0.37803,1,1,0.00446,0.99604,0.08874,0.38469,0.83524,-0.39293,-0.19003,0.08797,-0.97783,0.08972,-2.00435,-0.19195,-0.03041,0.68175,-0.73096,0.26081,0.89587,-0.3597,0.17173,0.58295,0.79415,0.27954,0.89171,-0.35595,0.0196,0.56695,0.82352,0.31421,0.89352,-0.32077,-0.12784,0.51031,0.85044,0.3487,0.87694,-0.33072,-0.32554,0.50693,0.79815,0.39326,0.85323,-0.34255
12.0,0.34233,0.8601,-0.3782,1,1,0.00833,0.99637,0.08469,0.38457,0.83526,-0.39299,-0.19035,0.08472,-0.97805,0.08641,-1.98957,-0.19221,-0.02857,0.67909,-0.7335,0.26054,0.89593,-0.35976,0.17055,0.58397,0.79366,0.27959,0.89201,-0.35517,0.02283,0.56803,0.82269,0.31387,0.89374,-0.32048,-0.1253,0.51411,0.84852,0.34865,0.87712,-0.33032,-0.33636,0.51722,0.78699,0.39312,0.85337,-0.34237
12.0,0.34209,0.85991,-0.37885,1,1,0.01741,0.99663,0.08019,0.38441,0.83531,-0.39304,-0.1865,0.08203,-0.97902,0.08359,-1.98515,-0.18824,-0.01951,0.67608,-0.73657,0.26042,0.89594,-0.35981,0.17641,0.57907,0.79597,0.27963,0.89224,-0.35456,0.02645,0.56767,0.82283,0.31358,0.89393,-0.32024,-0.12362,0.52264,0.84354,0.34861,0.87721,-0.33012,-0.33359,0.53435,0.77665,0.39301,0.85347,-0.34225
12.0,0.34132,0.86033,-0.3786,1,1,0.02377,0.99632,0.08239,0.38424,0.83537,-0.39309,-0.1782,0.08531,-0.98029,0.08681,-2.01729,-0.17982,-0.00163,0.67901,-0.73413,0.26039,0.89594,-0.35984,0.17275,0.56077,0.80975,0.27968,0.89241,-0.3541,0.02605,0.55562,0.83103,0.31339,0.89406,-0.32007,-0.12533,0.51245,0.84952,0.34859,0.87729,-0.32993,-0.34014,0.52693,0.77888,0.39291,0.85356,-0.34213
12.0,0.34032,0.86062,-0.37883,1,1,0.03042,0.99558,0.08887,0.38405,0.83543,-0.39314,-0.16589,0.09271,-0.98178,0.09415,-2.08042,-0.16739,0.01299,0.68355,-0.72979,0.26044,0.89594,-0.35981,0.16111,0.5209,0.83828,0.27971,0.89254,-0.35374,0.02632,0.51857,0.85463,0.31329,0.89414,-0.31994,-0.12848,0.48323,0.86602,0.34858,0.87736,-0.32975,-0.33844,0.50065,0.79675,0.39283,0.85364,-0.34203
12.0,0.33673,0.86133,-0.38043,1,1,0.02693,0.9946,0.10023,0.38388,0.83546,-0.39326,-0.15001,0.10315,-0.98329,0.10452,-2.17316,-0.1514,0.0278,0.69005,-0.72323,0.26048,0.8959,-0.35988,0.13452,0.45943,0.87797,0.27983,0.893,-0.35247,0.02024,0.45681,0.88933,0.31304,0.89442,-0.31942,-0.1398,0.4405,0.8868,0.34854,0.87759,-0.32917,-0.34462,0.46922,0.81306,0.39271,0.85376,-0.34186
12.0,0.33198,0.86236,-0.38227,1,1,0.0307,0.99333,0.11111,0.3837,0.83547,-0.39341,-0.1431,0.11439,-0.98308,0.11583,-2.24512,-0.14455,0.03534,0.69986,-0.7134,0.26007,0.89595,-0.36006,0.1248,0.41629,0.90063,0.27997,0.89378,-0.35038,0.01997,0.42466,0.90513,0.31272,0.89478,-0.31871,-0.14267,0.42262,0.89501,0.34851,0.87777,-0.32874,-0.35253,0.45092,0.82,0.39262,0.85385,-0.34174
12.0,0.33123,0.86307,-0.38131,1,1,0.02141,0.99136,0.1294,0.38337,0.83545,-0.39377,-0.13246,0.1311,-0.98248,0.13265,-2.35105,-0.13401,0.04708,0.71585,-0.69666,0.25983,0.89606,-0.35995,0.11178,0.40524,0.90735,0.28006,0.89451,-0.34847,0.00478,0.41554,0.90956,0.3125,0.89504,-0.31819,-0.15721,0.41094,0.89801,0.34844,0.87798,-0.32823,-0.37446,0.4313,0.82083,0.39247,0.85399,-0.34155
12.0,0.33105,0.86307,-0.38146,1,1,0.025,0.99113,0.13053,0.38291,0.83543,-0.39426,-0.13496,0.13272,-0.98192,0.13435,-2.3478,-0.13659,0.04049,0.71624,-0.69667,0.25939,0.89628,-0.35973,0.11363,0.41696,0.90179,0.28011,0.89509,-0.34692,0.00627,0.43082,0.90242,0.31227,0.89528,-0.31775,-0.15446,0.42207,0.89331,0.34838,0.87817,-0.32779,-0.3685,0.43765,0.82016,0.39234,0.85411,-0.34141
12.0,0.33164,0.8628,-0.38157,1,1,0.02107,0.99119,0.13076,0.38226,0.83539,-0.39496,-0.14012,0.13242,-0.98124,0.13415,-2.32798,-0.14184,0.01671,0.71507,-0.69886,0.25842,0.89658,-0.35967,0.11715,0.43942,0.89061,0.28006,0.89545,-0.34603,0.00476,0.45298,0.89151,0.31191,0.89554,-0.31736,-0.14491,0.43803,0.8872,0.34829,0.87836,-0.32739,-0.35287,0.45282,0.81881,0.39218,0.85425,-0.34125
12.0,0.33183,0.86271,-0.38161,1,1,0.02921,0.99077,0.13238,0.38144,0.83536,-0.39582,-0.1426,0.13522,-0.9805,0.13704,-2.32963,-0.14442,0.01165,0.71653,-0.69746,0.25704,0.89701,-0.35958,0.12367,0.43776,0.89055,0.28001,0.89592,-0.34484,0.01063,0.45653,0.88965,0.31144,0.89586,-0.31691,-0.14289,0.44462,0.88425,0.34814,0.87864,-0.32677,-0.35152,0.46201,0.81423,0.39189,0.85448,-0.341
12.0,0.33077,0.86313,-0.38157,1,1,0.02076,0.99055,0.13555,0.38078,0.83533,-0.39653,-0.14259,0.13712,-0.98024,0.13899,-2.33667,-0.14445,0.0274,0.71871,-0.69477,0.25638,0.89724,-0.35948,0.12421,0.45179,0.88344,0.27996,0.89633,-0.34384,0.00479,0.4596,0.88811,0.311,0.89617,-0.31648,-0.14917,0.44263,0.88421,0.34797,0.87894,-0.32615,-0.35769,0.45319,0.8165,0.39156,0.85474,-0.34073
12.0,0.33159,0.8631,-0.38093,1,1,0.02454,0.99069,0.13391,0.38019,0.83531,-0.39713,-0.14196,0.13605,-0.98048,0.13788,-2.33493,-0.14379,0.01656,0.71825,-0.69559,0.25591,0.89746,-0.35928,0.13157,0.45597,0.88021,0.27988,0.89672,-0.34286,0.00373,0.4775,0.87862,0.31048,0.8965,-0.31607,-0.1481,0.46547,0.87259,0.3477,0.87935,-0.32536,-0.36016,0.47575,0.80246,0.39108,0.85511,-0.34036
12.0,0.33148,0.86331,-0.38055,1,1,0.02268,0.99052,0.13551,0.37988,0.83531,-0.39742,-0.13942,0.13736,-0.98066,0.13916,-2.34876,-0.14122,0.01426,0.72014,-0.69368,0.25539,0.89768,-0.35908,0.13167,0.46067,0.87775,0.27983,0.89703,-0.34211,-0.00127,0.48697,0.87342,0.31015,0.89669,-0.31584,-0.15554,0.4764,0.86536,0.34746,0.87967,-0.32475,-0.37024,0.48358,0.79314,0.39073,0.85536,-0.34012
12.0,0.33183,0.86387,-0.37896,1,1,0.01447,0.98978,0.14186,0.37954,0.83533,-0.39772,-0.13547,0.14251,-0.98048,0.14433,-2.38152,-0.13729,0.01719,0.72502,-0.68851,0.25484,0.89797,-0.35877,0.11695,0.48052,0.86915,0.27975,0.89735,-0.34132,-0.01117,0.49162,0.87074,0.30981,0.8969,-0.31558,-0.16671,0.47284,0.86523,0.34719,0.87999,-0.32414,-0.38331,0.47306,0.79328,0.39039,0.85563,-0.33985
12.0,0.33213,0.86358,-0.37937,1,1,0.01592,0.99077,0.13463,0.37926,0.83534,-0.39796,-0.14053,0.13553,-0.98076,0.13732,-2.33809,-0.14232,0.02058,0.71993,-0.69374,0.25476,0.89815,-0.35837,0.12447,0.47861,0.86916,0.27968,0.89774,-0.34035,-0.0042,0.48631,0.87377,0.30941,0.89716,-0.31523,-0.1595,0.45851,0.87426,0.34694,0.88036,-0.32341,-0.36538,0.46029,0.80909,0.38998,0.85597,-0.33946
12.0,0.33344,0.86335,-0.37874,1,1,0.01713,0.99095,0.13316,0.37914,0.83534,-0.39808,-0.13824,0.13424,-0.98126,0.13596,-2.34153,-0.13996,0.02549,0.71854,-0.69502,0.25496,0.8982,-0.3581,0.11681,0.47507,0.87216,0.27967,0.89794,-0.33984,-0.00364,0.47786,0.87843,0.30919,0.89733,-0.31495,-0.15984,0.45264,0.87725,0.34684,0.88056,-0.32298,-0.37036,0.45623,0.80913,0.38977,0.85616,-0.33922
12.0,0.33379,0.86336,-0.3784,1,1,0.01276,0.99108,0.13268,0.37908,0.83534,-0.39812,-0.13964,0.13315,-0.98121,0.13488,-2.33241,-0.14137,0.02742,0.71875,-0.69473,0.25514,0.89822,-0.35791,0.11847,0.47769,0.87051,0.27967,0.89805,-0.33955,-0.00453,0.47512,0.87991,0.30908,0.89743,-0.3148,-0.16015,0.44357,0.88182,0.3468,0.88066,-0.32276,-0.36565,0.44207,0.81907,0.38966,0.85627,-0.33907
12.0,0.33797,0.8622,-0.37735,1,1,0.0082,0.99126,0.13164,0.3791,0.83533,-0.39813,-0.14435,0.13144,-0.98076,0.13323,-2.30944,-0.14613,0.05207,0.72156,-0.69039,0.25705,0.89799,-0.35713,0.1187,0.50437,0.85529,0.27967,0.89813,-0.33933,-0.00522,0.48599,0.87395,0.30899,0.8975,-0.31466,-0.1586,0.44197,0.8829,0.34678,0.88072,-0.32262,-0.36645,0.42389,0.82827,0.38958,0.85636,-0.33892
12.0,0.34069,0.86114,-0.37731,1,1,0.00499,0.99243,0.12269,0.37922,0.8353,-0.39809,-0.1599,0.1219,-0.97958,0.12381,-2.22216,-0.16181,0.05143,0.71301,-0.69927,0.26004,0.8973,-0.35671,0.13207,0.51033,0.84978,0.27968,0.89823,-0.33905,0.00918,0.4752,0.87983,0.3089,0.89761,-0.31443,-0.14373,0.42219,0.89504,0.34677,0.8808,-0.32239,-0.35106,0.40569,0.84391,0.38949,0.85651,-0.33866
12.0,0.34365,0.86054,-0.37601,1,1,0.00277,0.99328,0.11568,0.3794,0.83527,-0.39796,-0.17599,0.11436,-0.97773,0.11643,-2.14702,-0.17809,0.04532,0.70755,-0.70521,0.26258,0.89661,-0.35657,0.14826,0.51962,0.84144,0.27971,0.89834,-0.33873,0.02087,0.48295,0.8754,0.30886,0.89771,-0.31421,-0.12812,0.40791,0.90399,0.34681,0.88092,-0.32203,-0.34728,0.39426,0.85086,0.38942,0.85663,-0.33843
12.0,0.34981,0.85839,-0.37525,1,1,0.00353,0.99581,0.09143,0.37985,0.83526,-0.39757,-0.20305,0.09024,-0.975,0.09229,-1.98899,-0.20532,0.00475,0.68312,-0.73029,0.26471,0.89592,-0.35674,0.2016,0.58407,0.78627,0.27981,0.8985,-0.33824,0.03736,0.53121,0.84641,0.30883,0.89783,-0.3139,-0.106,0.43968,0.89188,0.34696,0.88112,-0.32131,-0.29097,0.43298,0.85315,0.38939,0.85688,-0.33785
12.0,0.36026,0.8544,-0.37445,1,1,-0.00389,0.99834,0.05742,0.38075,0.83521,-0.3968,-0.22914,0.055,-0.97184,0.05654,-1.80638,-0.23155,-0.09276,0.64732,-0.75655,0.26496,0.89526,-0.35819,0.17132,0.83754,0.51882,0.27965,0.89857,-0.33817,0.02496,0.66128,0.74973,0.30872,0.89788,-0.31385,-0.09426,0.56494,0.81973,0.34714,0.88131,-0.32061,-0.30545,0.5654,0.76618,0.38931,0.85719,-0.33715
12.0,0.36891,0.85265,-0.37,0.77939,1,-0.02253,0.99805,0.05822,0.38322,0.83491,-0.39504,-0.2196,0.05187,-0.97421,0.0532,-1.80275,-0.22171,-0.1677,0.64355,-0.7468,0.26349,0.89502,-0.35987,0.01115,0.99076,0.13516,0.27827,0.89822,-0.34025,0.00347,0.67109,0.74137,0.30859,0.8979,-0.31394,-0.10363,0.56496,0.81859,0.34744,0.88143,-0.31995,-0.34779,0.57498,0.74057,0.38925,0.85734,-0.33682
12.0,0.36748,0.85237,-0.37206,0.5346,0.96355,-0.04753,0.99779,0.04635,0.38704,0.83423,-0.39276,-0.2107,0.03534,-0.97691,0.03616,-1.73697,-0.21243,-0.20629,0.62424,-0.7535,0.25892,0.89497,-0.36331,-0.04913,0.99793,0.04146,0.27604,0.89735,-0.34433,0.0198,0.6097,0.79239,0.30848,0.89777,-0.31441,-0.10336,0.54712,0.83065,0.34777,0.88143,-0.31958,-0.35199,0.57047,0.74207,0.38922,0.85741,-0.33668
12.0,0.36248,0.85481,-0.37137,0.49233,1,-0.07964,0.99546,0.05213,0.38992,0.83361,-0.39122,-0.20931,0.03443,-0.97724,0.03522,-1.73383,-0.211,-0.21085,0.61896,-0.75659,0.25561,0.89448,-0.36685,-0.09842,0.99511,0.0078,0.26831,0.89415,-0.35847,-0.03657,0.7019,0.71133,0.30767,0.89737,-0.31633,-0.15063,0.63735,0.75571,0.34802,0.88141,-0.31936,-0.38936,0.61675,0.68412,0.38909,0.85749,-0.33664
12.0,0.34374,0.86465,-0.36637,0.46158,1,-0.08107,0.99464,0.0641,0.39149,0.83349,-0.3899,-0.23157,0.04375,-0.97183,0.04499,-1.75753,-0.23392,-0.22817,0.62168,-0.7493,0.25351,0.89457,-0.36808,-0.14966,0.98647,-0.0669,0.24901,0.88772,-0.38723,-0.1403,0.90482,0.40201,0.29658,0.89553,-0.33175,-0.19814,0.80737,0.55578,0.34247,0.88118,-0.32594,-0.40813,0.73333,0.54374,0.38795,0.85757,-0.33775
12.0,0.33411,0.86727,-0.36908,0.50563,0.92007,-0.06912,0.99629,0.05132,0.39204,0.83423,-0.38778,-0.27241,0.03064,-0.96169,0.03185,-1.68279,-0.27603,-0.25526,0.60463,-0.7545,0.25213,0.89548,-0.3668,-0.1376,0.98886,-0.05671,0.23488,0.88504,-0.40191,0.10727,0.5641,0.81871,0.29556,0.8958,-0.33194,-0.02106,0.52931,0.84817,0.342,0.88148,-0.32564,-0.25758,0.52982,0.80805,0.38746,0.85775,-0.33786
12.0,0.33764,0.86552,-0.36998,0.52398,0.82468,-0.04413,0.99764,0.05259,0.39115,0.83594,-0.38496,-0.28072,0.03814,-0.95903,0.03975,-1.70583,-0.28475,-0.24708,0.61607,-0.74794,0.24975,0.89668,-0.3655,-0.10306,0.99378,-0.04223,0.22766,0.88429,-0.40767,0.16897,0.44973,0.87704,0.29843,0.8966,-0.32718,0.03886,0.41394,0.90947,0.34459,0.88189,-0.32176,-0.20043,0.44725,0.87166,0.38746,0.85804,-0.3371
12.0,0.34738,0.86142,-0.37052,0.5892,0.90092,0.03222,0.99859,0.04212,0.38713,0.83888,-0.38263,-0.28055,0.04949,-0.95856,0.05158,-1.7454,-0.28472,-0.19709,0.63178,-0.74968,0.24823,0.89791,-0.3635,0.0124,0.99985,0.01237,0.22271,0.88411,-0.41079,0.16843,0.54176,0.82349,0.30299,0.89756,-0.32029,0.05797,0.44369,0.89431,0.3483,0.88199,-0.31745,-0.18456,0.4933,0.85006,0.38773,0.85829,-0.33616
12.0,0.34547,0.86561,-0.36245,0.39383,1,0.05314,0.99587,0.07368,0.38081,0.84246,-0.38112,-0.24771,0.08462,-0.96513,0.08745,-1.89998,-0.25123,-0.13353,0.6611,-0.73832,0.24697,0.89928,-0.36097,-0.01023,0.99543,-0.09496,0.21972,0.88398,-0.41267,0.055,0.78659,0.61503,0.29453,0.89882,-0.32461,-0.08488,0.82783,0.55452,0.34174,0.88296,-0.32186,-0.31122,0.83841,0.44744,0.38475,0.85873,-0.33845
12.0,0.32112,0.88443,-0.33863,0.32825,0.30808,0.02605,0.99241,0.12018,0.37815,0.84427,-0.37975,-0.21338,0.12297,-0.9692,0.1262,-2.09358,-0.21671,-0.24549,0.69514,-0.67566,0.23152,0.90952,-0.34521,-0.09344,0.97239,-0.21382,0.21835,0.88332,-0.41482,-0.15878,0.98307,-0.09145,0.27793,0.89511,-0.34863,-0.18313,0.9797,-0.08152,0.32819,0.87975,-0.344,-0.21634,0.95885,-0.18383,0.37984,0.85649,-0.34949
12.0,0.32259,0.89003,-0.32215,0.19094,0.18741,0.00425,0.98539,0.17024,0.37898,0.8443,-0.37886,-0.19819,0.16769,-0.96571,0.17193,-2.27303,-0.20242,-0.28093,0.72088,-0.63358,0.22045,0.91632,-0.3343,-0.14242,0.95995,-0.24127,0.21619,0.88226,-0.41818,-0.20628,0.95763,-0.201,0.27137,0.89105,-0.36387,-0.20259,0.95821,-0.20195,0.32555,0.87758,-0.35196,-0.16668,0.94414,-0.2843,0.37925,0.85074,-0.36389
12.0,0.32669,0.88719,-0.32584,0.27162,0.25135,-0.00664,0.9851,0.17188,0.38266,0.84276,-0.37859,-0.19376,0.16735,-0.96667,0.17143,-2.2832,-0.19782,-0.2752,0.72063,-0.63636,0.21605,0.91921,-0.32921,-0.14039,0.96772,-0.20932,0.21443,0.88101,-0.42171,-0.20449,0.96635,-0.15605,0.26619,0.88678,-0.37785,-0.21265,0.96062,-0.17884,0.32211,0.87337,-0.36533,-0.16961,0.94017,-0.29548,0.38124,0.83675,-0.39308
12.0,0.34049,0.87126,-0.35351,0.45727,0.55815,-0.00472,0.99146,0.13034,0.38382,0.84164,-0.3799,-0.18522,0.12722,-0.97443,0.12983,-2.17266,-0.18784,-0.2546,0.69448,-0.67296,0.21713,0.9175,-0.33323,-0.0688,0.995,-0.07242,0.21446,0.88035,-0.42308,-0.13596,0.9682,0.21001,0.26511,0.88615,-0.38007,-0.20283,0.9707,0.12883,0.32099,0.87256,-0.36826,-0.30673,0.95153,0.02238,0.37719,0.8355,-0.39958
12.0,0.3494,0.86478,-0.36067,0.53801,0.85556,0.00669,0.99409,0.10832,0.38403,0.84085,-0.38143,-0.18107,0.10773,-0.97755,0.10976,-2.10751,-0.18315,-0.1138,0.68758,-0.71714,0.23371,0.90803,-0.34764,-0.03579,0.99774,-0.05693,0.21626,0.87959,-0.42374,-0.10881,0.95277,0.28353,0.26504,0.88616,-0.38011,-0.18151,0.92858,0.32371,0.32089,0.87255,-0.36836,-0.34272,0.92071,0.18666,0.3757,0.83712,-0.39758
12.0,0.35636,0.86117,-0.36249,0.6,1,-0.00035,0.99329,0.11561,0.38453,0.83968,-0.3835,-0.17799,0.1137,-0.97744,0.1158,-2.13927,-0.18012,-0.13012,0.6945,-0.70763,0.24456,0.90259,-0.35429,-0.01017,0.99828,0.0578,0.21755,0.87948,-0.4233,-0.0882,0.89482,0.43763,0.26503,0.88621,-0.37998,-0.17661,0.86521,0.46927,0.32088,0.87256,-0.36834,-0.37474,0.85397,0.36096,0.37538,0.83764,-0.39679
12.0,0.36007,0.85922,-0.36344,0.66979,1,-0.04728,0.9907,0.12759,0.38957,0.83606,-0.38631,-0.19336,0.11624,-0.97422,0.11875,-2.11206,-0.19593,-0.17916,0.698,-0.69332,0.24403,0.90252,-0.35483,-0.03768,0.99126,0.12646,0.21839,0.87968,-0.42246,-0.10188,0.82207,0.5602,0.26526,0.88637,-0.37946,-0.20253,0.80594,0.55627,0.32093,0.87264,-0.36811,-0.41292,0.75691,0.50655,0.37532,0.83804,-0.39601
12.0,0.36392,0.85799,-0.36251,0.59401,1,-0.06602,0.98967,0.12726,0.39709,0.83216,-0.38707,-0.21726,0.11022,-0.96987,0.11316,-2.04028,-0.22037,-0.19338,0.6929,-0.69462,0.24872,0.9016,-0.35392,-0.0847,0.99596,0.02998,0.21886,0.87972,-0.42213,-0.09888,0.79123,0.60347,0.26573,0.88669,-0.37837,-0.21094,0.80812,0.54995,0.3214,0.8734,-0.36588,-0.42036,0.77625,0.46983,0.37521,0.8388,-0.39449
12.0,0.36757,0.85675,-0.36178,0.52089,1,-0.06072,0.99,0.12732,0.40036,0.8307,-0.38685,-0.22239,0.11093,-0.96863,0.11403,-2.0335,-0.22568,-0.20065,0.69016,-0.69529,0.25059,0.90118,-0.35366,-0.10236,0.9935,-0.04971,0.21905,0.87968,-0.42212,-0.07511,0.75438,0.65212,0.26637,0.88705,-0.37708,-0.19721,0.77915,0.59501,0.32199,0.87402,-0.36387,-0.4156,0.75865,0.50172,0.37517,0.83983,-0.39235
12.0,0.36974,0.8559,-0.36156,0.52863,1,-0.06096,0.98967,0.12973,0.40243,0.82986,-0.38651,-0.22444,0.11305,-0.96791,0.11627,-2.03739,-0.22786,-0.21091,0.68897,-0.69343,0.25084,0.90118,-0.35348,-0.0996,0.9945,-0.03232,0.21931,0.8796,-0.42215,-0.05921,0.71766,0.69387,0.26744,0.88756,-0.37512,-0.18817,0.74946,0.63474,0.32251,0.8744,-0.3625,-0.41137,0.72981,0.54603,0.37522,0.84042,-0.39103
12.0,0.37141,0.85575,-0.3602,0.50338,1,-0.07121,0.98831,0.13481,0.40401,0.82928,-0.3861,-0.22876,0.11536,-0.96662,0.11879,-2.03788,-0.23238,-0.20002,0.69073,-0.69489,0.25339,0.90044,-0.35357,-0.1177,0.99154,-0.05466,0.21959,0.87953,-0.42215,-0.05316,0.6842,0.72736,0.26841,0.88801,-0.37334,-0.18369,0.70163,0.68846,0.32274,0.87457,-0.36189,-0.41217,0.68185,0.60431,0.37526,0.84064,-0.39051
12.0,0.37518,0.85531,-0.35732,0.45848,1,-0.0892,0.98581,0.14221,0.40631,0.82861,-0.38511,-0.23292,0.11817,-0.96529,0.12182,-2.04031,-0.23677,-0.19156,0.68987,-0.69813,0.25874,0.89892,-0.35355,-0.16023,0.97857,-0.1293,0.21969,0.87946,-0.42224,-0.06161,0.67126,0.73865,0.27012,0.88873,-0.37039,-0.18078,0.66236,0.72705,0.32323,0.87483,-0.36082,-0.41985,0.66798,0.61443,0.37539,0.84107,-0.38947
12.0,0.38632,0.85099,-0.35577,0.46975,0.99762,-0.09384,0.98578,0.13938,0.41415,0.82594,-0.38249,-0.23039,0.11469,-0.96632,0.11814,-2.03271,-0.23405,-0.21904,0.68147,-0.6983,0.2649,0.89698,-0.35392,-0.15741,0.98239,-0.1006,0.22054,0.87905,-0.42265,-0.04303,0.62115,0.78251,0.27747,0.89066,-0.3602,-0.15897,0.59498,0.78786,0.32645,0.87575,-0.35567,-0.40631,0.6043,0.68537,0.37661,0.84254,-0.38509
12.0,0.41222,0.83977,-0.35335,0.44231,0.74414,-0.05829,0.99122,0.11865,0.44481,0.81422,-0.37308,-0.20892,0.10411,-0.97237,0.10666,-2.03309,-0.21164,-0.21095,0.66915,-0.71256,0.29324,0.88852,-0.3529,-0.11394,0.98743,-0.10955,0.23953,0.87289,-0.42508,0.05312,0.40058,0.91472,0.33753,0.88784,-0.31275,-0.08193,0.35883,0.9298,0.3731,0.87226,-0.31617,-0.33925,0.46232,0.81925,0.40141,0.84572,-0.35161
12.0,0.43526,0.82996,-0.34889,0.53847,0.80745,-0.05892,0.99265,0.10567,0.47013,0.80342,-0.36538,-0.20217,0.09179,-0.97504,0.09387,-1.997,-0.20445,-0.22795,0.64804,-0.72669,0.31366,0.88164,-0.35261,-0.08927,0.99517,-0.04086,0.28321,0.86247,-0.41945,0.06855,0.37333,0.92516,0.38543,0.87577,-0.29065,-0.04775,0.2965,0.95384,0.42679,0.85757,-0.28709,-0.30326,0.41257,0.85896,0.44729,0.83718,-0.31475
12.0,0.44241,0.8268,-0.3474,0.64378,1,-0.06256,0.99316,0.09854,0.47984,0.79948,-0.36137,-0.21242,0.08322,-0.97363,0.08527,-1.9442,-0.21481,-0.22917,0.63533,-0.73745,0.32526,0.87749,-0.35244,-0.04997,0.99387,0.09857,0.29969,0.863,-0.40671,0.07861,0.34592,0.93496,0.39901,0.87102,-0.28656,-0.02845,0.26475,0.9639,0.44294,0.85135,-0.28109,-0.27599,0.37636,0.88441,0.46596,0.83056,-0.30503
12.0,0.43927,0.83047,-0.34257,0.58195,0.85485,-0.08602,0.98933,0.11757,0.47858,0.8013,-0.359,-0.20735,0.09764,-0.97338,0.09998,-2.01091,-0.20988,-0.19241,0.64255,-0.7417,0.33266,0.87497,-0.3518,-0.10261,0.99472,-0.00222,0.30743,0.86365,-0.39949,0.05153,0.33727,0.94,0.40114,0.87169,-0.2815,-0.0665,0.26311,0.96247,0.44311,0.85277,-0.27647,-0.27807,0.32972,0.9022,0.46957,0.83079,-0.29882
12.0,0.43519,0.83113,-0.34616,0.62277,0.92806,-0.10102,0.99023,0.0961,0.47586,0.8026,-0.3597,-0.20244,0.07412,-0.97649,0.07576,-1.92176,-0.20442,-0.24616,0.61541,-0.74878,0.3211,0.87735,-0.35658,-0.10517,0.99381,0.03568,0.30725,0.86334,-0.40031,0.04554,0.33583,0.94082,0.39878,0.87297,-0.28087,-0.06859,0.27495,0.95901,0.43975,0.85466,-0.27601,-0.26731,0.32052,0.90874,0.46884,0.83175,-0.29728
12.0,0.43162,0.83133,-0.35014,0.67487,1,-0.10472,0.99185,0.07262,0.47369,0.80365,-0.36023,-0.20815,0.04955,-0.97684,0.05068,-1.80449,-0.20995,-0.24734,0.60065,-0.76029,0.31691,0.87789,-0.359,-0.08895,0.99263,0.08226,0.30723,0.86345,-0.40008,0.05973,0.35043,0.93468,0.39741,0.87315,-0.28228,-0.05131,0.28954,0.95579,0.43788,0.85506,-0.27773,-0.26891,0.35717,0.89449,0.46682,0.83256,-0.29821
12.0,0.42943,0.83194,-0.35138,0.65553,0.97653,-0.09975,0.99292,0.06457,0.4713,0.80479,-0.36082,-0.21063,0.04235,-0.97665,0.04333,-1.76921,-0.21241,-0.24089,0.6009,-0.76216,0.31454,0.87866,-0.3592,-0.09329,0.99475,0.04213,0.30696,0.86369,-0.39977,0.05762,0.36857,0.92781,0.39476,0.87369,-0.28429,-0.05022,0.28933,0.95591,0.43579,0.85554,-0.27953,-0.28411,0.37212,0.88363,0.46387,0.83364,-0.29978
12.0,0.42788,0.8334,-0.34979,0.60167,0.86389,-0.10495,0.99192,0.07131,0.47003,0.80545,-0.36101,-0.20077,0.0491,-0.97841,0.05014,-1.81065,-0.20239,-0.20252,0.6157,-0.76151,0.31608,0.87842,-0.35842,-0.12255,0.99131,-0.04783,0.30623,0.86373,-0.40024,0.03538,0.38987,0.92019,0.39191,0.87471,-0.2851,-0.08217,0.29848,0.95087,0.43376,0.8565,-0.27974,-0.31136,0.35547,0.8813,0.46186,0.83462,-0.30017
12.0,0.42771,0.83422,-0.34807,0.59295,0.85565,-0.12398,0.9893,0.07695,0.47025,0.80559,-0.36041,-0.19536,0.0517,-0.97937,0.05274,-1.82951,-0.19689,-0.23107,0.61464,-0.7542,0.31514,0.87905,-0.35772,-0.15069,0.98693,-0.0572,0.30518,0.86358,-0.40137,0.01512,0.42024,0.90729,0.38897,0.87574,-0.28598,-0.09637,0.303,0.94811,0.43117,0.85784,-0.27966,-0.3214,0.34575,0.88157,0.46024,0.83557,-0.3
12.0,0.42832,0.83413,-0.34752,0.5933,0.87474,-0.12798,0.98881,0.07667,0.47094,0.80549,-0.35974,-0.19218,0.05111,-0.98003,0.05211,-1.83074,-0.19364,-0.25249,0.60975,-0.7513,0.31196,0.88015,-0.35779,-0.1519,0.98759,-0.03986,0.3041,0.86346,-0.40244,0.01583,0.39645,0.91792,0.38796,0.87607,-0.28633,-0.09422,0.288,0.95298,0.43041,0.85831,-0.27938,-0.31335,0.33733,0.8877,0.4598,0.83596,-0.29959
12.0,0.42749,0.83457,-0.34749,0.60557,0.90387,-0.13911,0.98733,0.07633,0.47172,0.8053,-0.35912,-0.18877,0.04923,-0.98079,0.05015,-1.8259,-0.19014,-0.26248,0.60631,-0.75066,0.31059,0.88063,-0.3578,-0.15462,0.98793,-0.00977,0.30366,0.86346,-0.40277,0.01093,0.38662,0.92218,0.38739,0.8763,-0.28641,-0.09706,0.27926,0.9553,0.43,0.85861,-0.27908,-0.3157,0.329,0.89,0.45951,0.8363,-0.29909
12.0,0.42682,0.8346,-0.34824,0.61811,0.90482,-0.13927,0.98766,0.07165,0.4719,0.80527,-0.35895,-0.18547,0.04506,-0.98162,0.04588,-1.80916,-0.18674,-0.25909,0.60524,-0.7527,0.30982,0.88074,-0.3582,-0.15352,0.98807,-0.01244,0.30329,0.86347,-0.40304,0.00869,0.40045,0.91628,0.38704,0.87641,-0.28654,-0.10309,0.28528,0.95288,0.42971,0.85875,-0.27909,-0.32598,0.33222,0.88508,0.4593,0.83649,-0.29889
12.0,0.42658,0.83423,-0.34941,0.65888,0.9308,-0.13933,0.98795,0.06736,0.4718,0.80527,-0.35909,-0.18256,0.04123,-0.98233,0.04195,-1.79291,-0.18375,-0.26794,0.60017,-0.75366,0.30883,0.88092,-0.35861,-0.14715,0.98907,0.00933,0.30294,0.86346,-0.40331,0.01613,0.38297,0.92362,0.3867,0.87648,-0.28678,-0.09249,0.28293,0.95467,0.42953,0.85879,-0.27924,-0.31724,0.33654,0.88662,0.45913,0.83658,-0.29889
12.0,0.42415,0.83476,-0.3511,0.76053,1,-0.14042,0.98895,0.04757,0.4717,0.8054,-0.35892,-0.19103,0.02008,-0.98138,0.02046,-1.67555,-0.19225,-0.2713,0.58006,-0.76806,0.30857,0.88084,-0.35904,-0.11783,0.98909,0.08844,0.30289,0.86352,-0.40322,0.01779,0.36609,0.93041,0.38659,0.87648,-0.28693,-0.09636,0.29139,0.95174,0.42942,0.8588,-0.27939,-0.32176,0.36539,0.87347,0.45889,0.83669,-0.29895
12.0,0.4249,0.83464,-0.35049,0.72748,1,-0.13543,0.99035,0.02937,0.47174,0.8055,-0.35865,-0.19215,0.00283,-0.98136,0.00288,-1.58552,-0.19336,-0.26606,0.56218,-0.78305,0.30865,0.88061,-0.35952,-0.09914,0.98872,0.11228,0.30293,0.86361,-0.403,0.0203,0.37653,0.92618,0.38661,0.87648,-0.2869,-0.11373,0.33054,0.93691,0.42937,0.85884,-0.27936,-0.32763,0.38274,0.86381,0.45876,0.83678,-0.29888
12.0,0.42726,0.83381,-0.34959,0.66918,1,-0.11952,0.99253,0.02431,0.47179,0.80557,-0.35842,-0.19062,0.00109,-0.98166,0.00111,-1.57651,-0.1918,-0.23999,0.56334,-0.7906,0.31023,0.87987,-0.35999,-0.09906,0.99364,0.0535,0.303,0.86368,-0.4028,0.02323,0.38606,0.92218,0.38667,0.87648,-0.28683,-0.12108,0.36392,0.92353,0.42927,0.85891,-0.27929,-0.32544,0.39896,0.85728,0.45867,0.83687,-0.29879
12.0,0.42951,0.83343,-0.34774,0.60648,0.95963,-0.10896,0.99353,0.03196,0.47191,0.80575,-0.35786,-0.18337,0.01151,-0.98298,0.01171,-1.63351,-0.18443,-0.22552,0.56472,-0.79388,0.31268,0.87871,-0.36069,-0.10744,0.99412,-0.01382,0.30301,0.86368,-0.40279,0.01852,0.38464,0.92288,0.38679,0.87647,-0.28669,-0.12923,0.35375,0.92637,0.42914,0.85902,-0.27913,-0.3216,0.38122,0.86674,0.45864,0.83694,-0.29862
12.0,0.43209,0.83226,-0.34733,0.57484,0.9188,-0.09742,0.99466,0.0341,0.472,0.80596,-0.35726,-0.18123,0.01596,-0.98331,0.01623,-1.65864,-0.18226,-0.21612,0.567,-0.79486,0.31462,0.87772,-0.36141,-0.10642,0.99298,-0.05161,0.30302,0.86367,-0.40281,0.02646,0.38852,0.92106,0.38696,0.87646,-0.28651,-0.11339,0.34824,0.93052,0.4291,0.85911,-0.27893,-0.30322,0.3816,0.87318,0.45871,0.83698,-0.2984
12.0,0.43128,0.83181,-0.34942,0.62853,1,-0.08251,0.99589,0.03744,0.47185,0.8062,-0.35694,-0.17989,0.02207,-0.98344,0.02244,-1.69288,-0.18092,-0.20636,0.57029,-0.7951,0.31613,0.87681,-0.3623,-0.06707,0.99679,0.0436,0.30303,0.86366,-0.40283,0.03616,0.3883,0.92082,0.38713,0.87643,-0.28636,-0.0969,0.34616,0.93316,0.42911,0.85915,-0.27879,-0.29124,0.38497,0.87577,0.4588,0.83698,-0.29825
12.0,0.42384,0.8337,-0.35398,0.82399,1,-0.08994,0.99484,0.04689,0.47133,0.80638,-0.35722,-0.17852,0.03021,-0.98347,0.03071,-1.73845,-0.17956,-0.19114,0.58352,-0.78928,0.31631,0.87645,-0.36301,-0.00851,0.9569,0.29031,0.30304,0.86366,-0.40281,0.01189,0.40944,0.91226,0.38708,0.87643,-0.28643,-0.1129,0.35986,0.92615,0.42902,0.85917,-0.27886,-0.32161,0.37929,0.86759,0.45877,0.83698,-0.29832
12.0,0.41501,0.83461,-0.36221,1,1,-0.09639,0.99426,0.04647,0.47068,0.80645,-0.3579,-0.19243,0.02719,-0.98093,0.02771,-1.71117,-0.19371,-0.18683,0.59241,-0.78367,0.31602,0.87634,-0.36355,0.13076,0.70557,0.69648,0.30311,0.8637,-0.40268,0.02105,0.40745,0.91298,0.38687,0.87643,-0.28671,-0.10954,0.35726,0.92756,0.42884,0.85919,-0.27909,-0.31899,0.37595,0.87001,0.45861,0.83699,-0.29855
12.0,0.40866,0.83606,-0.36606,1,0.9695,-0.10555,0.99254,0.06102,0.46997,0.80646,-0.35883,-0.19853,0.0391,-0.97931,0.0399,-1.76523,-0.20002,-0.14502,0.61996,-0.77112,0.31594,0.87616,-0.36404,0.18247,0.49643,0.84868,0.30464,0.86432,-0.40018,0.02982,0.37208,0.92772,0.38663,0.87643,-0.28703,-0.10737,0.33097,0.93751,0.42855,0.85921,-0.27947,-0.31858,0.38573,0.86586,0.45828,0.83701,-0.29899
12.0,0.40267,0.8384,-0.36735,1,0.96975,-0.12023,0.98818,0.09509,0.46895,0.80636,-0.36036,-0.19091,0.07099,-0.97904,0.07238,-1.92678,-0.19258,-0.06002,0.66335,-0.7459,0.32196,0.87464,-0.3624,0.16871,0.40267,0.89967,0.31056,0.86666,-0.39045,0.02831,0.30333,0.95247,0.38624,0.87649,-0.28739,-0.11406,0.28385,0.95206,0.42797,0.8593,-0.28008,-0.35603,0.40696,0.84121,0.45726,0.83719,-0.30003
12.0,0.39787,0.84089,-0.36689,1,0.95797,-0.12659,0.98304,0.13267,0.46764,0.80618,-0.36249,-0.18351,0.10823,-0.97704,0.11032,-2.10368,-0.18566,-0.06158,0.69374,-0.71759,0.32456,0.87448,-0.36047,0.1352,0.33787,0.93143,0.31694,0.86928,-0.37935,0.02348,0.2518,0.96749,0.38586,0.87657,-0.28765,-0.13405,0.25244,0.95828,0.42723,0.85945,-0.28074,-0.39105,0.40417,0.82688,0.45566,0.83755,-0.30147
12.0,0.39425,0.844,-0.36363,1,1,-0.1307,0.97494,0.18005,0.46394,0.80602,-0.36756,-0.17215,0.15653,-0.97255,0.15958,-2.30869,-0.1752,-0.09315,0.72738,-0.67988,0.3231,0.8765,-0.35686,0.11997,0.33632,0.93407,0.32621,0.87423,-0.35958,0.01196,0.20118,0.97948,0.38469,0.87697,-0.28799,-0.13979,0.22321,0.96469,0.42516,0.86007,-0.28197,-0.41096,0.36413,0.83578,0.45221,0.83859,-0.30374
12.0,0.39091,0.84614,-0.36226,1,1,-0.11696,0.97117,0.20773,0.45882,0.80625,-0.37342,-0.16014,0.18798,-0.96903,0.19161,-2.43601,-0.16378,-0.1372,0.74566,-0.65205,0.30988,0.88365,-0.35092,0.12615,0.37405,0.91879,0.33163,0.87804,-0.34506,-0.00119,0.21094,0.9775,0.38291,0.87763,-0.28835,-0.14124,0.26454,0.95398,0.42312,0.86078,-0.28291,-0.41876,0.29836,0.85768,0.44824,0.83968,-0.30663
12.0,0.38739,0.84795,-0.36181,1,1,-0.10815,0.97027,0.21651,0.45246,0.80722,-0.37905,-0.15565,0.19857,-0.96765,0.2024,-2.47677,-0.15949,-0.14633,0.75253,-0.64209,0.29945,0.88832,-0.34817,0.11277,0.46241,0.87947,0.33246,0.88179,-0.33453,-0.00912,0.26369,0.96456,0.37917,0.87895,-0.28928,-0.17075,0.34193,0.92408,0.42007,0.86168,-0.28469,-0.46942,0.43989,0.7656,0.4435,0.84093,-0.31009
12.0,0.38111,0.8529,-0.35682,0.97606,1,-0.10866,0.97214,0.2077,0.43996,0.81141,-0.38478,-0.16343,0.18862,-0.96836,0.19237,-2.42762,-0.1672,-0.1642,0.7524,-0.63791,0.28383,0.89341,-0.34823,-0.04396,0.9172,0.39599,0.30667,0.88747,-0.34403,-0.10809,0.59036,0.79987,0.35403,0.8852,-0.30181,-0.28546,0.80438,0.52104,0.39411,0.86723,-0.30428,-0.47255,0.79965,0.37048,0.42427,0.84541,-0.32446
12.0,0.38187,0.85997,-0.33857,0.72437,0.79709,-0.10742,0.96775,0.22786,0.43159,0.81497,-0.38672,-0.15651,0.20987,-0.96512,0.21412,-2.50082,-0.16076,-0.22234,0.76319,-0.60671,0.2694,0.89946,-0.34408,-0.12592,0.98767,0.09304,0.28168,0.885,-0.37071,-0.25189,0.96583,0.06099,0.30751,0.88295,-0.35472,-0.29177,0.95502,0.05308,0.36485,0.86818,-0.33636,-0.36367,0.93129,0.02109,0.41165,0.8453,-0.3406
12.0,0.38233,0.86303,-0.33016,0.6061,0.6762,-0.1112,0.96492,0.23784,0.43054,0.81581,-0.38612,-0.15192,0.22001,-0.9636,0.22447,-2.53727,-0.15637,-0.24274,0.76129,-0.60126,0.26755,0.90048,-0.34286,-0.15884,0.9873,0.00116,0.27795,0.88402,-0.37583,-0.26141,0.96415,-0.04565,0.30182,0.88049,-0.36557,-0.28131,0.95578,-0.08572,0.36124,0.86716,-0.34284,-0.26959,0.94451,-0.18769,0.40915,0.84367,-0.34758
12.0,0.38273,0.86353,-0.32838,0.58664,0.64882,-0.10807,0.96505,0.23876,0.4306,0.81607,-0.3855,-0.15447,0.22094,-0.96298,0.22554,-2.53144,-0.15906,-0.24318,0.7602,-0.60247,0.26689,0.90077,-0.34261,-0.15896,0.98722,-0.0109,0.27335,0.88243,-0.38288,-0.26084,0.96416,-0.04865,0.29769,0.87816,-0.37445,-0.27912,0.95481,-0.10216,0.35773,0.86573,-0.35007,-0.25527,0.94116,-0.22149,0.40774,0.84194,-0.35338
12.0,0.38291,0.86368,-0.32777,0.57987,0.62282,-0.10521,0.96549,0.23825,0.43038,0.81638,-0.3851,-0.15211,0.22113,-0.96331,0.22565,-2.53906,-0.15661,-0.24069,0.7604,-0.60321,0.26674,0.90087,-0.34247,-0.1593,0.98669,-0.03263,0.26992,0.88109,-0.38836,-0.25721,0.9647,-0.0565,0.2937,0.8759,-0.3828,-0.27581,0.95557,-0.10399,0.35085,0.8628,-0.36398,-0.25189,0.94187,-0.22234,0.40631,0.84001,-0.35958
12.0,0.38258,0.86355,-0.3285,0.59513,0.63966,-0.10392,0.96541,0.23912,0.43009,0.8166,-0.38495,-0.15039,0.2224,-0.96329,0.2269,-2.547,-0.15488,-0.22495,0.7652,-0.60321,0.26724,0.90074,-0.34243,-0.1598,0.9868,-0.02614,0.26705,0.88007,-0.39264,-0.2557,0.96524,-0.05416,0.28879,0.87319,-0.39261,-0.27676,0.95712,-0.08561,0.34671,0.86117,-0.37172,-0.26456,0.94554,-0.18965,0.40536,0.839,-0.363
12.0,0.37399,0.86589,-0.33222,0.54275,0.60724,-0.08933,0.97171,0.21862,0.42675,0.81814,-0.38539,-0.16788,0.20166,-0.96496,0.20602,-2.44737,-0.17225,-0.21463,0.75689,-0.61729,0.26577,0.90112,-0.34255,-0.1521,0.98668,-0.05763,0.26166,0.8788,-0.39905,-0.25009,0.96299,-0.10054,0.28572,0.87179,-0.39793,-0.27018,0.95735,-0.10238,0.34365,0.86023,-0.37671,-0.27766,0.94602,-0.16716,0.40384,0.83812,-0.3667
12.0,0.36075,0.8697,-0.33688,0.53226,0.54379,-0.06682,0.97706,0.20222,0.41458,0.82341,-0.38745,-0.17109,0.18845,-0.96706,0.19246,-2.40444,-0.17511,-0.16057,0.75791,-0.63229,0.26226,0.9019,-0.3432,-0.14043,0.98513,-0.09904,0.25388,0.87763,-0.40659,-0.22804,0.9693,-0.09193,0.27865,0.87009,-0.40656,-0.24902,0.9655,-0.0762,0.33939,0.85945,-0.3823,-0.26776,0.95327,-0.13992,0.40042,0.83731,-0.37225
12.0,0.358,0.86977,-0.33961,0.49129,0.51336,-0.04699,0.97748,0.20573,0.40273,0.82849,-0.38911,-0.1452,0.19708,-0.96957,0.20053,-2.50662,-0.14865,-0.11358,0.76667,-0.63192,0.25806,0.9029,-0.34376,-0.12775,0.98488,-0.11703,0.24495,0.87655,-0.41431,-0.20024,0.97966,0.01311,0.2743,0.8699,-0.40992,-0.23355,0.97043,0.06097,0.33683,0.85945,-0.38456,-0.28875,0.95686,-0.03235,0.3966,0.83726,-0.37644
12.0,0.35304,0.86924,-0.34609,0.52082,0.77513,-0.05496,0.97664,0.20774,0.39621,0.83122,-0.38998,-0.13563,0.19883,-0.9706,0.20205,-2.54295,-0.13884,-0.07044,0.77588,-0.62694,0.25697,0.90332,-0.34348,-0.11177,0.99227,-0.05395,0.24249,0.87657,-0.41573,-0.19285,0.95297,0.23381,0.27378,0.87047,-0.40905,-0.25154,0.92857,0.27292,0.33633,0.85979,-0.38423,-0.36972,0.9173,0.14788,0.39378,0.83885,-0.37585
12.0,0.34386,0.8707,-0.35163,0.63921,0.95854,-0.05772,0.97789,0.201,0.38521,0.83559,-0.39166,-0.13855,0.19155,-0.97166,0.19464,-2.5154,-0.14163,-0.04256,0.77567,-0.6297,0.25516,0.90389,-0.34332,-0.09328,0.99505,0.03418,0.23991,0.87717,-0.41596,-0.18212,0.92173,0.34241,0.27252,0.87178,-0.40709,-0.25356,0.89935,0.35619,0.33434,0.86123,-0.38274,-0.41661,0.85915,0.29715,0.38676,0.84327,-0.37325
12.0,0.33317,0.872,-0.35863,0.65273,1,-0.01685,0.98284,0.18367,0.36573,0.84331,-0.39378,-0.14079,0.17953,-0.97363,0.18235,-2.47656,-0.14361,-0.00318,0.76194,-0.64764,0.24788,0.90584,-0.34351,-0.03251,0.9964,0.0783,0.23734,0.87817,-0.41532,-0.11107,0.82989,0.54675,0.27189,0.87269,-0.40558,-0.20843,0.81039,0.54756,0.33231,0.86305,-0.38042,-0.40506,0.78392,0.47053,0.37695,0.8503,-0.3673
12.0,0.32375,0.87165,-0.36799,0.79558,1,0.06819,0.98759,0.14147,0.35177,0.84847,-0.39542,-0.17259,0.15134,-0.9733,0.15425,-2.29068,-0.1755,0.01102,0.72522,-0.68843,0.23952,0.90746,-0.34518,0.14075,0.92199,0.36073,0.23655,0.87884,-0.41435,-0.00249,0.81222,0.58335,0.27095,0.87496,-0.40128,-0.10773,0.79364,0.59877,0.32899,0.86664,-0.37509,-0.31485,0.81008,0.49461,0.36809,0.85614,-0.36268
12.0,0.31858,0.87119,-0.37355,1,1,0.06989,0.98936,0.1276,0.34911,0.84905,-0.39653,-0.18697,0.13863,-0.97253,0.14159,-2.20882,-0.18993,0.03022,0.71107,-0.70248,0.2376,0.90716,-0.34729,0.22636,0.71437,0.66215,0.2366,0.87978,-0.41232,0.03551,0.6902,0.72274,0.27028,0.87805,-0.39495,-0.08354,0.69869,0.71053,0.32611,0.87051,-0.36859,-0.30764,0.73513,0.60411,0.36304,0.85936,-0.36014
12.0,0.31683,0.87096,-0.37555,1,1,0.0684,0.99108,0.11442,0.34906,0.84914,-0.39638,-0.1982,0.1259,-0.97204,0.1288,-2.13671,-0.20114,0.0509,0.69619,-0.71606,0.23928,0.90594,-0.3493,0.2446,0.61131,0.75264,0.23714,0.88102,-0.40936,0.05978,0.59717,0.79988,0.27059,0.88144,-0.3871,-0.06595,0.61504,0.78573,0.32498,0.87349,-0.3625,-0.29509,0.6595,0.69136,0.36149,0.86112,-0.35748
12.0,0.31435,0.8712,-0.37709,1,1,0.07659,0.99152,0.10498,0.34871,0.84934,-0.39626,-0.20752,0.11883,-0.97099,0.12178,-2.09085,-0.21056,0.04856,0.68782,-0.72425,0.24045,0.90515,-0.35055,0.25066,0.54325,0.80128,0.23802,0.88264,-0.40533,0.08046,0.54501,0.83456,0.27147,0.88528,-0.37761,-0.04704,0.56814,0.82158,0.32418,0.87675,-0.35527,-0.27393,0.60849,0.74478,0.3605,0.8627,-0.35468
12.0,0.3123,0.87024,-0.38098,1,1,0.07149,0.99214,0.1027,0.34827,0.84931,-0.39671,-0.2057,0.11542,-0.97179,0.11822,-2.08213,-0.20859,0.07642,0.68326,-0.72616,0.24126,0.90448,-0.35172,0.21996,0.45436,0.86323,0.23907,0.88435,-0.40097,0.09415,0.43726,0.89439,0.27283,0.88833,-0.36938,-0.03709,0.4357,0.89933,0.32437,0.87953,-0.34814,-0.25387,0.49175,0.83291,0.36036,0.8638,-0.35211
12.0,0.31353,0.86833,-0.38432,1,0.98467,0.07113,0.99289,0.09545,0.34828,0.84898,-0.3974,-0.20207,0.10805,-0.97339,0.11055,-2.06182,-0.20469,0.1057,0.67505,-0.73017,0.24372,0.90304,-0.35372,0.19626,0.36995,0.90808,0.24114,0.8871,-0.39358,0.10315,0.35959,0.92739,0.27627,0.89208,-0.3576,-0.04443,0.34587,0.93723,0.32646,0.8824,-0.33881,-0.23837,0.40887,0.88091,0.36155,0.86459,-0.34896
12.0,0.31489,0.86758,-0.38491,1,1,0.0752,0.99224,0.09903,0.34869,0.84841,-0.39826,-0.19329,0.11193,-0.97474,0.11433,-2.09568,-0.19576,0.10723,0.68154,-0.72388,0.24598,0.90184,-0.35523,0.18961,0.37717,0.90653,0.24338,0.88962,-0.38645,0.09485,0.3732,0.92289,0.27892,0.89426,-0.35001,-0.0649,0.35821,0.93138,0.32788,0.88368,-0.33407,-0.26703,0.42291,0.86594,0.36257,0.86489,-0.34714
12.0,0.31452,0.86757,-0.38524,1,1,0.06906,0.99279,0.09795,0.34939,0.8476,-0.39938,-0.18738,0.10935,-0.97618,0.11155,-2.09905,-0.18964,0.10068,0.68227,-0.72413,0.24763,0.90093,-0.35639,0.18292,0.39416,0.90065,0.24686,0.89327,-0.37568,0.08411,0.39334,0.91554,0.28177,0.89653,-0.34182,-0.06674,0.37895,0.92301,0.32932,0.88503,-0.32905,-0.27084,0.43329,0.8596,0.36356,0.86523,-0.34525
12.0,0.31367,0.86811,-0.38471,1,1,0.06027,0.99321,0.09947,0.34984,0.84704,-0.40018,-0.18096,0.10887,-0.97745,0.11093,-2.11241,-0.18307,0.09337,0.68645,-0.72115,0.24826,0.90035,-0.35741,0.17263,0.40703,0.89695,0.24965,0.89645,-0.36614,0.07256,0.40354,0.91208,0.2837,0.89852,-0.33493,-0.08458,0.38504,0.91902,0.33006,0.88632,-0.32482,-0.29786,0.4353,0.84958,0.36412,0.86571,-0.34346
12.0,0.315,0.86819,-0.38344,1,1,0.06195,0.99341,0.09643,0.35029,0.84673,-0.40044,-0.17863,0.10609,-0.97818,0.10804,-2.10673,-0.18063,0.07875,0.68758,-0.72182,0.24824,0.90022,-0.35774,0.17006,0.42449,0.88932,0.25177,0.89887,-0.35867,0.06929,0.42062,0.90459,0.28491,0.89989,-0.3302,-0.09195,0.40075,0.91156,0.33037,0.8872,-0.32208,-0.31581,0.44944,0.83562,0.36431,0.86614,-0.34216
12.0,0.3161,0.868,-0.38295,1,1,0.05361,0.99434,0.09174,0.35092,0.84652,-0.40031,-0.1748,0.0998,-0.97953,0.10154,-2.08959,-0.17659,0.07496,0.68425,-0.72539,0.24794,0.90023,-0.35792,0.16108,0.44459,0.88113,0.25315,0.90044,-0.35372,0.05987,0.43722,0.89736,0.2857,0.90088,-0.3268,-0.10032,0.41227,0.90552,0.33058,0.88793,-0.31983,-0.32836,0.45731,0.82647,0.36439,0.86661,-0.3409
12.0,0.31592,0.86827,-0.38248,1,1,0.04821,0.99437,0.09433,0.3515,0.84637,-0.40013,-0.16579,0.1011,-0.98097,0.1027,-2.11839,-0.16742,0.06993,0.68771,-0.72261,0.24766,0.90024,-0.3581,0.15657,0.46814,0.86967,0.25381,0.90133,-0.35098,0.04464,0.46511,0.88412,0.28596,0.9016,-0.32456,-0.11498,0.4472,0.88702,0.33039,0.88865,-0.31804,-0.34071,0.48374,0.80617,0.36422,0.86713,-0.33975
12.0,0.31629,0.86815,-0.38246,1,1,0.05346,0.99388,0.09671,0.35176,0.84629,-0.40006,-0.15618,0.10398,-0.98224,0.10547,-2.1582,-0.15768,0.05942,0.69014,-0.72123,0.24681,0.90039,-0.35829,0.16059,0.47624,0.86453,0.25408,0.90165,-0.34996,0.03595,0.48653,0.87293,0.28595,0.90193,-0.32367,-0.12297,0.4739,0.87195,0.33008,0.88903,-0.31729,-0.35049,0.50842,0.78656,0.36404,0.86739,-0.33929
12.0,0.31559,0.86828,-0.38274,1,1,0.05534,0.99379,0.09658,0.35197,0.84622,-0.40004,-0.15134,0.10395,-0.983,0.10536,-2.17268,-0.15275,0.06175,0.68878,-0.72234,0.24588,0.90057,-0.35848,0.15607,0.46669,0.87054,0.25434,0.90192,-0.34907,0.03413,0.47902,0.87714,0.28598,0.90211,-0.32313,-0.12525,0.46691,0.87539,0.32994,0.88921,-0.31693,-0.34828,0.50354,0.79066,0.36397,0.86751,-0.33906
12.0,0.31579,0.86793,-0.38336,1,1,0.0538,0.99411,0.09403,0.35219,0.84613,-0.40004,-0.15194,0.10122,-0.98319,0.10259,-2.15846,-0.15333,0.0499,0.68614,-0.72575,0.24475,0.90073,-0.35887,0.16665,0.47046,0.86654,0.25469,0.90225,-0.34796,0.03247,0.4901,0.87106,0.28599,0.90229,-0.32261,-0.12423,0.48164,0.86752,0.3298,0.88937,-0.31664,-0.34677,0.51929,0.78108,0.36391,0.8676,-0.33887
12.0,0.31625,0.86783,-0.38321,1,1,0.05345,0.99415,0.09382,0.35243,0.846,-0.40009,-0.15344,0.10101,-0.98298,0.1024,-2.15302,-0.15484,0.04263,0.68584,-0.7265,0.24356,0.90086,-0.35934,0.17448,0.48344,0.85781,0.25494,0.90245,-0.34726,0.03221,0.49897,0.86602,0.28597,0.90243,-0.32224,-0.12072,0.49212,0.86212,0.32968,0.88946,-0.3165,-0.34482,0.53025,0.77455,0.36384,0.86767,-0.33877
12.0,0.31542,0.86788,-0.38378,1,1,0.05339,0.99409,0.09448,0.35258,0.84592,-0.40014,-0.15612,0.10176,-0.98248,0.1032,-2.14842,-0.15758,0.04213,0.6862,-0.72619,0.24287,0.90095,-0.35958,0.17594,0.4769,0.86117,0.25515,0.9026,-0.3467,0.03484,0.49528,0.86804,0.28596,0.90255,-0.32193,-0.11564,0.49183,0.86298,0.32961,0.88952,-0.31641,-0.33935,0.53082,0.77658,0.3638,0.86771,-0.33871
12.0,0.31525,0.86786,-0.38398,1,1,0.04472,0.994,0.09982,0.35267,0.84585,-0.40021,-0.1533,0.10557,-0.98252,0.10703,-2.17384,-0.15478,0.05909,0.6905,-0.72092,0.24247,0.90096,-0.35984,0.16117,0.46566,0.87016,0.25526,0.90269,-0.34639,0.02923,0.47969,0.87695,0.28595,0.90261,-0.32175,-0.12044,0.46829,0.87533,0.32957,0.88955,-0.31636,-0.34421,0.50285,0.79288,0.36377,0.86774,-0.33867
12.0,0.31558,0.8679,-0.38363,1,1,0.04596,0.99366,0.10262,0.35274,0.84578,-0.40028,-0.15575,0.1086,-0.98181,0.11016,-2.17969,-0.15733,0.04671,0.69382,-0.71863,0.24225,0.90096,-0.35999,0.15924,0.46857,0.86896,0.25533,0.90276,-0.34617,0.03188,0.47774,0.87792,0.28595,0.90265,-0.32163,-0.12255,0.46179,0.87848,0.32954,0.88958,-0.3163,-0.34334,0.49564,0.79779,0.36376,0.86776,-0.33862
12.0,0.31566,0.8679,-0.38355,1,1,0.05061,0.99351,0.10184,0.35279,0.84572,-0.40036,-0.15945,0.1087,-0.9812,0.11034,-2.16918,-0.16109,0.04129,0.69226,-0.72046,0.24188,0.90102,-0.36009,0.16756,0.47587,0.86341,0.25544,0.90288,-0.34577,0.03655,0.4851,0.8737,0.28594,0.90271,-0.32148,-0.11656,0.47011,0.87488,0.3295,0.88963,-0.31621,-0.33493,0.50305,0.79672,0.36374,0.86779,-0.33857
12.0,0.31589,0.86774,-0.38372,1,1,0.05386,0.99373,0.098,0.35283,0.84567,-0.40044,-0.15973,0.10545,-0.98151,0.10703,-2.1543,-0.16133,0.04156,0.68873,-0.72382,0.2416,0.90104,-0.36023,0.17457,0.47935,0.86009,0.25561,0.90305,-0.3452,0.03816,0.49167,0.86995,0.28594,0.90278,-0.32129,-0.11231,0.47291,0.87393,0.32944,0.88969,-0.3161,-0.32944,0.50534,0.79756,0.36371,0.86784,-0.33848
12.0,0.31609,0.86785,-0.3833,1,1,0.05715,0.99373,0.09607,0.35287,0.84563,-0.40049,-0.15974,0.10409,-0.98166,0.10564,-2.1483,-0.16131,0.04134,0.68708,-0.7254,0.24134,0.90107,-0.36031,0.17607,0.47995,0.85944,0.25573,0.90316,-0.34482,0.04007,0.49332,0.86893,0.28594,0.90283,-0.32115,-0.11434,0.47988,0.86985,0.32939,0.88975,-0.316,-0.33488,0.51584,0.78852,0.36368,0.86788,-0.33839
12.0,0.3163,0.86767,-0.38353,1,1,0.0555,0.99354,0.09896,0.353,0.84555,-0.40055,-0.1561,0.10653,-0.98198,0.10807,-2.16966,-0.15765,0.04255,0.68984,-0.72271,0.24113,0.90111,-0.36035,0.17724,0.47758,0.86052,0.25591,0.9033,-0.34433,0.03597,0.49185,0.86994,0.28595,0.9029,-0.32093,-0.11357,0.48389,0.86773,0.32934,0.88981,-0.31588,-0.33388,0.52074,0.78572,0.36365,0.86794,-0.33829
12.0,0.31706,0.86748,-0.38335,1,1,0.04415,0.99341,0.1058,0.35317,0.84542,-0.40067,-0.15746,0.1115,-0.98121,0.11315,-2.18696,-0.15912,0.04993,0.69598,-0.71632,0.24118,0.90108,-0.36039,0.16442,0.46976,0.86734,0.25613,0.90346,-0.34374,0.03109,0.48238,0.87541,0.28596,0.90298,-0.32072,-0.11935,0.47148,0.87377,0.3293,0.88985,-0.31579,-0.34221,0.50579,0.79187,0.36363,0.86798,-0.3382
12.0,0.31936,0.86683,-0.3829,1,1,0.02547,0.99198,0.12384,0.35381,0.84502,-0.40094,-0.1548,0.1263,-0.97984,0.12819,-2.25513,-0.15669,0.05615,0.71288,-0.69904,0.24196,0.90096,-0.36017,0.14874,0.46678,0.87178,0.2563,0.90359,-0.34328,0.01498,0.48483,0.87448,0.28598,0.90306,-0.32046,-0.13926,0.46479,0.8744,0.32928,0.8899,-0.31568,-0.36804,0.48847,0.79116,0.36362,0.86803,-0.3381
12.0,0.31792,0.86808,-0.38126,1,1,0.00729,0.98709,0.16003,0.35465,0.8444,-0.4015,-0.14294,0.15942,-0.97681,0.16177,-2.41064,-0.1453,0.09149,0.7435,-0.66245,0.24335,0.90091,-0.35937,0.10607,0.4485,0.88747,0.2564,0.90375,-0.34277,-0.00413,0.44549,0.89528,0.28596,0.90318,-0.32015,-0.16211,0.43141,0.88747,0.32922,0.88998,-0.31551,-0.39393,0.45121,0.80077,0.36357,0.8681,-0.33795
12.0,0.3153,0.86876,-0.38189,1,1,0.00189,0.98551,0.16963,0.35494,0.84413,-0.40183,-0.15109,0.16796,-0.97415,0.17074,-2.40902,-0.15388,0.08676,0.75084,-0.65477,0.24411,0.90095,-0.35875,0.11459,0.42363,0.89856,0.25644,0.90383,-0.34254,0.00364,0.41437,0.9101,0.28595,0.90325,-0.31997,-0.15439,0.39067,0.90749,0.32918,0.89005,-0.31536,-0.38647,0.39296,0.8344,0.36355,0.86817,-0.33781
12.0,0.3138,0.86925,-0.382,1,1,-0.0063,0.98402,0.17795,0.35513,0.84393,-0.40207,-0.14928,0.17503,-0.97318,0.17795,-2.43543,-0.15221,0.09252,0.75673,-0.64714,0.24472,0.90102,-0.35816,0.10922,0.41447,0.90349,0.25649,0.90391,-0.34227,-0.00262,0.40736,0.91327,0.28595,0.90332,-0.31975,-0.15915,0.37354,0.91386,0.32915,0.89015,-0.31511,-0.40347,0.36823,0.83763,0.36351,0.86829,-0.33753
12.0,0.31356,0.86927,-0.38216,1,1,-0.00822,0.98428,0.17641,0.35546,0.84361,-0.40245,-0.15021,0.1732,-0.97337,0.17609,-2.42715,-0.15311,0.08993,0.75561,-0.64882,0.24549,0.90113,-0.35735,0.10878,0.4064,0.9072,0.25657,0.90404,-0.34187,-0.00147,0.4014,0.9159,0.28595,0.90346,-0.31937,-0.15813,0.36598,0.91709,0.32911,0.89025,-0.31486,-0.40144,0.35998,0.84217,0.36348,0.86842,-0.33724
12.0,0.31373,0.86951,-0.38147,1,1,-0.00718,0.98474,0.17386,0.35577,0.84332,-0.40279,-0.15052,0.17082,-0.97374,0.17366,-2.41928,-0.15337,0.08562,0.75478,-0.65037,0.24614,0.90127,-0.35654,0.10817,0.41095,0.90522,0.25662,0.90413,-0.34161,-0.00346,0.41824,0.90833,0.28594,0.90362,-0.31893,-0.16027,0.389,0.90719,0.32903,0.89041,-0.31449,-0.41338,0.38303,0.82608,0.3634,0.86857,-0.33693
12.0,0.31529,0.86932,-0.38061,1,1,0.0022,0.98667,0.16273,0.35596,0.84318,-0.40292,-0.15039,0.16121,-0.97539,0.16379,-2.39089,-0.15298,0.0941,0.7471,-0.65802,0.24703,0.90139,-0.35562,0.11108,0.42786,0.897,0.25669,0.90424,-0.34126,-0.0001,0.43832,0.89882,0.28593,0.9038,-0.31843,-0.15637,0.40862,0.89921,0.32893,0.89062,-0.31402,-0.41549,0.40657,0.81368,0.36329,0.86875,-0.3366
12.0,0.31731,0.86914,-0.37935,1,1,0.00743,0.98787,0.15508,0.35614,0.84309,-0.40295,-0.14801,0.15447,-0.97685,0.15683,-2.37754,-0.15037,0.08312,0.74238,-0.66481,0.24773,0.90152,-0.35481,0.10796,0.45986,0.8814,0.25681,0.90445,-0.34062,-0.00397,0.47189,0.88165,0.2859,0.90397,-0.31796,-0.1594,0.44783,0.8798,0.32883,0.8908,-0.31361,-0.40251,0.45015,0.79709,0.36321,0.86892,-0.33625
12.0,0.32042,0.86811,-0.37909,1,1,0.01392,0.98947,0.14408,0.35637,0.84301,-0.4029,-0.14851,0.14454,-0.97829,0.14669,-2.34267,-0.15065,0.05843,0.73206,-0.67873,0.24799,0.90157,-0.3545,0.12415,0.47991,0.86849,0.2569,0.90459,-0.34019,-0.00502,0.51087,0.85965,0.28583,0.90412,-0.31761,-0.1589,0.49004,0.85709,0.32865,0.89098,-0.31329,-0.38625,0.49501,0.77831,0.36312,0.86908,-0.33592
12.0,0.32138,0.86722,-0.38033,1,1,0.02875,0.99117,0.12947,0.35674,0.84291,-0.4028,-0.15626,0.13239,-0.9788,0.13444,-2.27369,-0.1583,0.03883,0.7171,-0.69589,0.24785,0.90157,-0.35459,0.15947,0.46251,0.87215,0.25707,0.90467,-0.33983,0.01524,0.49629,0.86802,0.28587,0.90419,-0.31736,-0.13713,0.48324,0.86468,0.32865,0.89101,-0.31319,-0.35826,0.50483,0.78537,0.36321,0.86909,-0.3358
12.0,0.32159,0.86706,-0.38052,1,1,0.02997,0.99255,0.11809,0.35709,0.84284,-0.40263,-0.16729,0.12145,-0.9784,0.1235,-2.19875,-0.16935,0.03124,0.70638,-0.70714,0.24762,0.90152,-0.35489,0.17001,0.47317,0.86441,0.25738,0.90478,-0.33931,0.02833,0.48697,0.87296,0.28604,0.90427,-0.31699,-0.11815,0.47443,0.87233,0.32876,0.89103,-0.31303,-0.33106,0.49782,0.80161,0.36336,0.86909,-0.33564
12.0,0.32509,0.86714,-0.37734,1,1,0.01783,0.99263,0.11985,0.35753,0.84279,-0.40234,-0.16672,0.12114,-0.97853,0.12317,-2.19918,-0.16875,0.04913,0.70934,-0.70315,0.24818,0.90135,-0.35493,0.15415,0.52525,0.83687,0.25779,0.90498,-0.33847,0.01481,0.51609,0.85641,0.28619,0.9044,-0.31648,-0.13192,0.47313,0.87106,0.32882,0.89105,-0.3129,-0.33754,0.47167,0.81461,0.36344,0.8691,-0.33553
12.0,0.3311,0.86484,-0.3774,1,1,0.02193,0.99485,0.09893,0.35871,0.84265,-0.40159,-0.18045,0.10126,-0.97836,0.10314,-2.08217,-0.1824,0.00329,0.69033,-0.72348,0.2487,0.90111,-0.35516,0.18186,0.59808,0.78053,0.25817,0.90509,-0.33787,0.01516,0.59609,0.80277,0.28629,0.90445,-0.31625,-0.12354,0.55157,0.82493,0.32887,0.89105,-0.31284,-0.32697,0.53706,0.77759,0.36355,0.86909,-0.33544
12.0,0.34201,0.8614,-0.37551,1,1,0.01211,0.99495,0.09965,0.36312,0.84162,-0.39978,-0.18654,0.10015,-0.97733,0.10212,-2.06352,-0.1886,-0.06545,0.68668,-0.72401,0.24835,0.90075,-0.35634,0.17609,0.75778,0.6283,0.2584,0.90506,-0.33778,-0.01601,0.71268,0.70131,0.28623,0.90438,-0.31651,-0.13217,0.68771,0.71385,0.32891,0.89095,-0.3131,-0.34198,0.6458,0.68264,0.36368,0.86901,-0.33548
12.0,0.34506,0.86143,-0.37265,1,1,-0.05043,0.99029,0.12956,0.37293,0.83843,-0.39743,-0.19127,0.11775,-0.97445,0.12025,-2.12262,-0.19382,-0.10119,0.70667,-0.70027,0.24678,0.90061,-0.35779,0.10074,0.81388,0.57223,0.25838,0.90491,-0.33819,-0.05246,0.66374,0.74612,0.2861,0.90431,-0.31682,-0.16929,0.64584,0.74447,0.3289,0.89081,-0.3135,-0.37119,0.59317,0.7144,0.36381,0.86895,-0.33553
12.0,0.34535,0.8624,-0.37014,0.95476,1,-0.0809,0.98591,0.14639,0.38033,0.83561,-0.39637,-0.20169,0.12764,-0.9711,0.13069,-2.13504,-0.20478,-0.11106,0.71989,-0.68515,0.24694,0.90065,-0.35755,0.00134,0.92842,0.37154,0.25751,0.90448,-0.34001,-0.08683,0.69781,0.711,0.28569,0.9043,-0.31721,-0.20526,0.6824,0.70157,0.32864,0.89071,-0.31405,-0.41897,0.60825,0.67416,0.36391,0.86889,-0.33555
12.0,0.35191,0.86222,-0.36433,0.77088,1,-0.08863,0.98058,0.17495,0.38695,0.83305,-0.39535,-0.19736,0.15487,-0.96802,0.15864,-2.23612,-0.20113,-0.13365,0.74214,-0.65679,0.24747,0.90102,-0.35627,-0.06328,0.97568,0.20988,0.25643,0.904,-0.3421,-0.11136,0.71649,0.68865,0.28512,0.90424,-0.31791,-0.22393,0.69195,0.68634,0.32819,0.89058,-0.31488,-0.4444,0.6087,0.65726,0.36398,0.86882,-0.33567
12.0,0.3565,0.86117,-0.36235,0.82402,1,-0.1077,0.97525,0.19311,0.39168,0.83088,-0.39526,-0.18082,0.17178,-0.9684,0.17556,-2.33056,-0.1846,-0.1685,0.7513,-0.63809,0.2475,0.90155,-0.3549,-0.08514,0.9712,0.22252,0.25615,0.90384,-0.34271,-0.14762,0.72633,0.6713,0.28488,0.9042,-0.31821,-0.25112,0.69748,0.67116,0.32804,0.8905,-0.31529,-0.46819,0.60531,0.64374,0.36414,0.86874,-0.33569
12.0,0.36011,0.86161,-0.35771,0.86408,1,-0.11291,0.97216,0.20532,0.3959,0.82913,-0.39472,-0.17065,0.1846,-0.96788,0.18846,-2.39545,-0.17452,-0.17712,0.76147,-0.62353,0.24756,0.90216,-0.3533,-0.09147,0.96821,0.23283,0.25526,0.90328,-0.34486,-0.19811,0.81813,0.53984,0.28427,0.90408,-0.3191,-0.28726,0.80133,0.52474,0.32727,0.89024,-0.31679,-0.48746,0.6874,0.53839,0.36442,0.86852,-0.33598
12.0,0.36972,0.85956,-0.3528,0.83938,0.94998,-0.09839,0.97054,0.21996,0.40684,0.82494,-0.39237,-0.15779,0.20302,-0.96638,0.20707,-2.48091,-0.16185,-0.18956,0.76307,-0.61789,0.25065,0.90255,-0.35011,-0.08325,0.97228,0.21849,0.25429,0.90146,-0.35029,-0.2131,0.89127,0.40027,0.28318,0.90331,-0.32225,-0.28465,0.84317,0.45612,0.32661,0.88903,-0.32085,-0.4757,0.74532,0.46712,0.36672,0.8669,-0.33763
12.0,0.38429,0.85475,-0.34889,0.83414,0.9331,-0.07528,0.97144,0.22504,0.42537,0.81732,-0.38864,-0.1529,0.21177,-0.96529,0.21596,-2.51626,-0.15709,-0.26891,0.74306,-0.61282,0.2564,0.90201,-0.34734,-0.05023,0.96104,0.27182,0.2588,0.89571,-0.36155,-0.17541,0.84446,0.50608,0.28584,0.89975,-0.32977,-0.26796,0.88887,0.37162,0.33006,0.88457,-0.32953,-0.42056,0.86379,0.27747,0.37694,0.85998,-0.34402
12.0,0.39144,0.85482,-0.34067,0.68093,0.92236,-0.08534,0.96695,0.24027,0.43889,0.81239,-0.38393,-0.15451,0.22539,-0.96194,0.23016,-2.54067,-0.15926,-0.35072,0.71606,-0.60354,0.25831,0.90151,-0.34721,-0.04599,0.93831,0.34272,0.26998,0.89118,-0.36456,-0.17922,0.82448,0.53676,0.29652,0.89411,-0.33563,-0.27581,0.96044,0.03842,0.33275,0.87994,-0.33909,-0.36043,0.93152,0.04863,0.38996,0.84826,-0.35832
12.0,0.38637,0.85574,-0.34414,0.82976,1,-0.1255,0.9611,0.24606,0.43802,0.8132,-0.38321,-0.17306,0.22301,-0.95933,0.22841,-2.48164,-0.17848,-0.33667,0.71826,-0.60889,0.2601,0.90073,-0.34789,-0.01668,0.83676,0.54731,0.27239,0.89133,-0.36239,-0.17952,0.74895,0.63785,0.29861,0.89398,-0.33411,-0.32414,0.94489,0.04601,0.33347,0.87668,-0.34676,-0.4149,0.90554,0.0886,0.39268,0.84352,-0.36645
12.0,0.38307,0.85455,-0.35072,0.83229,1,-0.13159,0.96674,0.21929,0.43652,0.81339,-0.38451,-0.17463,0.19515,-0.9651,0.19951,-2.41161,-0.17901,-0.30892,0.71724,-0.62461,0.26261,0.8993,-0.34971,-0.03492,0.86314,0.50375,0.27425,0.89156,-0.36043,-0.17138,0.70479,0.68841,0.30067,0.89419,-0.3317,-0.3201,0.8862,0.33494,0.33316,0.87498,-0.3513,-0.44225,0.8822,0.16167,0.39187,0.84381,-0.36664
12.0,0.37958,0.85366,-0.35663,0.85216,1,-0.12778,0.97323,0.19103,0.43638,0.81335,-0.38477,-0.18021,0.16662,-0.96941,0.17022,-2.31703,-0.1838,-0.28671,0.70876,-0.64456,0.26513,0.89829,-0.3504,0.03516,0.7532,0.65686,0.27502,0.89159,-0.35976,-0.16155,0.71734,0.67773,0.30122,0.89415,-0.3313,-0.30816,0.86635,0.39304,0.33424,0.87404,-0.35262,-0.44071,0.88542,0.14767,0.39189,0.84342,-0.3675
12.0,0.37737,0.85178,-0.3634,1,1,-0.14105,0.97485,0.17255,0.43611,0.81332,-0.38513,-0.18061,0.14603,-0.97265,0.14902,-2.25073,-0.18359,-0.25158,0.70211,-0.66615,0.26892,0.89641,-0.35232,0.07858,0.61338,0.78587,0.27733,0.89177,-0.35753,-0.1153,0.58736,0.80107,0.30251,0.89412,-0.3302,-0.26443,0.6901,0.67367,0.33541,0.87403,-0.35153,-0.50047,0.74438,0.44207,0.39181,0.84355,-0.36729
12.0,0.37549,0.85071,-0.36784,1,1,-0.13929,0.9776,0.15781,0.4358,0.8135,-0.38508,-0.18057,0.13161,-0.97472,0.13422,-2.20063,-0.18318,-0.18887,0.70325,-0.6854,0.278,0.89292,-0.35413,0.12054,0.441,0.88937,0.28443,0.89219,-0.35085,-0.02649,0.36893,0.92908,0.3141,0.89326,-0.32161,-0.17288,0.41062,0.89527,0.34388,0.87455,-0.34191,-0.43017,0.47157,0.76979,0.39309,0.8446,-0.3635
12.0,0.37518,0.85057,-0.36848,1,0.97194,-0.13576,0.97854,0.15502,0.43523,0.81389,-0.38491,-0.1705,0.13106,-0.9766,0.1334,-2.22614,-0.17285,-0.18325,0.70181,-0.68839,0.2804,0.89174,-0.35521,0.12593,0.40802,0.90425,0.29787,0.89247,-0.33878,-0.01556,0.32376,0.94601,0.33383,0.89029,-0.30975,-0.17047,0.3822,0.90822,0.35927,0.87463,-0.32548,-0.40886,0.41612,0.8122,0.39565,0.84579,-0.35792
12.0,0.37444,0.85082,-0.36865,1,0.99617,-0.13307,0.97963,0.15041,0.43465,0.81428,-0.38475,-0.15145,0.12988,-0.9799,0.13178,-2.27967,-0.15334,-0.14614,0.70734,-0.69161,0.28141,0.89116,-0.35586,0.09885,0.40921,0.90707,0.30598,0.89232,-0.33187,-0.03222,0.30486,0.95185,0.34377,0.88826,-0.30467,-0.1928,0.37494,0.90678,0.36804,0.87464,-0.31552,-0.41955,0.40567,0.81204,0.39772,0.8467,-0.35345
12.0,0.375,0.85103,-0.3676,1,1,-0.13253,0.9795,0.15168,0.43437,0.8145,-0.38458,-0.14076,0.13288,-0.98109,0.13462,-2.32741,-0.1425,-0.1272,0.71493,-0.68753,0.28256,0.89079,-0.35589,0.0856,0.39954,0.91271,0.31046,0.89236,-0.32758,-0.04972,0.32849,0.9432,0.34596,0.88818,-0.30239,-0.21236,0.39246,0.89492,0.37155,0.87517,-0.3099,-0.4352,0.41575,0.79859,0.39919,0.84756,-0.3497
12.0,0.37446,0.85143,-0.36722,1,0.99446,-0.13528,0.97839,0.15639,0.43391,0.81482,-0.38444,-0.1376,0.13776,-0.98086,0.13954,-2.3568,-0.13937,-0.11532,0.71999,-0.68433,0.28341,0.8906,-0.35569,0.08374,0.37462,0.92339,0.31402,0.89245,-0.32392,-0.05581,0.32992,0.94236,0.34642,0.88855,-0.30079,-0.21062,0.36866,0.90539,0.37315,0.87565,-0.30659,-0.4237,0.38833,0.81834,0.40044,0.84836,-0.34632
12.0,0.37413,0.8516,-0.36716,1,0.99447,-0.12864,0.97964,0.15411,0.43356,0.81508,-0.38428,-0.13941,0.13599,-0.98085,0.13776,-2.34377,-0.14119,-0.12687,0.71656,-0.68589,0.28366,0.8906,-0.35549,0.08498,0.40354,0.91101,0.31596,0.89253,-0.32179,-0.05344,0.34036,0.93877,0.34662,0.8887,-0.3001,-0.20609,0.37359,0.90441,0.37432,0.87597,-0.30425,-0.41642,0.39555,0.81862,0.40174,0.84912,-0.34293
12.0,0.37434,0.85177,-0.36654,1,0.97999,-0.12714,0.98009,0.1525,0.43333,0.81528,-0.38411,-0.1419,0.13419,-0.98074,0.13598,-2.32829,-0.14369,-0.13036,0.71381,-0.6881,0.2837,0.89064,-0.35536,0.0882,0.40902,0.90825,0.31719,0.89272,-0.32007,-0.05415,0.35414,0.93362,0.34674,0.88872,-0.29991,-0.20264,0.37357,0.9052,0.37518,0.87615,-0.30267,-0.40654,0.39577,0.82346,0.40277,0.84967,-0.34036
12.0,0.37359,0.8521,-0.36653,1,0.98253,-0.13193,0.97927,0.15371,0.43315,0.81546,-0.38393,-0.1393,0.13521,-0.98098,0.13697,-2.3413,-0.14106,-0.12737,0.71536,-0.68705,0.28373,0.89069,-0.35519,0.0778,0.40168,0.91247,0.31786,0.89289,-0.31892,-0.05496,0.3401,0.93878,0.34678,0.88877,-0.29973,-0.20857,0.3635,0.90795,0.37571,0.87632,-0.3015,-0.41154,0.38503,0.82607,0.40352,0.85009,-0.3384
12.0,0.37252,0.85218,-0.36745,1,0.98183,-0.13039,0.97977,0.1518,0.43298,0.81559,-0.38384,-0.1386,0.13359,-0.9813,0.13531,-2.33781,-0.14031,-0.12591,0.71529,-0.68739,0.28373,0.89075,-0.35505,0.07812,0.3769,0.92295,0.31841,0.89299,-0.3181,-0.05421,0.33985,0.93892,0.34682,0.88879,-0.29961,-0.21178,0.37191,0.90379,0.37612,0.87644,-0.30064,-0.42286,0.39477,0.81569,0.40414,0.85046,-0.33672
12.0,0.37244,0.85228,-0.36731,1,0.97486,-0.13261,0.97971,0.15028,0.43284,0.81571,-0.38374,-0.13622,0.13217,-0.98182,0.13381,-2.34109,-0.13787,-0.13133,0.7128,-0.68896,0.28357,0.8908,-0.35504,0.07422,0.37391,0.92449,0.31875,0.89298,-0.31778,-0.06445,0.36392,0.9292,0.34681,0.8888,-0.2996,-0.22164,0.38796,0.89463,0.3763,0.87657,-0.30002,-0.43421,0.40413,0.80507,0.40463,0.85081,-0.33526
