1.0,-0.01678,0.95001,-0.31176,0.47174,0.6084,0.65732,0.74841,-0.08839,-0.07561,0.95139,-0.29858,0.00596,-0.12245,-0.99246,-0.12276,0.04864,0.00601,0.3591,0.34838,-0.86584,0.08417,0.93871,-0.33427,0.6271,0.7119,-0.31614,0.08134,0.90639,-0.41453,0.28709,0.40849,0.86644,0.03798,0.9668,-0.25271,0.37012,0.28892,0.88291,0.00126,0.97058,-0.24079,0.53581,0.20432,0.81924,-0.03481,0.96695,-0.25257
1.0,-0.01648,0.95006,-0.31164,0.49196,0.63354,0.65735,0.74845,-0.08777,-0.07562,0.95142,-0.29847,0.00972,-0.12488,-0.99212,-0.12521,0.07765,0.00979,0.36086,0.34662,-0.86581,0.08427,0.93868,-0.33433,0.63212,0.71685,-0.2942,0.08131,0.90648,-0.41435,0.27842,0.41438,0.86647,0.03781,0.96684,-0.25258,0.36619,0.29084,0.88392,0.0011,0.97061,-0.24065,0.53064,0.21404,0.82012,-0.03499,0.96698,-0.25244
1.0,-0.01689,0.95018,-0.31124,0.46619,0.62229,0.66021,0.74595,-0.08766,-0.07566,0.95146,-0.29832,0.00844,-0.12407,-0.99224,-0.1244,0.06792,0.00851,0.36053,0.34557,-0.86637,0.08452,0.93857,-0.33457,0.63294,0.71031,-0.30796,0.08132,0.90658,-0.41413,0.28285,0.41108,0.86661,0.03761,0.96688,-0.25243,0.36783,0.28851,0.884,0.00091,0.97065,-0.24048,0.53346,0.20532,0.82052,-0.03517,0.96701,-0.25229
1.0,-0.01608,0.95,-0.31183,0.48312,0.62858,0.66067,0.74526,-0.09001,-0.0757,0.95152,-0.29813,0.00883,-0.12761,-0.99179,-0.12796,0.06907,0.0089,0.36004,0.34939,-0.86504,0.08447,0.93871,-0.33419,0.63447,0.71343,-0.29743,0.08137,0.9067,-0.41386,0.2819,0.4134,0.86582,0.03751,0.96694,-0.25221,0.36833,0.29199,0.88265,0.00083,0.9707,-0.24028,0.53794,0.20526,0.81761,-0.03522,0.96705,-0.25215
1.0,-0.01723,0.94997,-0.31186,0.47866,0.64001,0.65983,0.74572,-0.09228,-0.07574,0.95155,-0.29802,0.00905,-0.13069,-0.99138,-0.13107,0.06916,0.00913,0.36462,0.33999,-0.86687,0.08472,0.93867,-0.33425,0.63463,0.71265,-0.29896,0.08139,0.90676,-0.41373,0.27948,0.41418,0.86623,0.03738,0.96698,-0.2521,0.36332,0.29181,0.88479,0.00072,0.97073,-0.24019,0.53089,0.20773,0.82158,-0.03533,0.96706,-0.25207
1.0,-0.01606,0.94991,-0.31212,0.48374,0.62586,0.66083,0.7447,-0.09345,-0.07578,0.95158,-0.2979,0.00842,-0.13186,-0.99123,-0.13225,0.06378,0.0085,0.35487,0.34746,-0.86795,0.08452,0.93869,-0.33424,0.63303,0.71073,-0.30681,0.08139,0.9068,-0.41363,0.28468,0.41213,0.86551,0.03729,0.96702,-0.25197,0.36755,0.29481,0.88204,0.00063,0.97075,-0.2401,0.53943,0.20405,0.81693,-0.03536,0.96707,-0.25203
1.0,-0.01701,0.9501,-0.31149,0.47413,0.6424,0.66179,0.74391,-0.09296,-0.07582,0.95161,-0.2978,0.01176,-0.13428,-0.99087,-0.1347,0.08732,0.01186,0.3636,0.34038,-0.86714,0.08436,0.93873,-0.33418,0.63741,0.7094,-0.30078,0.08143,0.90686,-0.4135,0.27319,0.41654,0.8671,0.03721,0.96706,-0.25181,0.35798,0.2918,0.88696,0.00056,0.97078,-0.23998,0.52491,0.21102,0.82458,-0.03542,0.96709,-0.25194
1.0,-0.01725,0.9502,-0.31115,0.44767,0.5986,0.66103,0.74445,-0.09404,-0.07585,0.95167,-0.29762,0.0109,-0.13483,-0.99081,-0.13525,0.08063,0.011,0.36895,0.33427,-0.86726,0.08514,0.93863,-0.33425,0.63133,0.70004,-0.33372,0.08146,0.90688,-0.41345,0.27701,0.41135,0.86836,0.03711,0.96712,-0.25159,0.35804,0.29222,0.8868,0.00043,0.97083,-0.23977,0.53031,0.20168,0.82347,-0.03551,0.96713,-0.25179
1.0,-0.01863,0.95044,-0.31035,0.42116,0.57085,0.65789,0.74723,-0.09397,-0.07589,0.95173,-0.2974,0.00873,-0.13234,-0.99117,-0.13274,0.0659,0.00881,0.38074,0.32349,-0.86625,0.08654,0.93853,-0.33418,0.62679,0.69424,-0.35379,0.08141,0.90683,-0.41357,0.25905,0.42062,0.86947,0.0368,0.96721,-0.2513,0.35269,0.28657,0.89078,0.00019,0.9709,-0.2395,0.51586,0.2181,0.82845,-0.0357,0.96718,-0.25157
1.0,-0.01885,0.95083,-0.30915,0.35364,0.54227,0.65289,0.75207,-0.0901,-0.07585,0.95179,-0.29721,0.01503,-0.1318,-0.99116,-0.1322,0.11358,0.01517,0.37942,0.32719,-0.86544,0.08778,0.93845,-0.33407,0.61329,0.67186,-0.4153,0.08136,0.90668,-0.41389,0.2465,0.41869,0.87403,0.03653,0.96729,-0.25101,0.34332,0.2869,0.89432,-0.00001,0.97097,-0.23922,0.50685,0.22499,0.83216,-0.03591,0.96724,-0.2513
1.0,-0.01858,0.9509,-0.30893,0.2715,0.5638,0.64673,0.75736,-0.09027,-0.07563,0.95189,-0.29697,0.02092,-0.13592,-0.9905,-0.13638,0.15271,0.02112,0.37924,0.33244,-0.86351,0.08864,0.93864,-0.33332,0.5775,0.64307,-0.50294,0.08127,0.90644,-0.41445,0.23321,0.42063,0.87675,0.03638,0.96736,-0.25079,0.33472,0.29238,0.89581,-0.00014,0.97102,-0.239,0.50297,0.22397,0.83478,-0.03605,0.96729,-0.25109
1.0,-0.01887,0.95128,-0.30775,0.21633,0.58617,0.64979,0.75458,-0.09159,-0.07541,0.95198,-0.29673,0.01117,-0.12995,-0.99146,-0.13033,0.08572,0.01126,0.37933,0.33381,-0.86295,0.08949,0.93887,-0.33245,0.56572,0.63364,-0.52769,0.08101,0.90612,-0.4152,0.25194,0.41199,0.87566,0.03632,0.96739,-0.25069,0.34782,0.28773,0.89232,-0.00019,0.97105,-0.23889,0.5204,0.20594,0.82872,-0.03612,0.96732,-0.25097
1.0,-0.01808,0.95116,-0.30818,0.20734,0.64134,0.6447,0.75724,-0.10465,-0.07515,0.95212,-0.29635,-0.00184,-0.13536,-0.99079,-0.13578,-0.01362,-0.00186,0.36438,0.33182,-0.87013,0.09016,0.93897,-0.33197,0.57317,0.65621,-0.49078,0.0806,0.9057,-0.41619,0.2954,0.42212,0.85706,0.03648,0.96734,-0.25084,0.3753,0.307,0.87459,-0.00013,0.97104,-0.23892,0.55472,0.2074,0.80577,-0.0361,0.96733,-0.25092
1.0,-0.01978,0.95147,-0.30711,0.18913,0.66104,0.64497,0.75521,-0.1169,-0.07477,0.95237,-0.29562,-0.01318,-0.14195,-0.98979,-0.14245,-0.09259,-0.01332,0.34696,0.33003,-0.8779,0.08993,0.93896,-0.33207,0.5751,0.65016,-0.49654,0.07938,0.90471,-0.41856,0.30692,0.42998,0.84907,0.0368,0.96718,-0.25142,0.38501,0.31156,0.86874,0.00003,0.97097,-0.23919,0.56878,0.20523,0.79647,-0.03603,0.96731,-0.25101
1.0,-0.02257,0.95224,-0.30452,0.25095,0.61676,0.65235,0.74788,-0.12294,-0.0746,0.95263,-0.29483,-0.01335,-0.15084,-0.98847,-0.15143,-0.0883,-0.01351,0.36257,0.3047,-0.88074,0.08856,0.93915,-0.33191,0.595,0.64234,-0.48309,0.07812,0.90369,-0.42101,0.28002,0.4166,0.86489,0.03681,0.96714,-0.25158,0.35999,0.29593,0.88478,-0.00009,0.97101,-0.23905,0.54019,0.20308,0.81667,-0.03612,0.96737,-0.25077
1.0,-0.02134,0.95175,-0.30612,0.30745,0.64716,0.65827,0.73946,-0.14103,-0.07452,0.95279,-0.29435,-0.01165,-0.17731,-0.98409,-0.17827,-0.06559,-0.01184,0.35518,0.27699,-0.89282,0.08674,0.93916,-0.33235,0.6127,0.63843,-0.46584,0.07762,0.90309,-0.42238,0.28922,0.44279,0.8487,0.03677,0.96711,-0.25167,0.36123,0.31811,0.87654,-0.0002,0.97103,-0.23895,0.53688,0.22777,0.81233,-0.0362,0.96741,-0.25062
1.0,-0.01977,0.95132,-0.30758,0.33164,0.68895,0.66163,0.73343,-0.15595,-0.07441,0.95304,-0.29356,-0.01128,-0.19823,-0.98009,-0.19956,-0.05683,-0.01151,0.35154,0.25012,-0.90214,0.08559,0.93895,-0.33322,0.61879,0.63226,-0.4662,0.07748,0.9028,-0.42302,0.32268,0.46915,0.82206,0.03685,0.96705,-0.2519,0.37633,0.3451,0.85982,-0.00022,0.97101,-0.23904,0.55724,0.23418,0.79664,-0.03621,0.96741,-0.25062
1.0,-0.01783,0.95111,-0.30834,0.33647,0.74729,0.65899,0.73284,-0.16934,-0.07419,0.95347,-0.29222,-0.01219,-0.21471,-0.9766,-0.21641,-0.05669,-0.01248,0.34194,0.21155,-0.9156,0.08396,0.9384,-0.33521,0.61298,0.62651,-0.4814,0.07719,0.9023,-0.42413,0.38579,0.50519,0.77198,0.03707,0.96692,-0.25237,0.41803,0.36486,0.83194,-0.00012,0.97095,-0.23928,0.59607,0.24084,0.76597,-0.03614,0.96738,-0.25073
1.0,-0.01872,0.95089,-0.30896,0.30999,0.73564,0.64129,0.74466,-0.18501,-0.07384,0.95393,-0.2908,-0.01569,-0.22834,-0.97345,-0.23041,-0.0686,-0.01611,0.31219,0.18158,-0.9325,0.08202,0.93745,-0.33831,0.58796,0.63383,-0.50256,0.07681,0.90195,-0.42495,0.38891,0.53124,0.75268,0.03741,0.9667,-0.25318,0.45807,0.41079,0.7883,0.00017,0.97081,-0.23985,0.63922,0.27106,0.71967,-0.03603,0.96732,-0.251
1.0,-0.01342,0.95078,-0.30959,0.38347,0.71411,0.6351,0.74818,-0.19201,-0.07306,0.95455,-0.28897,-0.0069,-0.24307,-0.96998,-0.24553,-0.02838,-0.00711,0.30148,0.13351,-0.94408,0.08084,0.9362,-0.34205,0.59351,0.65672,-0.46526,0.07668,0.90187,-0.42515,0.38988,0.5427,0.74396,0.03769,0.96647,-0.254,0.48742,0.41783,0.7667,0.00073,0.9706,-0.24071,0.67077,0.27007,0.69075,-0.03577,0.9672,-0.25147
1.0,0.00418,0.94968,-0.3132,0.35687,0.56909,0.59513,0.77294,-0.21996,-0.07053,0.95542,-0.28671,0.01609,-0.28511,-0.95836,-0.28916,0.05637,0.01679,0.22953,0.0243,-0.973,0.07572,0.9314,-0.35603,0.55136,0.65639,-0.51492,0.07724,0.90181,-0.42518,0.70155,0.69887,-0.13932,0.03882,0.96555,-0.2573,0.71181,0.63199,0.30647,0.00634,0.96846,-0.2491,0.85457,0.4448,0.26809,-0.03402,0.96654,-0.25426
1.0,0.00472,0.94801,-0.3182,0.33691,0.54579,0.5681,0.78509,-0.24677,-0.06579,0.95646,-0.28434,0.03063,-0.31982,-0.94698,-0.3257,0.09547,0.03233,0.22492,-0.01103,-0.97431,0.08227,0.92953,-0.35945,0.53256,0.60202,-0.59493,0.08117,0.89991,-0.42845,0.6737,0.73259,-0.09715,0.04075,0.96371,-0.26384,0.65925,0.6655,0.35,0.01081,0.96617,-0.25769,0.82334,0.4845,0.29558,-0.03144,0.9652,-0.25962
1.0,0.0126,0.94646,-0.32257,0.40438,0.5411,0.55177,0.79194,-0.26148,-0.06116,0.95715,-0.28306,0.0475,-0.34286,-0.93819,-0.35037,0.13766,0.05058,0.21522,-0.04567,-0.9755,0.0851,0.92861,-0.36117,0.52503,0.59585,-0.6077,0.08398,0.89811,-0.43168,0.65431,0.75137,-0.08553,0.04346,0.96165,-0.27081,0.67016,0.70921,0.21889,0.01302,0.96495,-0.2621,0.81332,0.53085,0.23813,-0.02929,0.96408,-0.264
1.0,0.0097,0.9451,-0.32665,0.73227,0.81753,0.51383,0.81101,-0.27974,-0.05459,0.95784,-0.28207,0.08174,-0.37087,-0.92508,-0.38129,0.21692,0.08813,0.1834,0.09775,-0.97817,0.07939,0.93325,-0.35033,0.5133,0.71073,-0.48102,0.08683,0.89771,-0.43195,0.62786,0.74382,-0.22918,0.0509,0.95361,-0.29672,0.63726,0.75364,0.16101,0.01495,0.96345,-0.26749,0.76277,0.57474,0.29641,-0.02655,0.96222,-0.27096
1.0,0.00889,0.94488,-0.32729,0.73843,0.84107,0.51999,0.808,-0.27702,-0.05038,0.95818,-0.2817,0.09036,-0.37453,-0.9228,-0.38555,0.23673,0.09761,0.21581,0.0388,-0.97567,0.08477,0.93111,-0.35475,0.51822,0.73447,-0.43818,0.08839,0.89804,-0.43095,0.62183,0.77469,-0.1148,0.0547,0.94953,-0.30886,0.64817,0.74806,0.14243,0.01697,0.96174,-0.27343,0.7712,0.57699,0.26895,-0.0242,0.96061,-0.27686
1.0,0.01099,0.94591,-0.32424,0.63069,0.7187,0.54127,0.80505,-0.24275,-0.04803,0.95829,-0.28174,0.10774,-0.35271,-0.92951,-0.36267,0.29645,0.11539,0.27926,-0.01804,-0.96005,0.09417,0.93016,-0.35488,0.5374,0.7114,-0.45289,0.09084,0.89854,-0.42938,0.64249,0.75863,-0.10812,0.06047,0.94467,-0.32241,0.65622,0.72737,0.20075,0.0195,0.95998,-0.27938,0.78537,0.54434,0.29475,-0.02067,0.95872,-0.2836
1.0,0.01229,0.94603,-0.32384,0.49499,0.48948,0.54241,0.81597,-0.19994,-0.04674,0.95798,-0.28299,0.11418,-0.30738,-0.94471,-0.31457,0.35566,0.12028,0.31001,-0.09704,-0.94577,0.09461,0.92694,-0.36308,0.5337,0.71003,-0.45937,0.09374,0.89906,-0.42768,0.51339,0.77227,0.3742,0.06695,0.94075,-0.33242,0.60495,0.68597,0.40434,0.0219,0.95864,-0.28379,0.77396,0.49562,0.39414,-0.01734,0.95723,-0.28881
1.0,0.00036,0.94519,-0.32652,0.43029,0.58521,0.52335,0.8343,-0.17336,-0.04745,0.95658,-0.28758,0.13305,-0.28096,-0.95045,-0.28742,0.44228,0.13909,0.33481,-0.00291,-0.94228,0.09455,0.9258,-0.36601,0.53091,0.70642,-0.46808,0.09692,0.89848,-0.42818,0.40924,0.74743,0.52332,0.06847,0.94238,-0.32745,0.48492,0.62182,0.61497,0.02285,0.95829,-0.2849,0.69018,0.47276,0.54786,-0.01608,0.9563,-0.29194
1.0,-0.0075,0.94411,-0.32955,0.39512,0.60033,0.50635,0.84906,-0.15067,-0.04706,0.9543,-0.29512,0.1553,-0.26166,-0.95258,-0.26808,0.53565,0.16161,0.44033,0.07812,-0.89443,0.11451,0.92716,-0.35674,0.52526,0.69246,-0.49457,0.10179,0.89615,-0.43191,0.21209,0.65271,0.72732,0.06558,0.94633,-0.31647,0.29219,0.51838,0.80368,0.02052,0.95918,-0.28206,0.53597,0.4054,0.74053,-0.01875,0.95668,-0.29054
1.0,0.00388,0.94235,-0.33462,0.56641,0.65592,0.50537,0.85357,-0.12659,-0.04258,0.95191,-0.30341,0.17042,-0.24254,-0.95505,-0.2487,0.61249,0.17658,0.52618,0.15311,-0.83648,0.13616,0.9289,-0.34439,0.54573,0.74398,-0.38558,0.11013,0.89478,-0.43271,0.16716,0.63296,0.75592,0.06174,0.95061,-0.30419,0.23149,0.50876,0.8292,0.01556,0.96024,-0.27873,0.44855,0.40421,0.79713,-0.02303,0.95698,-0.28923
1.0,0.01799,0.94167,-0.33606,0.42818,0.5883,0.5637,0.82367,-0.06171,-0.03542,0.94952,-0.31171,0.17625,-0.19294,-0.96525,-0.19728,0.74024,0.18061,0.5379,0.17627,-0.82437,0.15606,0.92354,-0.35032,0.59482,0.70623,-0.38397,0.12246,0.89194,-0.43526,0.16843,0.55619,0.81381,0.06784,0.95279,-0.29597,0.2465,0.44859,0.85907,0.02211,0.96021,-0.27839,0.45169,0.34019,0.82477,-0.01665,0.95678,-0.29034
1.0,0.02446,0.94079,-0.3381,0.31129,0.6263,0.57687,0.8155,-0.04662,-0.02858,0.94751,-0.31846,0.18132,-0.1835,-0.96615,-0.18769,0.77942,0.18551,0.54755,0.19153,-0.81456,0.16386,0.92176,-0.35142,0.60855,0.67048,-0.4244,0.13426,0.88734,-0.44114,0.22292,0.57407,0.78788,0.08342,0.95178,-0.29524,0.2755,0.45455,0.84704,0.03662,0.95931,-0.27997,0.46897,0.32755,0.82023,-0.0041,0.95605,-0.29318
1.0,0.02434,0.94037,-0.33928,0.37008,0.72967,0.56188,0.82595,-0.04584,-0.02467,0.94597,-0.3233,0.17367,-0.17196,-0.96968,-0.17551,0.79034,0.17722,0.54759,0.2235,-0.80634,0.16378,0.92227,-0.35014,0.60134,0.70398,-0.37791,0.13812,0.88583,-0.44298,0.29219,0.61531,0.73214,0.0885,0.95043,-0.29808,0.28427,0.45979,0.8413,0.04036,0.95898,-0.28058,0.45773,0.31143,0.83276,-0.00123,0.95578,-0.29407
1.0,0.02729,0.94012,-0.33975,0.51356,0.6534,0.56401,0.82415,-0.05178,-0.02315,0.94537,-0.32518,0.17845,-0.18287,-0.96681,-0.18693,0.77317,0.18252,0.5707,0.20958,-0.79396,0.16361,0.92347,-0.34702,0.60873,0.74271,-0.27898,0.13887,0.8858,-0.4428,0.11859,0.51321,0.85003,0.08853,0.95083,-0.29677,0.18497,0.38693,0.90337,0.03867,0.95956,-0.27882,0.36986,0.2756,0.88727,-0.00264,0.95617,-0.29279
1.0,0.02683,0.94027,-0.33936,0.5177,0.66154,0.58608,0.80802,-0.06016,-0.02365,0.94526,-0.32545,0.18265,-0.20409,-0.96176,-0.2091,0.73003,0.18768,0.59811,0.15564,-0.78615,0.16517,0.92332,-0.34669,0.6298,0.72808,-0.27066,0.13974,0.88608,-0.44196,0.13331,0.52422,0.84109,0.08296,0.95323,-0.29062,0.19298,0.40189,0.89512,0.0345,0.96055,-0.27597,0.36201,0.29688,0.88363,-0.00554,0.95678,-0.29077
1.0,0.03086,0.9408,-0.33757,0.46255,0.54726,0.62467,0.77779,-0.06951,-0.0268,0.94576,-0.32376,0.19409,-0.24086,-0.95096,-0.24807,0.67827,0.20133,0.65989,0.04313,-0.75013,0.17025,0.92361,-0.34344,0.67814,0.66503,-0.31284,0.14089,0.88645,-0.44085,0.29607,0.62865,0.71912,0.08273,0.95336,-0.29029,0.30109,0.49348,0.81598,0.03441,0.96035,-0.27666,0.43114,0.34846,0.83228,-0.00673,0.95679,-0.29069
1.0,0.0452,0.94232,-0.33164,0.32882,0.24837,0.65657,0.75163,-0.06302,-0.03491,0.94702,-0.31926,0.21057,-0.26288,-0.94157,-0.27226,0.67536,0.22002,0.75163,-0.14727,-0.64293,0.18391,0.92485,-0.33292,0.72,0.60058,-0.34773,0.14283,0.8873,-0.43852,0.71118,0.68855,0.14188,0.09858,0.94482,-0.31241,0.39781,0.54487,0.73815,0.03768,0.95891,-0.28121,0.52391,0.4019,0.751,-0.00614,0.95622,-0.29258
1.0,0.05662,0.94736,-0.31511,0.2145,0.14329,0.73833,0.67405,0.02306,-0.04968,0.94817,-0.31387,0.22717,-0.21635,-0.94952,-0.22403,0.80978,0.23483,0.76967,-0.19823,-0.60688,0.1807,0.9288,-0.32355,0.80193,0.49877,-0.32885,0.14578,0.88845,-0.43521,0.8548,0.48167,-0.19315,0.11354,0.9287,-0.35301,0.86375,0.50391,-0.00103,0.06948,0.94397,-0.32264,0.90337,0.37688,0.20463,0.00987,0.95101,-0.30899
1.0,0.0598,0.95159,-0.30149,0.30071,0.20196,0.79143,0.60409,0.09334,-0.0666,0.94804,-0.3111,0.23427,-0.15873,-0.95912,-0.16401,0.9753,0.23957,0.78572,-0.19468,-0.58715,0.16567,0.93205,-0.32222,0.85038,0.48124,-0.21277,0.14555,0.89079,-0.43047,0.89845,0.3956,-0.19048,0.12675,0.90878,-0.39756,0.90664,0.4092,-0.10281,0.08105,0.92909,-0.36087,0.93978,0.32154,-0.11585,0.01868,0.94413,-0.32904
1.0,0.05781,0.95532,-0.28987,0.29937,0.27337,0.80815,0.57331,0.13493,-0.07507,0.94817,-0.30877,0.25233,-0.13002,-0.95887,-0.13477,1.09501,0.25732,0.79056,-0.15086,-0.59351,0.15324,0.93494,-0.32,0.87063,0.45786,-0.17988,0.14386,0.89368,-0.42501,0.91367,0.3724,-0.16287,0.12849,0.90422,-0.40729,0.9124,0.36981,-0.17539,0.08263,0.92399,-0.37338,0.92556,0.31714,-0.20681,0.02244,0.93888,-0.34352
1.0,0.04891,0.95819,-0.28193,0.26411,0.22723,0.80382,0.57643,0.14696,-0.08295,0.94941,-0.30288,0.2509,-0.10453,-0.96235,-0.10819,1.17606,0.25504,0.77593,-0.14357,-0.61426,0.13944,0.9374,-0.31913,0.86028,0.46832,-0.2015,0.13709,0.8992,-0.41551,0.90877,0.39021,-0.14787,0.12073,0.90756,-0.40219,0.91236,0.38311,-0.1443,0.0769,0.92226,-0.37884,0.89426,0.32465,-0.30807,0.02036,0.93646,-0.35017
1.0,0.04698,0.95849,-0.28123,0.23479,0.06736,0.7901,0.60324,0.10886,-0.08553,0.9506,-0.29839,0.22368,-0.11839,-0.96744,-0.12177,1.08399,0.22722,0.74818,-0.19301,-0.6348,0.13563,0.93803,-0.31891,0.82701,0.47254,-0.30457,0.12851,0.90227,-0.41158,0.88703,0.41344,-0.20555,0.11164,0.90979,-0.39977,0.89543,0.40357,-0.18797,0.07074,0.92414,-0.37545,0.90714,0.33322,-0.25704,0.01739,0.93714,-0.34853
1.0,0.03877,0.95729,-0.28652,0.17905,0,0.76654,0.64103,0.0387,-0.08625,0.9518,-0.29433,0.16441,-0.13763,-0.97674,-0.13999,0.87383,0.16677,0.7054,-0.23581,-0.66844,0.13448,0.93852,-0.31795,0.7754,0.48761,-0.40124,0.1176,0.90329,-0.4126,0.85518,0.46039,-0.23814,0.09962,0.91211,-0.39765,0.88183,0.45433,-0.12633,0.0662,0.92748,-0.36796,0.93728,0.34852,-0.00656,0.01562,0.93855,-0.34479
1.0,0.02865,0.95642,-0.2906,0.22329,0,0.73622,0.67572,-0.03724,-0.08725,0.9531,-0.28981,0.10703,-0.17059,-0.97951,-0.17243,0.56032,0.10884,0.66001,-0.28557,-0.69486,0.12861,0.94054,-0.3144,0.73857,0.54072,-0.40267,0.09829,0.90657,-0.41046,0.83111,0.51919,-0.19925,0.0865,0.91765,-0.38785,0.84881,0.51892,0.10118,0.06099,0.93217,-0.35684,0.90659,0.35832,0.22294,0.0121,0.94088,-0.33852
1.0,0.02096,0.95629,-0.29166,0.34445,0,0.71306,0.68784,-0.13573,-0.08966,0.95582,-0.27994,0.05106,-0.24403,-0.96842,-0.24684,0.20627,0.05268,0.60405,-0.33694,-0.72222,0.11803,0.94424,-0.30736,0.70778,0.55081,-0.44233,0.07737,0.91178,-0.40333,0.80521,0.51907,-0.28671,0.06752,0.91925,-0.38783,0.83588,0.5478,0.03499,0.04753,0.9375,-0.34472,0.90439,0.39636,0.15803,-0.0018,0.94647,-0.32278
1.0,0.00867,0.95636,-0.29207,0.3838,0,0.68503,0.69394,-0.22177,-0.09283,0.9593,-0.26668,0.00814,-0.31169,-0.95015,-0.31698,0.02611,0.00857,0.54681,-0.37039,-0.75087,0.10667,0.94739,-0.30179,0.6678,0.54173,-0.51046,0.06014,0.91455,-0.39998,0.77993,0.54448,-0.30864,0.05146,0.9214,-0.38518,0.79695,0.58915,0.13332,0.0305,0.94425,-0.32782,0.87057,0.42365,0.25026,-0.01963,0.9528,-0.30298
1.0,0.00232,0.95536,-0.29543,0.50409,0.00181,0.68645,0.66769,-0.28806,-0.09589,0.96352,-0.24988,-0.03784,-0.3628,-0.9311,-0.37155,-0.10391,-0.04061,0.49943,-0.41345,-0.76133,0.09812,0.94818,-0.30219,0.66295,0.53978,-0.51879,0.04919,0.91649,-0.39702,0.78731,0.58764,-0.1866,0.04767,0.92658,-0.37307,0.76063,0.58828,0.27455,0.01638,0.95097,-0.30886,0.84506,0.41198,0.3408,-0.03508,0.95811,-0.28425
1.0,0.00408,0.95379,-0.30044,0.59522,0,0.67615,0.65854,-0.33037,-0.09658,0.96534,-0.24247,-0.05935,-0.39827,-0.91535,-0.41039,-0.14794,-0.06475,0.48885,-0.48635,-0.72422,0.09916,0.94875,-0.30008,0.65674,0.55137,-0.51447,0.04522,0.9169,-0.39655,0.75196,0.65891,0.0197,0.04642,0.92916,-0.36676,0.73527,0.60246,0.31053,0.00328,0.95531,-0.29559,0.82926,0.43544,0.3503,-0.04333,0.95972,-0.27759
1.0,0.00544,0.95262,-0.30413,0.65571,0,0.66409,0.65802,-0.35494,-0.09583,0.96567,-0.24146,-0.06445,-0.42259,-0.90402,-0.43728,-0.15134,-0.07117,0.48857,-0.52837,-0.69435,0.10208,0.94856,-0.29967,0.64916,0.57692,-0.49575,0.04481,0.91723,-0.39583,0.70656,0.69557,0.13023,0.04591,0.93008,-0.36447,0.71041,0.6174,0.33785,-0.00227,0.95675,-0.29091,0.8123,0.45243,0.36808,-0.04756,0.95992,-0.27621
1.0,0.00547,0.95208,-0.30581,0.68797,0,0.65891,0.66096,-0.35913,-0.09519,0.96559,-0.24201,-0.06289,-0.42734,-0.9019,-0.44249,-0.14613,-0.06962,0.49452,-0.53797,-0.68267,0.10428,0.94813,-0.30028,0.64656,0.60094,-0.46992,0.04491,0.91772,-0.39468,0.68138,0.70752,0.18745,0.04511,0.93143,-0.3611,0.68864,0.61965,0.37657,-0.00474,0.95751,-0.28835,0.79835,0.45609,0.39321,-0.04973,0.9599,-0.27589
1.0,0.00513,0.9522,-0.30542,0.69486,0,0.6589,0.66316,-0.35507,-0.09504,0.96549,-0.24248,-0.06014,-0.42408,-0.90363,-0.43879,-0.14087,-0.06645,0.49575,-0.53579,-0.68349,0.10384,0.94813,-0.30046,0.64714,0.6068,-0.46153,0.04485,0.91816,-0.39367,0.68006,0.70753,0.19213,0.04354,0.93384,-0.35502,0.69788,0.61923,0.35989,-0.0057,0.95771,-0.28767,0.80696,0.4538,0.378,-0.05052,0.95982,-0.27604
1.0,0.00576,0.95247,-0.30458,0.68634,0,0.66133,0.66228,-0.35218,-0.09511,0.96544,-0.24263,-0.05848,-0.42256,-0.90444,-0.43707,-0.13752,-0.06457,0.49173,-0.54373,-0.68012,0.10239,0.94847,-0.29986,0.64957,0.60145,-0.46511,0.04479,0.91843,-0.39305,0.68724,0.70442,0.17745,0.04247,0.93549,-0.3508,0.70262,0.61848,0.35185,-0.00604,0.95774,-0.28756,0.81246,0.45194,0.36833,-0.05079,0.95974,-0.27626
1.0,0.00827,0.95265,-0.30394,0.63785,0,0.66097,0.66127,-0.35474,-0.09498,0.96549,-0.24252,-0.05514,-0.42865,-0.90179,-0.44372,-0.12792,-0.06106,0.4837,-0.556,-0.67594,0.10168,0.94894,-0.29861,0.64613,0.5817,-0.49411,0.04497,0.91842,-0.39303,0.70251,0.7,0.12834,0.04162,0.93708,-0.34664,0.7132,0.62209,0.32304,-0.0059,0.95768,-0.28776,0.82516,0.45228,0.33846,-0.05044,0.95961,-0.27677
1.0,0.00596,0.95323,-0.30217,0.528,0.07587,0.6583,0.66667,-0.34956,-0.09422,0.9657,-0.24194,-0.02074,-0.44814,-0.89372,-0.46479,-0.04625,-0.0232,0.44189,-0.46811,-0.76525,0.09558,0.94926,-0.29962,0.63521,0.48471,-0.6013,0.0473,0.91707,-0.39592,0.75687,0.63117,-0.16966,0.04217,0.93755,-0.34529,0.73499,0.64549,0.20766,-0.00404,0.95716,-0.28953,0.82583,0.48292,0.29119,-0.04843,0.9594,-0.27787
1.0,0.00464,0.95204,-0.30595,0.25963,0.16037,0.59052,0.71147,-0.38092,-0.08821,0.96673,-0.24011,0.05274,-0.50501,-0.8615,-0.53021,0.10405,0.06114,0.42612,-0.42264,-0.79988,0.09906,0.94841,-0.30116,0.56413,0.31129,-0.76476,0.06673,0.90562,-0.4188,0.69836,0.59457,-0.39848,0.04613,0.93367,-0.35516,0.7164,0.69698,-0.03143,-0.00009,0.95521,-0.29591,0.79889,0.58172,0.15286,-0.04386,0.95822,-0.28265
1.0,0.00105,0.95093,-0.30939,0.0997,0.30218,0.56849,0.69913,-0.43363,-0.08026,0.96822,-0.23689,0.08203,-0.57263,-0.8157,-0.61207,0.14229,0.10023,0.39901,-0.40183,-0.82421,0.09749,0.94884,-0.30032,0.55207,0.16289,-0.81773,0.08633,0.89996,-0.42734,0.67815,0.52236,-0.51696,0.05784,0.92582,-0.37351,0.71562,0.66354,-0.21815,0.00885,0.9504,-0.31091,0.80834,0.5872,-0.04215,-0.03629,0.95554,-0.29263
1.0,0.01125,0.95261,-0.30399,0.16158,0.64374,0.53413,0.69333,-0.48373,-0.07465,0.96961,-0.23298,0.13661,-0.63546,-0.75996,-0.69641,0.21176,0.17787,0.32095,-0.19159,-0.92752,0.08234,0.95071,-0.29895,0.55402,0.08316,-0.82834,0.09993,0.90213,-0.41973,0.6585,0.36041,-0.66066,0.0769,0.91176,-0.40346,0.70238,0.57218,-0.42341,0.02149,0.94168,-0.33584,0.78932,0.58113,-0.19814,-0.03138,0.95287,-0.30177
1.0,0.01787,0.95331,-0.30145,0.1711,0.66291,0.53184,0.67924,-0.50575,-0.07065,0.97081,-0.22923,0.15397,-0.66482,-0.73096,-0.73805,0.22758,0.2076,0.30491,-0.15766,-0.93924,0.07471,0.95211,-0.29648,0.53667,0.03186,-0.84319,0.10339,0.90389,-0.41507,0.64179,0.23525,-0.7299,0.08122,0.9058,-0.41584,0.69979,0.51529,-0.49474,0.02875,0.9346,-0.35453,0.789,0.56266,-0.24678,-0.0283,0.95057,-0.30921
1.0,-0.00969,0.94956,-0.31343,0,0.33778,0.54601,0.71833,-0.43114,-0.06629,0.97229,-0.22417,0.15442,-0.59209,-0.79094,-0.6426,0.25512,0.19281,0.32061,-0.22115,-0.92103,0.07552,0.95225,-0.29584,0.39574,-0.19401,-0.89763,0.08474,0.89722,-0.43337,0.46991,-0.10327,-0.87665,0.04445,0.88326,-0.46677,0.69442,0.42625,-0.57974,0.0299,0.92981,-0.36682,0.79801,0.5269,-0.29248,-0.02706,0.9487,-0.31503
1.0,-0.02094,0.95112,-0.30811,0,0,0.69896,0.65188,-0.29413,-0.06943,0.97259,-0.22191,0.03463,-0.44165,-0.89652,-0.45773,0.07826,0.03861,0.35838,-0.40519,-0.84106,0.07464,0.95051,-0.3016,0.17867,-0.19769,-0.96384,0.00136,0.88216,-0.47094,0.18221,-0.36537,-0.91286,-0.01988,0.86912,-0.4942,0.5861,0.62165,0.51964,0.02784,0.93192,-0.3616,0.73578,0.45603,0.50067,-0.02764,0.94999,-0.31106
1.0,0.01611,0.95454,-0.29766,0,0,0.87888,0.45763,-0.13472,-0.08929,0.96922,-0.22943,-0.06928,-0.15697,-0.98517,-0.158,-0.41565,-0.07021,0.27978,-0.53481,-0.79731,0.02691,0.9423,-0.33368,0.18511,-0.04782,-0.98155,-0.05092,0.87313,-0.48483,0.64793,0.08065,-0.75741,0.04552,0.90793,-0.41664,0.41878,0.15751,0.89432,0.01303,0.95478,-0.29704,0.5947,-0.03769,0.80307,-0.03019,0.95635,-0.29066
1.0,-0.0031,0.95535,-0.29546,0,0,0.84908,0.49762,-0.17729,-0.09548,0.96728,-0.23506,-0.07502,-0.21863,-0.97292,-0.22104,-0.33053,-0.07695,0.3186,-0.47803,-0.81853,0.03879,0.941,-0.33618,0.17997,-0.10396,-0.97816,-0.04883,0.87135,-0.48823,0.30771,0.36866,0.87716,0.02674,0.96343,-0.26661,0.3866,0.22289,0.89491,-0.00389,0.97099,-0.23908,0.5074,0.15241,0.84813,-0.03704,0.96728,-0.25099
1.0,0.01467,0.95755,-0.28789,0,0,0.74834,0.63748,-0.18334,-0.08954,0.96719,-0.23776,0.01826,-0.29609,-0.95498,-0.30065,0.06158,0.01911,0.3677,-0.46842,-0.80335,0.05976,0.94532,-0.32062,0.48303,0.16054,-0.86076,0.02432,0.88683,-0.46146,0.26486,0.48896,0.83112,0.01812,0.97228,-0.23311,0.3342,0.37473,0.86481,-0.01305,0.97544,-0.21988,0.60461,0.30109,0.73743,-0.04358,0.97186,-0.23149
1.0,0.0245,0.95457,-0.29698,0,0,0.68161,0.69068,-0.24159,-0.08182,0.96715,-0.24068,0.05268,-0.37562,-0.92527,-0.38563,0.13933,0.05687,0.32621,-0.45523,-0.82847,0.06518,0.94721,-0.31392,0.49852,0.16902,-0.85024,0.05184,0.88984,-0.45332,0.54095,0.71642,0.44059,0.0385,0.9651,-0.25904,0.66996,0.62395,0.40229,0.00109,0.96912,-0.24658,0.81441,0.47173,0.33794,-0.03642,0.96838,-0.24683
1.0,0.02343,0.94998,-0.31143,0.22716,0.22531,0.56761,0.72262,-0.39451,-0.064,0.96827,-0.24159,0.15462,-0.56422,-0.81102,-0.60783,0.26748,0.18839,0.42182,-0.30577,-0.85356,0.10559,0.94928,-0.29617,0.58084,0.14626,-0.80077,0.10471,0.89364,-0.43639,0.69792,0.49234,-0.5201,0.06189,0.94913,-0.30873,0.70442,0.68625,-0.18127,0.01727,0.95885,-0.28339,0.74311,0.65502,0.13686,-0.02813,0.96232,-0.27047
1.0,0.01458,0.94841,-0.31671,0.33107,0.24204,0.57895,0.71337,-0.39488,-0.05776,0.96915,-0.23959,0.13778,-0.56292,-0.81494,-0.60449,0.24005,0.16749,0.45108,-0.27278,-0.84978,0.11873,0.94834,-0.29421,0.57893,0.2457,-0.77747,0.10576,0.8967,-0.42982,0.6943,0.52916,-0.48778,0.07866,0.92202,-0.37906,0.71038,0.68762,-0.15014,0.0312,0.94496,-0.32569,0.73169,0.63929,0.2365,-0.02407,0.95756,-0.28724
1.0,0.0165,0.94814,-0.31743,0.40089,0.20991,0.60065,0.7206,-0.34634,-0.05823,0.96827,-0.24302,0.13128,-0.5162,-0.84635,-0.54768,0.24903,0.15388,0.49803,-0.27901,-0.82105,0.12735,0.94618,-0.29754,0.59774,0.32094,-0.73464,0.10142,0.89582,-0.4327,0.71373,0.58061,-0.39178,0.08321,0.91255,-0.4004,0.71582,0.69693,-0.0435,0.03678,0.93871,-0.34274,0.73773,0.60561,0.29833,-0.02278,0.95504,-0.29559
1.0,0.01727,0.9493,-0.31389,0.4398,0.18205,0.62249,0.72684,-0.29018,-0.0616,0.96671,-0.24837,0.12201,-0.45638,-0.88138,-0.47778,0.26124,0.13756,0.54304,-0.27104,-0.79476,0.13226,0.94461,-0.30037,0.62252,0.40637,-0.66882,0.09706,0.89716,-0.4309,0.73193,0.59752,-0.32749,0.08185,0.91446,-0.39632,0.71092,0.69602,0.10076,0.03574,0.94072,-0.33729,0.75972,0.55254,0.34282,-0.02231,0.9543,-0.29802
1.0,0.0197,0.95032,-0.31066,0.4458,0.1568,0.66135,0.71337,-0.23176,-0.06609,0.96525,-0.25283,0.1123,-0.39968,-0.90975,-0.41394,0.27392,0.12282,0.59042,-0.22901,-0.77393,0.13546,0.94422,-0.30016,0.66633,0.44152,-0.60089,0.0942,0.89856,-0.42863,0.76813,0.58193,-0.26707,0.08128,0.91491,-0.39539,0.72972,0.65534,0.19504,0.03453,0.9438,-0.3287,0.76396,0.4919,0.4176,-0.0225,0.95477,-0.29648
1.0,0.02585,0.95023,-0.31049,0.40961,0.09778,0.6978,0.69369,-0.1785,-0.07031,0.96362,-0.25787,0.11443,-0.35396,-0.92823,-0.3643,0.31268,0.12266,0.63738,-0.2598,-0.72543,0.14124,0.9426,-0.30259,0.7087,0.47225,-0.52414,0.09744,0.89964,-0.42563,0.80179,0.54326,-0.24901,0.08503,0.91402,-0.39665,0.71971,0.61484,0.32247,0.0351,0.94652,-0.32073,0.74624,0.4378,0.50146,-0.0222,0.95556,-0.29395
1.0,0.03135,0.94866,-0.31474,0.42188,0.02736,0.72785,0.67528,-0.11932,-0.07367,0.96151,-0.2647,0.11623,-0.29296,-0.94903,-0.29941,0.37768,0.12186,0.68402,-0.31478,-0.65805,0.14987,0.93827,-0.31174,0.74525,0.53052,-0.40391,0.10119,0.90086,-0.42215,0.81851,0.56998,-0.07188,0.08849,0.91548,-0.39251,0.69604,0.55582,0.45452,0.0371,0.94952,-0.3115,0.73019,0.36544,0.5773,-0.02037,0.95652,-0.29094
1.0,0.0367,0.94697,-0.31921,0.52297,0,0.74104,0.66801,-0.06792,-0.07648,0.95926,-0.27198,0.12296,-0.23445,-0.96432,-0.2385,0.48301,0.12682,0.72407,-0.34553,-0.59693,0.15577,0.93577,-0.31634,0.76205,0.59917,-0.24551,0.10104,0.90503,-0.41317,0.81839,0.57259,0.04877,0.08924,0.92026,-0.38099,0.72728,0.52138,0.44635,0.03704,0.95029,-0.30916,0.75448,0.32363,0.57099,-0.02005,0.95611,-0.29234
1.0,0.05056,0.94528,-0.32232,0.47989,0,0.75293,0.65793,-0.01522,-0.07814,0.95736,-0.27813,0.14918,-0.19316,-0.96976,-0.19661,0.65765,0.15264,0.753,-0.40658,-0.51739,0.16406,0.93412,-0.31703,0.76893,0.62762,-0.12181,0.10571,0.90896,-0.40326,0.83966,0.54166,0.03974,0.09847,0.91968,-0.38012,0.80833,0.50778,0.29792,0.04156,0.94783,-0.31605,0.84195,0.32925,0.42745,-0.01673,0.95454,-0.29761
1.0,0.0522,0.94445,-0.32449,0.63112,0,0.7553,0.65537,0.00342,-0.07896,0.95572,-0.28348,0.16267,-0.1824,-0.96967,-0.18593,0.72827,0.16621,0.76532,-0.39833,-0.50559,0.16833,0.93317,-0.31758,0.73902,0.67201,0.04756,0.10774,0.91111,-0.39784,0.83191,0.54612,0.09832,0.10387,0.92013,-0.37758,0.81494,0.5031,0.28767,0.04621,0.94517,-0.3233,0.88786,0.34196,0.30783,-0.01383,0.95307,-0.30242
1.0,0.05583,0.94271,-0.3289,0.76241,0,0.76587,0.64278,0.01644,-0.07903,0.9555,-0.28419,0.17791,-0.18727,-0.96606,-0.19147,0.75977,0.18212,0.76238,-0.45375,-0.4614,0.16941,0.93318,-0.31699,0.68578,0.6944,0.21797,0.10797,0.91195,-0.39585,0.75311,0.56604,0.33528,0.1075,0.92214,-0.37163,0.73333,0.47897,0.48251,0.0472,0.94487,-0.32403,0.8029,0.3052,0.51205,-0.01307,0.95278,-0.30338
1.0,0.0535,0.94274,-0.3292,0.7701,0,0.76718,0.6412,0.0173,-0.07906,0.9554,-0.28453,0.17866,-0.18771,-0.96584,-0.19196,0.76071,0.18291,0.75784,-0.4885,-0.43249,0.16852,0.93487,-0.31243,0.67655,0.69513,0.24307,0.10812,0.91434,-0.39026,0.52721,0.54645,0.65073,0.10656,0.92485,-0.36509,0.53564,0.41545,0.73518,0.04656,0.94551,-0.32225,0.66327,0.25413,0.70391,-0.0129,0.9528,-0.30333
1.0,0.04759,0.94329,-0.32854,0.8204,0,0.77211,0.63535,0.01342,-0.07958,0.9543,-0.28807,0.17386,-0.19087,-0.9661,-0.19506,0.73878,0.17805,0.74945,-0.50136,-0.43239,0.16358,0.93633,-0.31068,0.67636,0.69167,0.25323,0.1075,0.91759,-0.38272,0.3085,0.4799,0.82129,0.09672,0.93228,-0.34856,0.29581,0.31731,0.90101,0.04182,0.948,-0.31552,0.44665,0.19886,0.87233,-0.01377,0.9532,-0.30204
1.0,0.03903,0.94397,-0.3277,0.78623,0,0.77958,0.62623,0.00996,-0.08158,0.95197,-0.29511,0.1673,-0.19289,-0.96685,-0.19692,0.71448,0.17134,0.74431,-0.48849,-0.45539,0.15927,0.93615,-0.31345,0.71489,0.67396,0.18632,0.10693,0.9187,-0.38021,0.07366,0.38857,0.91847,0.06808,0.94684,-0.31443,0.11216,0.23009,0.96668,0.02873,0.95328,-0.30072,0.2383,0.1745,0.95539,-0.01779,0.95453,-0.29759
1.0,0.03448,0.94515,-0.32482,0.74879,0,0.78224,0.62285,0.01285,-0.08437,0.95033,-0.29959,0.16826,-0.19137,-0.96699,-0.19538,0.72123,0.17228,0.74306,-0.48446,-0.4617,0.15394,0.93699,-0.31361,0.73618,0.66171,0.14206,0.10629,0.91937,-0.37876,0.04036,0.37098,0.92776,0.03537,0.96018,-0.27714,0.07293,0.20973,0.97504,0.0069,0.96073,-0.27742,0.19776,0.15675,0.96764,-0.02707,0.95726,-0.28796
1.0,0.02941,0.94734,-0.31888,0.71224,0,0.80017,0.59901,0.03015,-0.0877,0.94991,-0.29998,0.18226,-0.19497,-0.96373,-0.19961,0.75173,0.18691,0.73747,-0.47772,-0.47741,0.1446,0.93886,-0.31246,0.76504,0.63139,0.12672,0.1057,0.91999,-0.37743,0.02263,0.36408,0.93109,0.02049,0.96541,-0.25995,0.04445,0.19976,0.97884,-0.00768,0.96511,-0.26172,0.17725,0.1492,0.97279,-0.03494,0.95958,-0.27926
1.0,0.0227,0.9499,-0.31172,0.5408,0,0.80717,0.58886,0.04154,-0.09087,0.95038,-0.29751,0.18749,-0.189,-0.96391,-0.19362,0.7814,0.19211,0.73248,-0.46089,-0.50105,0.13473,0.94106,-0.31026,0.8142,0.58054,-0.00636,0.10547,0.92027,-0.37681,0.01662,0.35457,0.93488,0.01393,0.96761,-0.25205,0.03321,0.18841,0.98153,-0.01588,0.96741,-0.25271,0.19522,0.1071,0.97489,-0.03888,0.9608,-0.27449
1.0,0.01145,0.95404,-0.29947,0.32887,0.0151,0.82222,0.56537,0.06566,-0.09516,0.95158,-0.29232,0.19589,-0.17278,-0.96529,-0.17712,0.848,0.20021,0.72669,-0.37884,-0.57306,0.11826,0.94298,-0.31112,0.85344,0.49318,-0.16855,0.10541,0.92022,-0.37693,0.03334,0.34107,0.93945,0.01041,0.96925,-0.24586,0.05268,0.17657,0.98288,-0.01954,0.96878,-0.24714,0.237,0.07412,0.96868,-0.04064,0.96159,-0.27145
1.0,0.00199,0.95763,-0.28798,0.21923,0.06044,0.81019,0.58102,0.07751,-0.09752,0.95254,-0.28838,0.20665,-0.15938,-0.96535,-0.16362,0.91385,0.21089,0.71695,-0.27416,-0.64095,0.1064,0.94535,-0.30821,0.83167,0.46837,-0.29824,0.10522,0.92011,-0.37726,0.07405,0.30507,0.94945,0.00812,0.97009,-0.24259,0.08401,0.17661,0.98069,-0.02192,0.96984,-0.24274,0.26654,0.0182,0.96365,-0.04176,0.96222,-0.26905
1.0,-0.00181,0.96135,-0.27533,0.09831,0.17554,0.80177,0.59046,0.09228,-0.0986,0.95312,-0.28608,0.19581,-0.11366,-0.97403,-0.11616,1.04486,0.19838,0.68031,-0.23353,-0.69473,0.09294,0.94702,-0.30742,0.78019,0.44091,-0.44373,0.10395,0.91968,-0.37867,0.38503,0.34054,0.85778,0.00838,0.96969,-0.24419,0.17596,0.16424,0.9706,-0.023,0.97059,-0.23964,0.37507,-0.01256,0.92691,-0.04254,0.96267,-0.26731
1.0,0.0191,0.96822,-0.24936,0.02488,0,0.80057,0.59411,0.07826,-0.10121,0.95449,-0.28053,0.17503,-0.10692,-0.97874,-0.10881,1.02241,0.17696,0.59327,-0.19794,-0.78028,0.06201,0.94889,-0.30945,0.74318,0.44332,-0.50115,0.08848,0.91776,-0.38714,0.83799,0.41361,-0.35595,0.01111,0.96749,-0.25265,0.8886,0.40733,-0.2109,-0.01403,0.96812,-0.2501,0.93444,0.33032,-0.13307,-0.03619,0.96187,-0.27111
1.0,0.03825,0.97156,-0.23367,0.01261,0,0.82198,0.56474,0.07358,-0.10858,0.95785,-0.26596,0.16674,-0.11511,-0.97926,-0.11701,0.96658,0.16866,0.54695,-0.22497,-0.80637,0.03893,0.95082,-0.30728,0.75301,0.41894,-0.50741,0.06619,0.91759,-0.39198,0.83615,0.3626,-0.41155,0.02529,0.95203,-0.30497,0.85161,0.34607,-0.39369,-0.00947,0.9634,-0.26791,0.87087,0.31162,-0.38011,-0.03598,0.95623,-0.29041
1.0,0.03182,0.97061,-0.23856,0.11285,0,0.84424,0.53313,0.05511,-0.1211,0.96161,-0.24624,0.1245,-0.09507,-0.98765,-0.09596,0.91867,0.1254,0.5424,-0.27468,-0.79395,0.03237,0.95121,-0.30683,0.78681,0.44066,-0.43215,0.04685,0.92079,-0.38723,0.86815,0.35271,-0.34917,0.03517,0.93184,-0.36116,0.84693,0.32517,-0.42067,-0.00416,0.94761,-0.31939,0.86173,0.29302,-0.41419,-0.04585,0.9479,-0.31525
1.0,0.03167,0.96893,-0.24531,0.13153,0,0.86014,0.50818,0.04371,-0.12581,0.96217,-0.24168,0.10781,-0.09737,-0.98939,-0.0981,0.83623,0.10854,0.55081,-0.29248,-0.78171,0.03579,0.9499,-0.31049,0.80409,0.43071,-0.40979,0.04199,0.92239,-0.38396,0.88653,0.33659,-0.31745,0.03658,0.92859,-0.3693,0.83864,0.2993,-0.45509,-0.00287,0.93815,-0.34622,0.85583,0.27335,-0.43912,-0.04898,0.94595,-0.32058
1.0,0.03219,0.96764,-0.25028,0.15602,0,0.856,0.51442,0.05139,-0.12576,0.96204,-0.24222,0.11719,-0.09626,-0.98843,-0.09708,0.88313,0.11801,0.56646,-0.27575,-0.77659,0.04365,0.94816,-0.31479,0.81249,0.44476,-0.3769,0.04264,0.92236,-0.38398,0.89387,0.34597,-0.28514,0.04072,0.92666,-0.37368,0.86203,0.31058,-0.40055,-0.00059,0.93567,-0.35286,0.86802,0.27444,-0.4138,-0.04682,0.94501,-0.32368
1.0,0.03037,0.9653,-0.25939,0.18195,0,0.84294,0.53572,0.04961,-0.12439,0.9614,-0.24543,0.12915,-0.11197,-0.98528,-0.11316,0.85653,0.13034,0.5968,-0.29166,-0.74751,0.05638,0.94731,-0.31531,0.80146,0.46268,-0.37893,0.04451,0.92142,-0.38601,0.89751,0.37397,-0.23371,0.0477,0.92515,-0.37659,0.89127,0.33299,-0.30781,0.00695,0.93304,-0.3597,0.89266,0.27988,-0.35331,-0.04231,0.94347,-0.32873
1.0,0.02104,0.96234,-0.27102,0.3096,0.02357,0.84011,0.5408,0.04177,-0.12282,0.96019,-0.2509,0.13869,-0.13973,-0.98043,-0.14157,0.78167,0.14053,0.63576,-0.2916,-0.71469,0.07088,0.94594,-0.31651,0.83918,0.49362,-0.22831,0.0503,0.92076,-0.38688,0.90978,0.36918,-0.18977,0.05752,0.92506,-0.37544,0.86021,0.30218,-0.41076,0.01714,0.93079,-0.36516,0.90976,0.26525,-0.31936,-0.02982,0.943,-0.33146
1.0,0.02321,0.96095,-0.27576,0.35259,0.06375,0.82766,0.55803,0.05986,-0.12087,0.95898,-0.25643,0.15596,-0.12623,-0.97966,-0.12815,0.89035,0.15787,0.65942,-0.26173,-0.70474,0.08197,0.94418,-0.31907,0.83584,0.51975,-0.17671,0.05574,0.92116,-0.38516,0.90732,0.40506,-0.11269,0.06186,0.9253,-0.37415,0.9135,0.36215,-0.18535,0.02138,0.93101,-0.36438,0.93578,0.27808,-0.21678,-0.02616,0.94261,-0.33286
1.0,0.02269,0.9585,-0.28418,0.39878,0.12122,0.81976,0.56887,0.06615,-0.11733,0.95723,-0.26447,0.16478,-0.12367,-0.97855,-0.12572,0.92696,0.16683,0.67357,-0.26268,-0.69087,0.09133,0.94172,-0.32375,0.82949,0.55398,-0.07116,0.06191,0.92184,-0.38258,0.90246,0.43074,-0.00514,0.06574,0.9257,-0.3725,0.92071,0.3802,-0.08801,0.02574,0.93167,-0.3624,0.94693,0.28126,-0.15562,-0.02224,0.94181,-0.33541
1.0,0.02988,0.95671,-0.28951,0.41162,0.09398,0.81401,0.5744,0.08631,-0.11333,0.95552,-0.27228,0.18403,-0.11409,-0.97628,-0.11634,1.01582,0.18632,0.68548,-0.27514,-0.6741,0.1,0.93879,-0.32967,0.82389,0.56654,-0.01552,0.06851,0.92251,-0.37985,0.8972,0.43954,0.04276,0.07097,0.92605,-0.37068,0.92063,0.38869,-0.03687,0.03159,0.93204,-0.36097,0.94891,0.28511,-0.1352,-0.01721,0.94022,-0.34014
1.0,0.03817,0.95487,-0.29457,0.36579,0.07986,0.81085,0.57574,0.10512,-0.10919,0.95403,-0.2791,0.20515,-0.11138,-0.97237,-0.11405,1.07341,0.20793,0.70463,-0.28788,-0.64855,0.11068,0.93608,-0.33391,0.82062,0.5709,0.02563,0.07854,0.9228,-0.37719,0.8949,0.44074,0.07011,0.07937,0.92584,-0.36949,0.92072,0.39007,-0.01099,0.03999,0.93159,-0.36129,0.94589,0.28772,-0.15004,-0.01144,0.93831,-0.34561
1.0,0.04911,0.95322,-0.29826,0.36395,0.03922,0.80377,0.58254,0.1208,-0.10321,0.95224,-0.28738,0.22379,-0.1079,-0.96865,-0.11094,1.12151,0.22705,0.71868,-0.29962,-0.62747,0.12287,0.93324,-0.33759,0.81776,0.5747,0.03152,0.08759,0.92253,-0.37584,0.89359,0.44404,0.06572,0.08824,0.92493,-0.36974,0.91806,0.39619,-0.01395,0.04862,0.93038,-0.36336,0.94084,0.2981,-0.16108,-0.00442,0.93604,-0.35186
1.0,0.05852,0.95093,-0.30382,0.42659,0,0.78983,0.60284,0.11293,-0.09505,0.95027,-0.29657,0.22814,-0.11786,-0.96647,-0.12135,1.09394,0.23181,0.72963,-0.31704,-0.60591,0.13748,0.93069,-0.33898,0.80927,0.58743,0.00389,0.09805,0.92061,-0.37798,0.88735,0.46,0.03182,0.09712,0.92256,-0.37343,0.90894,0.41598,-0.02793,0.05613,0.92826,-0.36768,0.93577,0.3168,-0.15485,0.00173,0.9339,-0.35753
1.0,0.06095,0.95011,-0.30589,0.44967,0,0.78187,0.61459,0.1047,-0.08813,0.94876,-0.30346,0.22386,-0.12002,-0.9672,-0.12346,1.07866,0.22745,0.73307,-0.30477,-0.60805,0.14479,0.92906,-0.34041,0.80589,0.59149,-0.026,0.10474,0.91885,-0.38046,0.88405,0.46739,0.00079,0.10232,0.92072,-0.37657,0.90332,0.42672,-0.04385,0.06082,0.92683,-0.37053,0.93311,0.32816,-0.14703,0.00644,0.93273,-0.36052
1.0,0.06178,0.94945,-0.30778,0.45399,0,0.7761,0.62337,0.0953,-0.08343,0.94783,-0.30767,0.21628,-0.12115,-0.96879,-0.12441,1.06018,0.21964,0.73781,-0.30484,-0.60225,0.15,0.92847,-0.33978,0.80005,0.59897,-0.03401,0.11132,0.91699,-0.38306,0.87838,0.47794,-0.00457,0.10706,0.91904,-0.37934,0.89768,0.43893,-0.03891,0.06485,0.92573,-0.37258,0.93114,0.33883,-0.13478,0.01002,0.93201,-0.3623
1.0,0.0575,0.94866,-0.31101,0.44052,0,0.77485,0.62847,0.06814,-0.08183,0.94779,-0.30822,0.19462,-0.13461,-0.9716,-0.13767,0.96571,0.1977,0.74284,-0.3224,-0.58673,0.15328,0.92995,-0.3342,0.79292,0.60817,-0.03745,0.11336,0.91623,-0.38428,0.87007,0.49271,0.01439,0.10854,0.91833,-0.38065,0.88848,0.45563,0.05485,0.06622,0.9256,-0.37266,0.94188,0.33551,-0.01704,0.01052,0.93224,-0.36168
1.0,0.05294,0.94822,-0.31316,0.50852,0,0.77694,0.62843,0.03797,-0.08166,0.94804,-0.3075,0.17308,-0.15522,-0.9726,-0.15826,0.83973,0.17611,0.73189,-0.34664,-0.58666,0.15323,0.93115,-0.33087,0.78411,0.62045,-0.01472,0.11397,0.91588,-0.38494,0.86346,0.50209,0.04835,0.10868,0.91819,-0.38094,0.88167,0.45963,0.10679,0.0659,0.92624,-0.37114,0.94388,0.32611,0.05233,0.01036,0.93265,-0.36063
1.0,0.04556,0.94785,-0.31544,0.61218,0,0.78186,0.6234,0.00838,-0.08213,0.94856,-0.30575,0.156,-0.1826,-0.97073,-0.18593,0.70699,0.15934,0.71363,-0.36968,-0.59504,0.14878,0.93295,-0.32783,0.77187,0.635,0.03152,0.11331,0.91637,-0.38396,0.84466,0.5179,0.13535,0.10835,0.91863,-0.37997,0.86017,0.4623,0.2154,0.06562,0.92674,-0.36993,0.92813,0.30736,0.21,0.01022,0.93299,-0.35975
1.0,0.04199,0.94815,-0.31503,0.60882,0,0.78005,0.62559,-0.01227,-0.08273,0.94909,-0.30395,0.14166,-0.19566,-0.97039,-0.19897,0.62665,0.14496,0.7035,-0.37834,-0.60162,0.14571,0.93429,-0.32539,0.77209,0.63552,-0.00133,0.11175,0.91716,-0.38254,0.83194,0.53021,0.16358,0.10759,0.91944,-0.37823,0.84469,0.4687,0.2585,0.06508,0.92749,-0.36814,0.91386,0.30476,0.26829,0.00981,0.9336,-0.35819
1.0,0.03774,0.94813,-0.31563,0.65237,0,0.78105,0.62357,-0.03355,-0.0839,0.94987,-0.30118,0.12573,-0.20966,-0.96966,-0.21294,0.5402,0.12895,0.69042,-0.42812,-0.58313,0.14156,0.93596,-0.32239,0.76912,0.6391,-0.00267,0.10894,0.9181,-0.38109,0.78169,0.55063,0.29287,0.10596,0.92094,-0.37502,0.74661,0.46361,0.47712,0.06357,0.9293,-0.36382,0.82255,0.282,0.49386,0.00865,0.93492,-0.35476
1.0,0.03556,0.94838,-0.31514,0.63482,0,0.78219,0.62157,-0.04277,-0.0851,0.95049,-0.29886,0.11826,-0.21551,-0.96931,-0.21878,0.50187,0.1214,0.68212,-0.44557,-0.57981,0.1387,0.93719,-0.32006,0.77467,0.63138,-0.03522,0.10628,0.9188,-0.38014,0.76678,0.55336,0.32532,0.10382,0.92274,-0.37117,0.73377,0.46044,0.49958,0.06083,0.9318,-0.35783,0.81221,0.27793,0.5129,0.00713,0.93627,-0.35121
1.0,0.03248,0.94905,-0.31346,0.58653,0,0.77543,0.62861,-0.05959,-0.08609,0.95101,-0.29693,0.1115,-0.22921,-0.96697,-0.23274,0.45276,0.1148,0.67186,-0.45116,-0.58741,0.13513,0.93855,-0.31759,0.77515,0.62375,-0.1004,0.10476,0.91902,-0.38003,0.75226,0.56696,0.33565,0.0993,0.92594,-0.36437,0.71974,0.47126,0.50979,0.05676,0.93509,-0.34984,0.80503,0.29084,0.51705,0.00435,0.93854,-0.34513
1.0,0.02991,0.9495,-0.31235,0.54149,0,0.77492,0.62838,-0.06817,-0.08706,0.95151,-0.29503,0.10855,-0.23856,-0.96504,-0.24235,0.42703,0.11202,0.66718,-0.44241,-0.59929,0.13134,0.93969,-0.31579,0.77942,0.60864,-0.14851,0.10352,0.91905,-0.38031,0.74791,0.57087,0.33874,0.09568,0.92843,-0.35898,0.69902,0.47184,0.53735,0.05257,0.93827,-0.3419,0.78639,0.29138,0.54469,0.00106,0.94107,-0.33821
1.0,0.02738,0.94951,-0.31255,0.52392,0,0.77316,0.62999,-0.07304,-0.08798,0.95203,-0.29309,0.10967,-0.24624,-0.96298,-0.25034,0.419,0.11339,0.66504,-0.42132,-0.61661,0.12906,0.94004,-0.3157,0.77993,0.60112,-0.17424,0.10287,0.91897,-0.38067,0.73772,0.5759,0.35229,0.09378,0.92978,-0.35597,0.68116,0.47361,0.55831,0.0502,0.94006,-0.3373,0.76596,0.29294,0.57227,-0.00104,0.94267,-0.33372
1.0,0.0256,0.94958,-0.31249,0.45592,0,0.76614,0.63893,-0.06933,-0.08878,0.95249,-0.29135,0.11968,-0.24783,-0.96138,-0.25229,0.44989,0.12385,0.66854,-0.41376,-0.61795,0.12774,0.93991,-0.31663,0.77873,0.5848,-0.22712,0.10236,0.91881,-0.38119,0.66849,0.58524,0.45893,0.0927,0.93059,-0.35412,0.60358,0.46227,0.64961,0.04813,0.94159,-0.33331,0.69732,0.28601,0.65722,-0.00288,0.94404,-0.32982
1.0,0.02257,0.94973,-0.31226,0.3895,0,0.7658,0.64087,-0.05331,-0.08928,0.95273,-0.29039,0.13828,-0.24506,-0.9596,-0.25003,0.51375,0.14312,0.68145,-0.37247,-0.62999,0.12752,0.93968,-0.3174,0.78724,0.55299,-0.27286,0.10183,0.9184,-0.38233,0.59264,0.58155,0.55729,0.09216,0.93103,-0.35312,0.53168,0.44775,0.71891,0.04702,0.94239,-0.33119,0.63625,0.27596,0.72044,-0.00399,0.94482,-0.32756
1.0,0.0223,0.94969,-0.31239,0.27952,0,0.76917,0.63897,-0.0101,-0.08964,0.95278,-0.29014,0.17824,-0.22968,-0.95681,-0.23559,0.65996,0.18418,0.70793,-0.37073,-0.60116,0.12891,0.93908,-0.31862,0.80045,0.51366,-0.30894,0.10168,0.91701,-0.38569,0.23404,0.48877,0.84043,0.08817,0.93378,-0.34681,0.26808,0.34597,0.89913,0.04296,0.94487,-0.32461,0.41999,0.21357,0.88204,-0.00612,0.94618,-0.32359
1.0,0.02421,0.9499,-0.31162,0.20564,0,0.765,0.64341,0.02822,-0.08954,0.95262,-0.2907,0.21736,-0.2167,-0.95173,-0.22387,0.78692,0.22453,0.73143,-0.36978,-0.57295,0.13319,0.93886,-0.3175,0.80698,0.49301,-0.32515,0.10348,0.91401,-0.39227,0.06806,0.43316,0.89874,0.07564,0.94117,-0.32935,0.11887,0.28711,0.95049,0.03139,0.95075,-0.30837,0.29068,0.1685,0.94187,-0.0111,0.94886,-0.3155
1.0,0.02653,0.95045,-0.30974,0.09803,0,0.74983,0.65601,0.08607,-0.08932,0.95239,-0.2915,0.25838,-0.17057,-0.95087,-0.1775,0.98731,0.26532,0.75055,-0.35968,-0.55435,0.13458,0.93871,-0.31736,0.79647,0.4712,-0.37896,0.10456,0.91228,-0.396,0.00274,0.38849,0.92145,0.05881,0.9501,-0.30635,0.04015,0.22962,0.97245,0.00991,0.95952,-0.28148,0.21121,0.15081,0.96574,-0.02066,0.95322,-0.30157
1.0,0.02946,0.95055,-0.30918,0.11541,0,0.73347,0.66751,0.12825,-0.08912,0.95216,-0.29232,0.28431,-0.1299,-0.94989,-0.13591,1.14221,0.29082,0.76888,-0.35583,-0.53123,0.13679,0.93809,-0.31825,0.79617,0.5044,-0.3342,0.10662,0.90996,-0.40076,-0.02325,0.3561,0.93416,0.04325,0.95768,-0.28458,-0.00167,0.18678,0.9824,-0.00643,0.96492,-0.26248,0.15593,0.14882,0.97649,-0.03125,0.95721,-0.2877
1.0,0.03197,0.94984,-0.31109,0.12438,0,0.71934,0.67657,0.15747,-0.08878,0.95176,-0.29371,0.30213,-0.1006,-0.94794,-0.10573,1.24938,0.30855,0.78887,-0.32869,-0.51928,0.14225,0.93662,-0.32018,0.79329,0.53125,-0.29742,0.10878,0.90816,-0.40424,-0.03306,0.33792,0.9406,0.0315,0.96246,-0.26959,-0.02009,0.16207,0.98657,-0.01552,0.96727,-0.25326,0.12662,0.11783,0.98493,-0.0391,0.95956,-0.27878
1.0,0.03555,0.94864,-0.31436,0.19408,0,0.72639,0.66341,0.17959,-0.08833,0.95132,-0.29528,0.30745,-0.07996,-0.9482,-0.08413,1.31636,0.31355,0.80052,-0.3122,-0.51156,0.14732,0.93474,-0.32335,0.80337,0.55378,-0.2189,0.11091,0.9071,-0.40605,-0.01782,0.32315,0.94618,0.02867,0.96361,-0.26577,-0.0376,0.1301,0.99079,-0.01914,0.96806,-0.24999,0.08973,0.07635,0.99304,-0.04345,0.96062,-0.27445
1.0,0.04159,0.94719,-0.31796,0.25631,0,0.72971,0.65983,0.17928,-0.08671,0.95037,-0.29878,0.30811,-0.08325,-0.9477,-0.08762,1.30689,0.31434,0.81581,-0.293,-0.49861,0.15855,0.93242,-0.32473,0.80437,0.5735,-0.15516,0.11363,0.90645,-0.40675,-0.028,0.31941,0.9472,0.02812,0.96447,-0.2627,-0.05147,0.12481,0.99084,-0.02006,0.96827,-0.24911,0.06437,0.0725,0.99529,-0.04572,0.96107,-0.27249
1.0,0.05028,0.94564,-0.3213,0.14593,0,0.71458,0.67893,0.16862,-0.08248,0.94901,-0.30425,0.30391,-0.08417,-0.94898,-0.08847,1.3006,0.30993,0.82576,-0.29395,-0.48136,0.17452,0.93025,-0.32277,0.78722,0.55894,-0.26053,0.11594,0.90572,-0.40772,-0.03824,0.3224,0.94583,0.03016,0.96491,-0.26084,-0.02058,0.14794,0.98878,-0.01695,0.96858,-0.24811,0.09479,0.09124,0.99131,-0.04553,0.96162,-0.2706
1.0,0.05617,0.94323,-0.32737,0.2238,0,0.70846,0.6917,0.14015,-0.07609,0.94736,-0.31099,0.29079,-0.10515,-0.95099,-0.11012,1.22383,0.29675,0.82381,-0.28835,-0.48804,0.18485,0.92768,-0.3244,0.77688,0.59111,-0.21689,0.1184,0.90479,-0.40907,-0.00216,0.36074,0.93267,0.03304,0.9648,-0.26089,0.02589,0.1927,0.98092,-0.0121,0.96836,-0.24926,0.14457,0.13663,0.98002,-0.04341,0.96181,-0.27024
1.0,0.06341,0.94077,-0.33306,0.31773,0,0.72034,0.68664,0.09817,-0.06743,0.94541,-0.31882,0.26441,-0.14098,-0.95405,-0.14671,1.08095,0.27036,0.813,-0.30157,-0.49808,0.19552,0.92421,-0.32804,0.77788,0.60718,-0.16195,0.12273,0.90356,-0.41051,0.07269,0.41544,0.90671,0.03932,0.96357,-0.26456,0.10805,0.25473,0.96096,-0.00509,0.9673,-0.25357,0.22205,0.18879,0.95658,-0.03924,0.96136,-0.27249
1.0,0.0674,0.93966,-0.33541,0.39232,0,0.72725,0.68324,0.06544,-0.06229,0.94462,-0.32221,0.23564,-0.15899,-0.95875,-0.16433,0.97725,0.24101,0.80256,-0.30943,-0.51004,0.20049,0.92266,-0.3294,0.77348,0.61734,-0.14361,0.1289,0.90192,-0.41222,0.09843,0.40671,0.90824,0.0457,0.96139,-0.27137,0.13977,0.27144,0.95225,0.00066,0.96601,-0.25849,0.27679,0.16465,0.94672,-0.03473,0.96054,-0.27596
1.0,0.06707,0.93972,-0.33531,0.41015,0,0.72402,0.68885,0.03576,-0.0606,0.94455,-0.32271,0.20764,-0.16822,-0.96363,-0.17283,0.8899,0.21223,0.79512,-0.3249,-0.51207,0.20314,0.92251,-0.32819,0.76269,0.6252,-0.16562,0.13362,0.90057,-0.41367,0.117,0.4078,0.90554,0.05014,0.95967,-0.27661,0.19557,0.29862,0.93412,0.00446,0.96508,-0.26193,0.37558,0.19692,0.90563,-0.0305,0.95989,-0.27872
1.0,0.06161,0.94131,-0.33186,0.36094,0,0.72683,0.68681,0.00268,-0.05986,0.94488,-0.32189,0.17572,-0.18218,-0.96744,-0.18613,0.76734,0.17967,0.7713,-0.35057,-0.53122,0.1994,0.92389,-0.3266,0.75976,0.59984,-0.25091,0.13547,0.89948,-0.41544,0.16659,0.41441,0.89471,0.0525,0.95862,-0.27982,0.28224,0.33964,0.89721,0.00929,0.96423,-0.2649,0.41287,0.21139,0.88592,-0.02668,0.95968,-0.27981
1.0,0.05947,0.9418,-0.33087,0.34563,0,0.72229,0.69065,-0.0361,-0.05998,0.94571,-0.31943,0.14795,-0.20529,-0.96745,-0.20909,0.62447,0.15175,0.75047,-0.40801,-0.51993,0.19419,0.92592,-0.32398,0.74757,0.59335,-0.29847,0.13419,0.89847,-0.41803,0.17348,0.4365,0.88282,0.05306,0.95807,-0.28158,0.24986,0.33373,0.90895,0.01211,0.96415,-0.26507,0.36765,0.24193,0.89795,-0.02537,0.96015,-0.27831
1.0,0.05635,0.94284,-0.32844,0.33997,0,0.7244,0.68549,-0.07313,-0.06126,0.94703,-0.31526,0.12878,-0.23878,-0.9625,-0.24318,0.49462,0.13301,0.7274,-0.45899,-0.51011,0.18778,0.9288,-0.31949,0.74442,0.5722,-0.34413,0.13015,0.89789,-0.42054,0.15317,0.45628,0.87655,0.051,0.95881,-0.27945,0.22105,0.33851,0.91463,0.00987,0.96499,-0.26209,0.34539,0.26659,0.8998,-0.02784,0.96121,-0.27441
1.0,0.0527,0.94328,-0.32778,0.41438,0,0.71857,0.68734,-0.10591,-0.06237,0.94799,-0.31212,0.11626,-0.26886,-0.95614,-0.27411,0.40813,0.121,0.72111,-0.45076,-0.52614,0.18335,0.93071,-0.31649,0.73901,0.58924,-0.3266,0.12768,0.89782,-0.42146,0.20505,0.49827,0.84243,0.04936,0.95906,-0.27887,0.29549,0.40182,0.86673,0.00849,0.96526,-0.26117,0.40184,0.31368,0.86031,-0.02954,0.96161,-0.27283
1.0,0.04997,0.94373,-0.32691,0.47923,0,0.70467,0.69483,-0.14368,-0.0629,0.94848,-0.31055,0.10199,-0.29959,-0.9486,-0.30591,0.32813,0.10711,0.71565,-0.43656,-0.54522,0.18018,0.93236,-0.31344,0.72186,0.61291,-0.32133,0.12643,0.89811,-0.42121,0.64651,0.66057,0.38167,0.05126,0.95754,-0.28372,0.46834,0.50385,0.72581,0.01004,0.96466,-0.26331,0.55144,0.34772,0.75829,-0.02947,0.96148,-0.27327
1.0,0.04579,0.94457,-0.32509,0.54375,0,0.69435,0.70001,-0.16693,-0.06324,0.94878,-0.30954,0.09274,-0.31707,-0.94386,-0.32409,0.28456,0.09794,0.71291,-0.41836,-0.56278,0.17778,0.93363,-0.31101,0.70927,0.62984,-0.31661,0.12484,0.89864,-0.42055,0.69244,0.67349,0.2587,0.05642,0.95446,-0.29295,0.51212,0.5368,0.67051,0.01197,0.96389,-0.26602,0.58111,0.37061,0.72454,-0.02915,0.96125,-0.27414
1.0,0.03931,0.94546,-0.32336,0.56401,0,0.686,0.70562,-0.17747,-0.06385,0.94934,-0.3077,0.08637,-0.32116,-0.94308,-0.32823,0.26272,0.09133,0.70538,-0.38261,-0.5967,0.17336,0.93464,-0.31046,0.7008,0.62984,-0.33495,0.12226,0.89948,-0.41951,0.70568,0.67767,0.2068,0.05972,0.95235,-0.29909,0.53166,0.55264,0.64181,0.01328,0.96323,-0.26836,0.59663,0.38495,0.70416,-0.02902,0.96093,-0.27525
1.0,0.02001,0.94574,-0.3243,0.6049,0.2545,0.66983,0.71715,-0.19239,-0.06457,0.94998,-0.30557,0.07966,-0.32702,-0.94165,-0.33426,0.23893,0.08439,0.67554,-0.23532,-0.69876,0.16192,0.93401,-0.31845,0.68425,0.64387,-0.34239,0.11864,0.90049,-0.41837,0.67937,0.69535,0.23438,0.0622,0.95049,-0.30447,0.53625,0.56514,0.62694,0.0141,0.96265,-0.27039,0.60825,0.39644,0.68765,-0.02924,0.96065,-0.2762
1.0,-0.00366,0.94661,-0.32235,0.5507,0.71823,0.66661,0.71686,-0.20428,-0.06541,0.95076,-0.30295,0.07379,-0.33618,-0.9389,-0.34383,0.21608,0.07843,0.54513,-0.0429,-0.83725,0.12224,0.93509,-0.33265,0.67979,0.62171,-0.38905,0.11646,0.90087,-0.41817,0.55409,0.69733,0.45466,0.06316,0.94971,-0.30668,0.4805,0.54926,0.68369,0.01423,0.96242,-0.2712,0.60062,0.39104,0.69738,-0.02949,0.96045,-0.27688
1.0,-0.00519,0.94648,-0.32272,0.54109,0.93914,0.66924,0.71214,-0.21209,-0.06646,0.95178,-0.2995,0.07065,-0.34513,-0.93589,-0.35329,0.20191,0.07534,0.49045,0.02679,-0.87106,0.10766,0.93567,-0.33606,0.68054,0.62709,-0.37897,0.11467,0.90119,-0.41799,0.60991,0.69949,0.37246,0.06373,0.94943,-0.30745,0.49222,0.5393,0.68329,0.01417,0.96224,-0.27185,0.63076,0.38104,0.67598,-0.02955,0.96027,-0.2775
1.0,-0.00479,0.94635,-0.32312,0.57108,0.95525,0.66906,0.7118,-0.21377,-0.06701,0.95238,-0.29745,0.06586,-0.34328,-0.93692,-0.3512,0.18954,0.07017,0.49155,0.03497,-0.87015,0.10742,0.93561,-0.3363,0.6803,0.63426,-0.36728,0.11377,0.90136,-0.41786,0.60097,0.69529,0.39421,0.0642,0.94917,-0.30814,0.49889,0.53872,0.67889,0.01434,0.96204,-0.27253,0.63394,0.37876,0.67428,-0.02936,0.96012,-0.27805
1.0,-0.00231,0.94566,-0.32516,0.59667,0.89428,0.6751,0.70722,-0.20997,-0.06738,0.95287,-0.29581,0.06468,-0.34026,-0.9381,-0.34796,0.18785,0.06884,0.50379,0.033,-0.8632,0.11166,0.93479,-0.3372,0.68488,0.62544,-0.37384,0.11242,0.90152,-0.41787,0.52869,0.6733,0.51687,0.06439,0.9491,-0.30832,0.48229,0.52372,0.70222,0.01453,0.96186,-0.27316,0.60837,0.36326,0.70564,-0.0292,0.95996,-0.27862
1.0,0.00076,0.94499,-0.32711,0.59911,0.78626,0.68153,0.70466,-0.1974,-0.06745,0.95308,-0.2951,0.0646,-0.32663,-0.94294,-0.33346,0.19527,0.06841,0.52297,0.03027,-0.85181,0.11911,0.93363,-0.33786,0.69091,0.6247,-0.36386,0.11138,0.90147,-0.41827,0.4642,0.64,0.6123,0.06442,0.94915,-0.30816,0.45772,0.50037,0.73493,0.01469,0.96179,-0.2734,0.57428,0.34347,0.74312,-0.0291,0.95989,-0.27887
1.0,0.00313,0.9442,-0.32936,0.53061,0.69351,0.67869,0.71179,-0.18092,-0.06725,0.95319,-0.2948,0.06375,-0.30251,-0.95101,-0.30797,0.20771,0.06694,0.53303,0.03721,-0.84528,0.12729,0.93148,-0.34079,0.68304,0.63015,-0.36929,0.11092,0.9013,-0.41875,0.43533,0.61569,0.65682,0.06443,0.94926,-0.30782,0.45314,0.47931,0.75162,0.01508,0.96169,-0.27372,0.56022,0.32369,0.76248,-0.02887,0.9598,-0.27919
1.0,0.00366,0.94373,-0.3307,0.48756,0.61815,0.66566,0.72829,-0.16274,-0.06699,0.95314,-0.29501,0.06508,-0.27389,-0.95956,-0.27805,0.23327,0.06772,0.54326,0.05418,-0.83781,0.13336,0.92979,-0.3431,0.66707,0.64747,-0.36851,0.11071,0.90115,-0.41913,0.39972,0.59567,0.6967,0.06447,0.94947,-0.30716,0.42893,0.45921,0.77791,0.01553,0.96156,-0.27417,0.53149,0.31148,0.78772,-0.02872,0.95969,-0.2796
1.0,0.00288,0.944,-0.32994,0.38667,0.49403,0.66491,0.73513,-0.1322,-0.0666,0.953,-0.29557,0.06904,-0.23672,-0.96912,-0.23957,0.28377,0.07112,0.54681,0.08485,-0.83295,0.13705,0.92827,-0.34574,0.66161,0.63609,-0.39708,0.11065,0.90107,-0.41933,0.29389,0.53011,0.79537,0.06421,0.9498,-0.30621,0.3523,0.40304,0.84465,0.01551,0.96161,-0.27397,0.46833,0.27552,0.8395,-0.02879,0.95972,-0.27948
1.0,0.00235,0.94403,-0.32984,0.33487,0.4369,0.65536,0.74654,-0.11479,-0.06631,0.95287,-0.29603,0.07212,-0.21313,-0.97436,-0.21535,0.32629,0.07388,0.54974,0.10875,-0.82822,0.14006,0.9275,-0.3466,0.64944,0.64714,-0.39929,0.11058,0.90087,-0.41978,0.24337,0.50231,0.82973,0.06393,0.95007,-0.30543,0.30681,0.37283,0.87571,0.01539,0.96171,-0.27365,0.43036,0.27036,0.86122,-0.02883,0.95977,-0.2793
1.0,0.00002,0.94424,-0.32927,0.29692,0.41916,0.64891,0.75344,-0.10606,-0.06593,0.95271,-0.29665,0.07584,-0.20275,-0.97629,-0.20476,0.35796,0.07753,0.55293,0.12627,-0.82361,0.14049,0.92766,-0.34599,0.64097,0.65186,-0.40527,0.11049,0.9006,-0.42037,0.19035,0.48519,0.85344,0.06361,0.95034,-0.30466,0.26608,0.34212,0.9012,0.01522,0.96181,-0.2733,0.38858,0.28779,0.87532,-0.02889,0.95982,-0.27912
1.0,-0.00081,0.94437,-0.32888,0.26406,0.38952,0.64259,0.75978,-0.09907,-0.06541,0.95248,-0.29749,0.07745,-0.19304,-0.97813,-0.19486,0.38156,0.07902,0.55292,0.14092,-0.82123,0.14123,0.92784,-0.34521,0.63128,0.65206,-0.41989,0.11038,0.90029,-0.42106,0.18088,0.47509,0.86115,0.06314,0.95071,-0.30358,0.25837,0.33245,0.90704,0.01493,0.96198,-0.27272,0.38762,0.28306,0.87728,-0.02904,0.95993,-0.27873
1.0,-0.00022,0.94414,-0.32955,0.30789,0.41242,0.63788,0.76304,-0.10432,-0.0649,0.95223,-0.29841,0.07637,-0.19746,-0.97733,-0.19936,0.36903,0.07798,0.56033,0.12538,-0.81872,0.14162,0.92787,-0.34496,0.62958,0.67367,-0.38704,0.11024,0.90003,-0.42165,0.18516,0.48396,0.85528,0.06251,0.9512,-0.30219,0.26042,0.33988,0.90369,0.01457,0.96218,-0.27203,0.38779,0.2901,0.87491,-0.02929,0.96009,-0.27814
1.0,-0.00114,0.94385,-0.33037,0.32092,0.43438,0.63068,0.7683,-0.10939,-0.0644,0.95196,-0.29937,0.07401,-0.19986,-0.97703,-0.20177,0.35464,0.0756,0.55607,0.12504,-0.82168,0.14195,0.92772,-0.34522,0.6228,0.6882,-0.37214,0.11004,0.89984,-0.4221,0.18104,0.48586,0.85508,0.06174,0.95172,-0.30068,0.25948,0.34375,0.9025,0.01411,0.96238,-0.27135,0.39217,0.29767,0.8704,-0.02963,0.96024,-0.27759
1.0,-0.00303,0.94391,-0.33019,0.30621,0.44905,0.62662,0.77201,-0.10655,-0.06401,0.95174,-0.30016,0.07346,-0.19463,-0.97812,-0.19641,0.36092,0.07496,0.55191,0.13884,-0.82226,0.1413,0.92767,-0.34565,0.61761,0.69648,-0.36534,0.1097,0.89957,-0.42278,0.16875,0.47448,0.86394,0.06098,0.95223,-0.29922,0.2507,0.33424,0.90854,0.01368,0.96256,-0.27071,0.39129,0.29346,0.87222,-0.0299,0.96036,-0.27715
1.0,-0.00505,0.94409,-0.32966,0.3647,0.54629,0.62415,0.77553,-0.09485,-0.06372,0.95153,-0.30088,0.07453,-0.17995,-0.98085,-0.18145,0.39266,0.07584,0.54828,0.15426,-0.82195,0.14081,0.9275,-0.3463,0.61772,0.73261,-0.28585,0.1094,0.89951,-0.42297,0.14927,0.44924,0.88085,0.05997,0.95286,-0.29741,0.23545,0.31114,0.92074,0.01311,0.9628,-0.2699,0.38244,0.27515,0.88206,-0.03023,0.96051,-0.2766
1.0,-0.00788,0.94464,-0.32802,0.42685,0.61763,0.61782,0.78262,-0.07623,-0.06356,0.95138,-0.3014,0.0827,-0.16107,-0.98347,-0.16234,0.47431,0.08389,0.54097,0.18219,-0.82107,0.13936,0.92742,-0.34708,0.61499,0.75238,-0.23604,0.10921,0.89965,-0.42273,0.13855,0.43351,0.89043,0.05913,0.95338,-0.29592,0.22193,0.29249,0.93016,0.01263,0.963,-0.26922,0.37339,0.25944,0.89066,-0.03052,0.96064,-0.27612
1.0,-0.00861,0.94489,-0.32727,0.53234,0.75417,0.61214,0.78868,-0.05719,-0.06333,0.9511,-0.30231,0.09427,-0.14459,-0.98499,-0.14575,0.57776,0.09542,0.55313,0.18967,-0.81122,0.13833,0.92732,-0.34777,0.60794,0.78595,-0.11266,0.10917,0.89984,-0.42234,0.13318,0.41006,0.90228,0.05824,0.95393,-0.29433,0.20427,0.27484,0.93954,0.01189,0.96328,-0.26824,0.35429,0.24291,0.90303,-0.03099,0.96081,-0.27547
1.0,-0.00557,0.94433,-0.32896,0.69748,0.93567,0.62522,0.77953,-0.03778,-0.06322,0.9509,-0.30297,0.10464,-0.1317,-0.98575,-0.13282,0.67137,0.10575,0.56235,0.19978,-0.8024,0.13708,0.92729,-0.34833,0.57586,0.80682,0.13204,0.10917,0.9,-0.422,0.13746,0.39189,0.90969,0.0572,0.95461,-0.29231,0.20061,0.26102,0.94426,0.01104,0.96362,-0.26706,0.35646,0.21431,0.9094,-0.0315,0.96102,-0.27468
1.0,-0.00006,0.94289,-0.33309,0.91946,1,0.63859,0.76872,-0.0356,-0.06311,0.95066,-0.30374,0.11801,-0.14354,-0.98258,-0.14506,0.68811,0.11953,0.56428,0.2085,-0.79882,0.13672,0.92725,-0.34858,0.47641,0.77771,0.41012,0.10914,0.90015,-0.42169,0.15027,0.40842,0.90034,0.0563,0.95527,-0.29033,0.21378,0.28505,0.93437,0.01045,0.96386,-0.26619,0.3795,0.21328,0.90027,-0.0317,0.96114,-0.27423
1.0,0.00154,0.94321,-0.33221,0.86359,1,0.64395,0.76473,-0.02281,-0.06288,0.95037,-0.3047,0.1232,-0.13308,-0.98342,-0.13451,0.74686,0.12463,0.55099,0.24437,-0.79793,0.13607,0.92744,-0.34834,0.52272,0.78352,0.33594,0.10912,0.90059,-0.42076,0.16511,0.39056,0.90565,0.05561,0.95602,-0.28798,0.21694,0.26905,0.93838,0.01014,0.96408,-0.26543,0.38392,0.18391,0.90487,-0.03154,0.96124,-0.27389
1.0,0.00031,0.94437,-0.32888,0.72899,1,0.64991,0.75996,-0.00885,-0.06258,0.95005,-0.30577,0.11992,-0.11403,-0.98621,-0.11512,0.81054,0.121,0.53988,0.27114,-0.79687,0.13411,0.92806,-0.34743,0.60208,0.78465,0.14777,0.10916,0.90083,-0.42022,0.16355,0.37349,0.91311,0.05521,0.95663,-0.28604,0.21172,0.25036,0.94472,0.00997,0.96426,-0.26476,0.3753,0.17181,0.91084,-0.03136,0.96134,-0.27357
1.0,0.00034,0.94439,-0.32882,0.74503,1,0.64923,0.76045,-0.01483,-0.06222,0.9497,-0.30691,0.11282,-0.11556,-0.98687,-0.11657,0.77339,0.11382,0.52384,0.28353,-0.80325,0.13262,0.92845,-0.34699,0.60188,0.78546,0.14421,0.10921,0.90098,-0.41989,0.17281,0.38192,0.9079,0.05494,0.95709,-0.28455,0.22593,0.25759,0.93947,0.0099,0.96443,-0.26415,0.39153,0.17709,0.90296,-0.03118,0.96142,-0.2733
1.0,0.00223,0.94453,-0.3284,0.76924,1,0.64709,0.7621,-0.02172,-0.06193,0.94946,-0.30772,0.10241,-0.11512,-0.98806,-0.11599,0.72705,0.10328,0.49983,0.29972,-0.81261,0.12953,0.92904,-0.34656,0.59019,0.78697,0.17984,0.10925,0.90118,-0.41946,0.19974,0.36394,0.90975,0.0548,0.95758,-0.28292,0.25,0.2421,0.93749,0.0099,0.96463,-0.26342,0.41992,0.15058,0.89498,-0.03088,0.96154,-0.27294
1.0,0.0012,0.94466,-0.32805,0.726,1,0.64312,0.76535,-0.02507,-0.06163,0.94925,-0.30844,0.09651,-0.11349,-0.98884,-0.11427,0.70472,0.09729,0.48688,0.30953,-0.81679,0.12721,0.92939,-0.34648,0.60351,0.78918,0.11388,0.1093,0.9014,-0.41896,0.20563,0.36645,0.90743,0.05475,0.95804,-0.28135,0.25803,0.24677,0.93409,0.00999,0.96485,-0.26263,0.42873,0.1555,0.88995,-0.03048,0.96166,-0.27253
1.0,-0.00077,0.94455,-0.32835,0.70389,1,0.64262,0.76566,-0.02845,-0.06118,0.94891,-0.30957,0.09692,-0.11806,-0.98827,-0.1189,0.68737,0.09776,0.49088,0.29901,-0.81831,0.12552,0.9294,-0.34707,0.60798,0.78895,0.08891,0.10935,0.90158,-0.41856,0.19887,0.37908,0.90374,0.05459,0.9586,-0.27947,0.24847,0.26052,0.93295,0.01002,0.96513,-0.26157,0.41961,0.16872,0.89188,-0.03001,0.96183,-0.272
1.0,0.00065,0.94389,-0.33025,0.71292,1,0.66519,0.74626,-0.02491,-0.06087,0.94855,-0.31073,0.11923,-0.13909,-0.98308,-0.14055,0.70869,0.1207,0.52866,0.2566,-0.80912,0.12487,0.92935,-0.34744,0.62359,0.77414,0.10884,0.1094,0.90175,-0.41819,0.16791,0.41516,0.89412,0.05435,0.95902,-0.27807,0.23114,0.27866,0.93216,0.01,0.96531,-0.26092,0.38194,0.20773,0.90054,-0.02968,0.96192,-0.27172
1.0,0.00388,0.94408,-0.32969,0.57264,0.84171,0.69982,0.71428,-0.00741,-0.06094,0.94807,-0.31218,0.15356,-0.16056,-0.97501,-0.16321,0.76312,0.15621,0.62765,0.13579,-0.76656,0.1339,0.9287,-0.3458,0.68831,0.72541,0.00143,0.10976,0.90221,-0.4171,0.12097,0.42021,0.89932,0.05326,0.95966,-0.27606,0.17874,0.26723,0.94691,0.00954,0.96551,-0.26018,0.30455,0.2086,0.92937,-0.02976,0.96198,-0.2715
1.0,0.01235,0.9451,-0.32655,0.46202,0.60514,0.74518,0.66644,0.02388,-0.06264,0.94726,-0.31429,0.18771,-0.17525,-0.96646,-0.17938,0.8197,0.19183,0.68434,0.05506,-0.72708,0.13607,0.92986,-0.34184,0.76186,0.63315,-0.13668,0.11038,0.90241,-0.4165,0.14486,0.40509,0.90273,0.05253,0.9599,-0.27539,0.19693,0.28237,0.93888,0.0089,0.96563,-0.25977,0.35188,0.20687,0.9129,-0.02969,0.96193,-0.27166
1.0,0.01859,0.94529,-0.32571,0.44269,0.41288,0.75719,0.65278,0.02337,-0.06523,0.94689,-0.31487,0.19796,-0.19523,-0.96057,-0.20051,0.79234,0.20324,0.74254,-0.10224,-0.66195,0.15009,0.93036,-0.33452,0.77911,0.61247,-0.13368,0.11175,0.90272,-0.41546,0.18421,0.44949,0.87409,0.05239,0.95984,-0.27561,0.13719,0.27007,0.95302,0.00778,0.9658,-0.25916,0.26353,0.20671,0.94224,-0.03002,0.96196,-0.27152
1.0,0.0165,0.94628,-0.32294,0.41962,0.50169,0.76941,0.63833,0.02308,-0.06724,0.94696,-0.31422,0.2074,-0.21548,-0.95423,-0.22209,0.76629,0.21401,0.74154,-0.12111,-0.65988,0.14682,0.93275,-0.32928,0.78928,0.60737,-0.09024,0.11222,0.90289,-0.41496,0.07242,0.43154,0.89918,0.05142,0.96019,-0.27459,0.09181,0.26657,0.95943,0.00596,0.96617,-0.25783,0.21042,0.20324,0.95625,-0.03169,0.9622,-0.2705
1.0,0.01212,0.948,-0.31804,0.33702,0.45991,0.77664,0.62975,0.01585,-0.06845,0.94725,-0.31311,0.1951,-0.21653,-0.95658,-0.22261,0.73339,0.2012,0.72174,-0.0832,-0.68714,0.13825,0.9354,-0.32545,0.80531,0.55798,-0.20032,0.11236,0.90294,-0.41483,0.09496,0.43315,0.8963,0.05046,0.96057,-0.27343,0.1159,0.26934,0.95605,0.00492,0.96647,-0.25672,0.23762,0.20333,0.94984,-0.0325,0.96249,-0.26937
1.0,0.0102,0.94989,-0.3124,0.2317,0.28535,0.77548,0.63132,-0.00808,-0.06932,0.94763,-0.31175,0.16363,-0.21332,-0.96318,-0.21796,0.65432,0.16827,0.68193,-0.06857,-0.7282,0.13207,0.93658,-0.32462,0.7812,0.50316,-0.36955,0.11242,0.90289,-0.41492,0.17804,0.42588,0.88709,0.04947,0.96109,-0.27177,0.17489,0.27933,0.94413,0.0041,0.96687,-0.25522,0.29671,0.20094,0.93359,-0.03297,0.96285,-0.26802
1.0,0.00619,0.95094,-0.30931,0.30309,0.49239,0.74621,0.66372,-0.05148,-0.06986,0.94799,-0.31055,0.129,-0.22004,-0.96692,-0.22376,0.53027,0.13263,0.63715,-0.00783,-0.7707,0.12377,0.93962,-0.31905,0.74414,0.55439,-0.37271,0.11147,0.90267,-0.41565,0.38102,0.48822,0.78515,0.04961,0.96145,-0.27045,0.34826,0.34287,0.87244,0.00383,0.96726,-0.25376,0.45957,0.20799,0.86344,-0.03329,0.96321,-0.2667
1.0,-0.0021,0.95259,-0.30426,0.33313,0.5229,0.73656,0.67075,-0.08704,-0.0714,0.94893,-0.30729,0.10254,-0.23794,-0.96585,-0.24154,0.40691,0.10577,0.59367,0.00463,-0.8047,0.11265,0.94207,-0.31592,0.72663,0.54465,-0.41876,0.10492,0.90324,-0.41611,0.3855,0.51201,0.76761,0.04901,0.96177,-0.26945,0.37559,0.37309,0.84838,0.00313,0.96754,-0.25271,0.48265,0.22976,0.84514,-0.03496,0.96371,-0.26465
1.0,-0.00388,0.95396,-0.29992,0.31937,0.66612,0.73462,0.67048,-0.10385,-0.07477,0.95087,-0.30042,0.08607,-0.24393,-0.96597,-0.24735,0.33923,0.08887,0.56462,0.01155,-0.82527,0.10082,0.94466,-0.31216,0.71793,0.53696,-0.44301,0.09568,0.90437,-0.41589,0.59775,0.58051,0.5529,0.05109,0.9604,-0.27389,0.52786,0.43013,0.73236,0.00444,0.9672,-0.25397,0.62076,0.25093,0.74276,-0.03588,0.96402,-0.26341
1.0,-0.00571,0.95373,-0.30061,0.33673,0.70305,0.73381,0.6681,-0.12315,-0.07744,0.95235,-0.295,0.08397,-0.26909,-0.95945,-0.27344,0.30249,0.0873,0.55237,0.00596,-0.83358,0.09742,0.94526,-0.31144,0.72003,0.51906,-0.46058,0.08821,0.90509,-0.41598,0.57931,0.59491,0.55721,0.05189,0.95985,-0.27568,0.52343,0.45573,0.71996,0.00472,0.96706,-0.25449,0.61775,0.27983,0.7349,-0.03669,0.96423,-0.26251
1.0,-0.00415,0.95292,-0.30319,0.34191,0.70166,0.73228,0.66781,-0.13343,-0.07902,0.95332,-0.29144,0.08413,-0.28313,-0.95538,-0.28811,0.28882,0.08783,0.55207,-0.00824,-0.83376,0.0987,0.94486,-0.31223,0.71784,0.517,-0.46629,0.08563,0.90514,-0.4164,0.5807,0.60322,0.54673,0.05248,0.95939,-0.27717,0.52485,0.46381,0.71373,0.00519,0.96681,-0.25545,0.62009,0.28797,0.72976,-0.03684,0.9642,-0.26261
1.0,-0.00099,0.95143,-0.30786,0.3659,0.65061,0.73072,0.66897,-0.13609,-0.08035,0.95428,-0.28792,0.07934,-0.28122,-0.95636,-0.28599,0.27497,0.08277,0.56045,-0.01718,-0.82801,0.10461,0.94285,-0.31638,0.71871,0.53186,-0.44786,0.08466,0.90472,-0.41751,0.54012,0.58935,0.60079,0.05367,0.95861,-0.27962,0.50695,0.45401,0.73272,0.00603,0.96637,-0.25708,0.60293,0.28171,0.7464,-0.0368,0.96403,-0.26324
1.0,0.00065,0.9495,-0.31376,0.36329,0.6051,0.71329,0.68954,-0.12551,-0.08033,0.95486,-0.286,0.08343,-0.26134,-0.96164,-0.26536,0.30902,0.08654,0.55525,0.0128,-0.83158,0.11025,0.94017,-0.32236,0.69979,0.57078,-0.42953,0.08566,0.90378,-0.41933,0.4437,0.5629,0.69733,0.05431,0.95835,-0.2804,0.44903,0.43469,0.78065,0.0073,0.96579,-0.25923,0.55871,0.28102,0.7803,-0.03602,0.96359,-0.26494
1.0,0.00175,0.94745,-0.31989,0.3491,0.52552,0.69543,0.70848,-0.12016,-0.07788,0.95464,-0.28741,0.08263,-0.24495,-0.96601,-0.24833,0.32536,0.08533,0.55493,0.04059,-0.8309,0.11958,0.93587,-0.33144,0.68181,0.60156,-0.41624,0.08803,0.90226,-0.42212,0.3421,0.53343,0.77358,0.05372,0.9586,-0.27963,0.3925,0.41617,0.82021,0.00788,0.96543,-0.26056,0.50739,0.28535,0.8131,-0.03542,0.96307,-0.26691
1.0,0.00469,0.94582,-0.32466,0.3556,0.56052,0.6967,0.70938,-0.10669,-0.073,0.95341,-0.2927,0.0881,-0.23221,-0.96867,-0.23528,0.3626,0.0907,0.54688,0.0973,-0.83154,0.1257,0.933,-0.3372,0.69131,0.61458,-0.37998,0.0918,0.9003,-0.42549,0.30225,0.52171,0.79779,0.05346,0.95895,-0.2785,0.35815,0.40109,0.84312,0.00936,0.96518,-0.26142,0.47533,0.2677,0.83809,-0.03342,0.96265,-0.26868
1.0,0.01443,0.94513,-0.32638,0.44058,0.69248,0.67379,0.73064,-0.11034,-0.06476,0.95202,-0.29909,0.09391,-0.23279,-0.96798,-0.23601,0.38345,0.09672,0.51093,0.16276,-0.84407,0.13138,0.93153,-0.33911,0.67535,0.6384,-0.36925,0.09909,0.89837,-0.42791,0.75789,0.65152,0.03343,0.07299,0.94732,-0.31186,0.65093,0.53938,0.53419,0.02305,0.96076,-0.27641,0.74222,0.33556,0.58009,-0.02348,0.96001,-0.27899
1.0,0.01972,0.94445,-0.32806,0.38045,0.62047,0.62952,0.76629,-0.12845,-0.04745,0.95186,-0.30285,0.11327,-0.25406,-0.96053,-0.25858,0.41938,0.11738,0.44527,0.16852,-0.87939,0.13224,0.92913,-0.34531,0.62583,0.63356,-0.4549,0.11111,0.89366,-0.43476,0.73628,0.6572,-0.16118,0.0938,0.92754,-0.36177,0.5776,0.59072,0.56341,0.03567,0.95681,-0.28852,0.7094,0.40156,0.57922,-0.01198,0.95703,-0.28974
1.0,0.02537,0.94387,-0.32935,0.36056,0.60017,0.59307,0.79468,-0.12943,-0.03182,0.95165,-0.30555,0.12026,-0.24637,-0.96169,-0.25079,0.45409,0.1244,0.43447,0.17518,-0.88349,0.14183,0.92639,-0.34883,0.58913,0.65073,-0.47903,0.12251,0.88933,-0.44054,0.70382,0.69331,-0.15476,0.1108,0.91462,-0.38883,0.60451,0.63817,0.47677,0.04354,0.95475,-0.29421,0.73437,0.44578,0.51184,-0.00346,0.95516,-0.29608
1.0,0.0222,0.94315,-0.33162,0.38915,0.62357,0.59083,0.79734,-0.12321,-0.02822,0.95117,-0.30738,0.11979,-0.23771,-0.96392,-0.24178,0.46678,0.12364,0.45979,0.19102,-0.86724,0.14452,0.92648,-0.34749,0.60079,0.6595,-0.45178,0.12908,0.88653,-0.4443,0.70189,0.70031,-0.13003,0.11698,0.909,-0.40004,0.57768,0.62908,0.52014,0.0509,0.95226,-0.30102,0.6865,0.42127,0.59267,0.00208,0.9537,-0.30075
1.0,0.02083,0.9431,-0.33185,0.43245,0.74807,0.62571,0.7727,-0.10688,-0.03295,0.95014,-0.31008,0.10913,-0.22238,-0.96883,-0.22563,0.45621,0.11217,0.51175,0.1773,-0.84064,0.14763,0.92643,-0.34631,0.64246,0.67056,-0.37093,0.13122,0.88697,-0.44279,0.71275,0.69962,0.05026,0.1171,0.90995,-0.39784,0.54956,0.56989,0.6109,0.05327,0.95174,-0.30224,0.62533,0.35606,0.6944,0.00204,0.95386,-0.30025
1.0,0.01929,0.94298,-0.33228,0.41278,0.78841,0.66726,0.73966,-0.08757,-0.04027,0.9493,-0.3118,0.10979,-0.21396,-0.97065,-0.21696,0.47409,0.11263,0.56153,0.14834,-0.81405,0.14961,0.92681,-0.34445,0.68078,0.64918,-0.33927,0.13099,0.88808,-0.44063,0.48791,0.617,0.61746,0.11591,0.91356,-0.38983,0.44554,0.462,0.76685,0.05108,0.95294,-0.29884,0.54786,0.28865,0.7852,-0.00004,0.95462,-0.29784
1.0,0.01754,0.94403,-0.3294,0.30622,0.57227,0.69695,0.71451,-0.0611,-0.04613,0.9489,-0.3122,0.12717,-0.20699,-0.97004,-0.21023,0.55093,0.13036,0.59849,0.12988,-0.79053,0.15064,0.92743,-0.34232,0.71,0.59651,-0.37426,0.13079,0.88822,-0.4404,0.27202,0.51817,0.81087,0.11093,0.9198,-0.37639,0.31082,0.3752,0.87328,0.0479,0.95451,-0.2943,0.42706,0.2508,0.86874,-0.00159,0.95531,-0.2956
1.0,0.01483,0.945,-0.32673,0.24276,0.4939,0.69976,0.71329,-0.03942,-0.04933,0.94873,-0.31221,0.14167,-0.19264,-0.97099,-0.19585,0.6341,0.14488,0.61124,0.13844,-0.77925,0.15031,0.92853,-0.33947,0.70728,0.59043,-0.38878,0.13049,0.88795,-0.44104,0.19378,0.47026,0.86099,0.10306,0.92805,-0.3579,0.23633,0.32538,0.91557,0.04358,0.95647,-0.28855,0.36447,0.228,0.90287,-0.00383,0.95625,-0.29251
1.0,-0.00255,0.94963,-0.31337,0.12659,0.44252,0.67645,0.73649,0.00245,-0.05291,0.94904,-0.31068,0.15746,-0.14138,-0.97735,-0.14366,0.83916,0.15974,0.58616,0.22379,-0.77867,0.13812,0.93372,-0.3303,0.67179,0.59353,-0.4432,0.12732,0.8886,-0.44066,0.09784,0.372,0.92306,0.09054,0.93823,-0.33395,0.16302,0.25371,0.95344,0.03628,0.95933,-0.27994,0.32023,0.17225,0.93155,-0.0076,0.95766,-0.28779
1.0,-0.01638,0.95284,-0.30304,0.08273,0.45042,0.65012,0.75884,0.03886,-0.05811,0.94976,-0.30753,0.15484,-0.08224,-0.98451,-0.08334,1.08254,0.156,0.55637,0.29423,-0.7771,0.12006,0.93888,-0.32262,0.63565,0.61743,-0.46339,0.11604,0.89055,-0.43983,0.09036,0.32445,0.94158,0.07446,0.94883,-0.30689,0.1646,0.20901,0.96396,0.02716,0.96253,-0.26982,0.32755,0.13772,0.93474,-0.01289,0.95946,-0.28157
1.0,-0.02112,0.95235,-0.30429,0.13973,0.4327,0.62393,0.7806,0.0372,-0.06304,0.94992,-0.30607,0.13029,-0.05697,-0.98984,-0.05749,1.1586,0.13088,0.54239,0.31735,-0.77788,0.11477,0.93894,-0.32437,0.61905,0.67195,-0.40653,0.10037,0.89568,-0.43323,0.10839,0.32658,0.93893,0.05108,0.96055,-0.27339,0.18911,0.20012,0.96135,0.01157,0.9668,-0.25529,0.34507,0.1539,0.92587,-0.02454,0.96246,-0.27033
1.0,-0.0141,0.951,-0.30887,0.19025,0.43284,0.63797,0.76993,0.01445,-0.06442,0.94973,-0.30637,0.1089,-0.07162,-0.99147,-0.07212,0.98902,0.1094,0.52074,0.30675,-0.7967,0.11679,0.93684,-0.32967,0.63566,0.67348,-0.37731,0.10007,0.89732,-0.42988,0.13528,0.35618,0.92457,0.04275,0.96429,-0.26136,0.22039,0.21507,0.95141,0.00382,0.96879,-0.24787,0.36626,0.17908,0.91312,-0.03165,0.96421,-0.26325
1.0,-0.0155,0.94881,-0.31546,0.25412,0.4554,0.63215,0.77354,-0.04488,-0.06532,0.94963,-0.30648,0.08154,-0.12401,-0.98893,-0.12475,0.58164,0.08227,0.50753,0.26238,-0.82071,0.11674,0.93526,-0.33415,0.6236,0.68122,-0.3835,0.09841,0.89785,-0.42916,0.15773,0.40553,0.90037,0.03974,0.96544,-0.25758,0.24568,0.26738,0.93175,0.00097,0.96939,-0.24552,0.39068,0.23023,0.89127,-0.03493,0.96489,-0.26031
1.0,-0.01538,0.94779,-0.31853,0.27415,0.45034,0.62872,0.77492,-0.06485,-0.06599,0.94961,-0.30641,0.07724,-0.14521,-0.98638,-0.14617,0.48882,0.07814,0.47843,0.2638,-0.83757,0.11291,0.93476,-0.33687,0.61254,0.6769,-0.40816,0.09643,0.8979,-0.42951,0.16393,0.42831,0.88864,0.03841,0.9656,-0.25717,0.25536,0.29342,0.92125,-0.00014,0.96939,-0.24552,0.40423,0.25663,0.87792,-0.03622,0.96493,-0.25999
1.0,-0.01594,0.94796,-0.318,0.29636,0.49203,0.63295,0.77119,-0.06818,-0.06652,0.94959,-0.30634,0.0773,-0.15057,-0.98557,-0.15161,0.47428,0.07827,0.48434,0.25425,-0.83712,0.11087,0.93475,-0.33758,0.62134,0.68529,-0.37989,0.09599,0.898,-0.4294,0.16311,0.43013,0.88791,0.03713,0.96576,-0.25675,0.25269,0.29404,0.92179,-0.00116,0.96939,-0.24554,0.40093,0.25611,0.87958,-0.03726,0.96494,-0.25981
1.0,-0.01608,0.94789,-0.3182,0.30685,0.53039,0.63513,0.76844,-0.0782,-0.06681,0.94964,-0.30615,0.07077,-0.15871,-0.98479,-0.15979,0.41943,0.07174,0.48801,0.2443,-0.83795,0.11158,0.93474,-0.33737,0.6264,0.69477,-0.35343,0.09583,0.89818,-0.42905,0.16821,0.43535,0.88441,0.03636,0.96585,-0.25654,0.25516,0.29741,0.92002,-0.00185,0.9694,-0.24549,0.40321,0.25966,0.8775,-0.03797,0.96496,-0.25962
1.0,-0.01692,0.94797,-0.31791,0.28905,0.48814,0.63931,0.76314,-0.09436,-0.06725,0.94978,-0.30561,0.05825,-0.17043,-0.98365,-0.17156,0.32936,0.05915,0.47177,0.23655,-0.8494,0.10934,0.93511,-0.33708,0.62036,0.67591,-0.39787,0.0955,0.89829,-0.4289,0.18164,0.44445,0.87719,0.03568,0.96593,-0.25633,0.27094,0.30846,0.91184,-0.00248,0.96943,-0.24537,0.41978,0.26947,0.8667,-0.03867,0.96502,-0.25933
1.0,-0.0161,0.94813,-0.31747,0.28484,0.49999,0.64609,0.75541,-0.1092,-0.06802,0.95009,-0.30447,0.04463,-0.18022,-0.98261,-0.18139,0.24278,0.04539,0.47625,0.20579,-0.85489,0.10902,0.93501,-0.33744,0.62617,0.67631,-0.38797,0.09414,0.89868,-0.42838,0.19155,0.44698,0.8738,0.03482,0.966,-0.25617,0.28149,0.31147,0.9076,-0.00323,0.96947,-0.2452,0.42917,0.27198,0.8613,-0.03958,0.9651,-0.25886
1.0,-0.01508,0.94745,-0.31955,0.29966,0.52548,0.65047,0.74906,-0.12571,-0.06896,0.95049,-0.303,0.04013,-0.19917,-0.97914,-0.20067,0.19883,0.04096,0.46993,0.19218,-0.86153,0.10814,0.9348,-0.33832,0.63289,0.6733,-0.38224,0.09271,0.8991,-0.42781,0.20016,0.4642,0.86282,0.03414,0.96599,-0.2563,0.28962,0.32904,0.89881,-0.00382,0.96945,-0.24525,0.43609,0.28766,0.85269,-0.04032,0.96515,-0.25857
1.0,-0.01549,0.94752,-0.31933,0.31441,0.52062,0.65489,0.74327,-0.13665,-0.06959,0.95084,-0.30175,0.03604,-0.21133,-0.97675,-0.21307,0.16892,0.03688,0.4798,0.16652,-0.86143,0.10839,0.93468,-0.33857,0.6365,0.66545,-0.38993,0.09197,0.89917,-0.42782,0.19946,0.46926,0.86024,0.03378,0.96594,-0.25655,0.28817,0.33386,0.89749,-0.0041,0.9694,-0.24547,0.4333,0.29046,0.85316,-0.0407,0.96514,-0.25854
1.0,-0.01589,0.94781,-0.31843,0.32282,0.49389,0.65701,0.73959,-0.14611,-0.07018,0.95123,-0.3004,0.03213,-0.22111,-0.97472,-0.22307,0.14429,0.03295,0.48573,0.14873,-0.86136,0.10922,0.93478,-0.33803,0.63661,0.65314,-0.41005,0.09144,0.89926,-0.42775,0.20227,0.47598,0.85588,0.03321,0.96593,-0.25667,0.29249,0.34189,0.89307,-0.00456,0.96938,-0.24554,0.4391,0.29372,0.84907,-0.04122,0.96518,-0.25832
1.0,-0.01526,0.94836,-0.31683,0.34108,0.47174,0.659,0.7346,-0.16149,-0.0708,0.95192,-0.29806,0.02091,-0.23251,-0.97237,-0.23471,0.08967,0.0215,0.48984,0.11229,-0.86455,0.11073,0.93491,-0.33718,0.63649,0.64347,-0.42523,0.09012,0.89933,-0.42789,0.20822,0.4814,0.85141,0.03253,0.96598,-0.25658,0.29734,0.34666,0.88962,-0.00513,0.96944,-0.24528,0.44623,0.29111,0.84625,-0.04178,0.96534,-0.25763
1.0,-0.01365,0.94862,-0.31614,0.37437,0.47623,0.6688,0.71952,-0.18705,-0.0713,0.95256,-0.29589,0.01237,-0.26234,-0.9649,-0.26547,0.04713,0.01282,0.48793,0.05902,-0.87088,0.11097,0.93493,-0.33702,0.64899,0.6178,-0.444,0.08866,0.89924,-0.42837,0.24671,0.5034,0.82809,0.03225,0.96589,-0.25693,0.32219,0.37875,0.86761,-0.00551,0.96943,-0.2453,0.46671,0.29055,0.83532,-0.04234,0.96547,-0.25705
1.0,-0.00839,0.94833,-0.31717,0.5202,0.54984,0.68496,0.69094,-0.23114,-0.0719,0.95337,-0.29312,0.0004,-0.31761,-0.94822,-0.3232,0.00126,0.00042,0.48722,-0.0238,-0.87295,0.11042,0.9355,-0.33563,0.67278,0.59728,-0.43659,0.08742,0.89962,-0.42783,0.37673,0.57417,0.72691,0.03352,0.96521,-0.25931,0.43078,0.45449,0.77966,-0.00478,0.96901,-0.24697,0.54142,0.31266,0.78045,-0.04241,0.96529,-0.25771
1.0,-0.00683,0.94708,-0.32092,0.75682,0.7356,0.67964,0.67494,-0.2873,-0.07227,0.95397,-0.29107,-0.01541,-0.37844,-0.9255,-0.38816,-0.04069,-0.01665,0.47554,-0.11485,-0.87217,0.10986,0.93519,-0.33668,0.67455,0.65382,-0.3428,0.08684,0.90018,-0.42677,0.45397,0.62785,0.63224,0.03503,0.9644,-0.26211,0.50243,0.50708,0.70031,-0.00358,0.96844,-0.24922,0.61591,0.34897,0.70631,-0.04202,0.96498,-0.25893
1.0,-0.00724,0.94673,-0.32195,0.77267,0.75413,0.6719,0.67683,-0.30075,-0.07268,0.95478,-0.28829,-0.0156,-0.39304,-0.91939,-0.40398,-0.03968,-0.01697,0.4653,-0.10735,-0.87862,0.10913,0.93511,-0.33715,0.66596,0.65911,-0.34939,0.08634,0.90082,-0.42552,0.47152,0.64697,0.59925,0.03625,0.96359,-0.26492,0.52419,0.52914,0.66726,-0.00251,0.9678,-0.25172,0.6382,0.36493,0.67789,-0.04168,0.96461,-0.26038
1.0,-0.00899,0.94665,-0.32214,0.75406,0.74824,0.6638,0.68979,-0.28907,-0.07291,0.9556,-0.2855,-0.0061,-0.3815,-0.92435,-0.39143,-0.016,-0.0066,0.46765,-0.05549,-0.88217,0.1089,0.93526,-0.33678,0.65853,0.66011,-0.36138,0.08571,0.90165,-0.42389,0.48434,0.65506,0.57993,0.03772,0.96271,-0.26788,0.51671,0.53075,0.6718,-0.00112,0.96703,-0.25464,0.63398,0.36538,0.6816,-0.04109,0.96414,-0.26221
1.0,-0.01067,0.94712,-0.32072,0.60688,0.73235,0.65752,0.71949,-0.22361,-0.07307,0.95599,-0.28415,0.01085,-0.30579,-0.95204,-0.31079,0.03545,0.01139,0.46538,0.0573,-0.88326,0.1083,0.93553,-0.33624,0.64503,0.66398,-0.37823,0.08525,0.902,-0.42324,0.47018,0.61394,0.63404,0.03959,0.96163,-0.27146,0.50245,0.48294,0.71715,0.00094,0.96593,-0.25879,0.62139,0.32165,0.71443,-0.04018,0.96339,-0.26509
1.0,-0.01217,0.94755,-0.31937,0.46135,0.59867,0.6597,0.73016,-0.17797,-0.07317,0.95593,-0.28432,0.01773,-0.25186,-0.9676,-0.25464,0.07027,0.01832,0.46501,0.10816,-0.87868,0.10783,0.9349,-0.33814,0.6389,0.65929,-0.39643,0.08495,0.90206,-0.42318,0.35301,0.51951,0.77814,0.04003,0.96142,-0.27215,0.40888,0.39523,0.82257,0.00134,0.96572,-0.25958,0.54048,0.26459,0.79867,-0.03996,0.96318,-0.26586
