1.0,0.51118,0.85533,-0.08422,0,0,-0.73697,0.38102,-0.55831,0.56837,0.82172,-0.04155,0.66382,0.25233,-0.70404,0.34413,1.93404,0.756,0.29962,0.31203,-0.90159,0.55689,0.81807,-0.14363,0.5344,0.44147,-0.72078,0.60982,0.7768,-0.15716,0.50798,0.40868,-0.75824,0.6018,0.78399,-0.15228,0.43727,0.41562,-0.79753,0.58313,0.80174,-0.13102,0.45963,0.41193,-0.7868,0.56404,0.8204,-0.09379
1.0,0.52041,0.85018,-0.07981,0,0,-0.73927,0.3759,-0.55874,0.56838,0.82171,-0.04167,0.66223,0.25525,-0.70448,0.34761,1.93868,0.7545,0.29728,0.30829,-0.90365,0.55718,0.81785,-0.14379,0.54009,0.43887,-0.71812,0.60986,0.77674,-0.15728,0.51495,0.40786,-0.75398,0.60185,0.78392,-0.15245,0.43651,0.41407,-0.79875,0.5831,0.80169,-0.1315,0.48003,0.40789,-0.77666,0.56427,0.82014,-0.09473
1.0,0.52921,0.84525,-0.07408,0,0,-0.74112,0.37293,-0.55828,0.56839,0.8217,-0.04173,0.66115,0.26083,-0.70345,0.35507,1.94656,0.75441,0.30027,0.30969,-0.90218,0.55744,0.81765,-0.14392,0.55324,0.43854,-0.70824,0.61,0.77663,-0.15728,0.52563,0.40908,-0.7459,0.60198,0.78381,-0.1525,0.43997,0.42264,-0.79234,0.58306,0.80166,-0.13185,0.48761,0.41885,-0.76603,0.56428,0.82001,-0.09577
1.0,0.54819,0.8339,-0.06411,0,0,-0.74364,0.3506,-0.56929,0.56839,0.8217,-0.04176,0.6625,0.2718,-0.69801,0.37133,1.96012,0.7593,0.3057,0.31054,-0.90006,0.55784,0.81739,-0.14387,0.56181,0.43332,-0.70471,0.61019,0.77652,-0.15714,0.53846,0.40733,-0.73767,0.60212,0.78373,-0.1524,0.43924,0.42867,-0.7895,0.58285,0.80178,-0.132,0.50568,0.43901,-0.74267,0.56392,0.82018,-0.09639
1.0,0.5223,0.8499,-0.06974,0,0,-0.75048,0.30652,-0.58552,0.56831,0.82175,-0.04172,0.6594,0.28765,-0.69459,0.39262,1.98214,0.75942,0.3047,0.28319,-0.90937,0.55849,0.81694,-0.14385,0.53936,0.43862,-0.71882,0.61026,0.7765,-0.15691,0.51911,0.42641,-0.74074,0.60198,0.78391,-0.15201,0.41844,0.47114,-0.77649,0.58083,0.80333,-0.13155,0.45164,0.5425,-0.70832,0.55889,0.82381,-0.09473
1.0,0.51952,0.85199,-0.06495,0,0,-0.75164,0.2416,-0.61373,0.56809,0.82192,-0.04152,0.65848,0.32844,-0.67715,0.4516,2.03347,0.77142,0.28698,0.2442,-0.92629,0.55954,0.81616,-0.14421,0.48878,0.44056,-0.753,0.60999,0.77687,-0.15615,0.5316,0.45941,-0.71158,0.60097,0.78509,-0.1499,0.41443,0.52439,-0.74382,0.57556,0.80768,-0.128,0.38337,0.64423,-0.66181,0.54816,0.8318,-0.08737
1.0,0.57303,0.81859,-0.03932,0,0,-0.74175,0.19059,-0.64302,0.56797,0.82201,-0.04136,0.66237,0.3586,-0.65778,0.49913,2.06701,0.78887,0.29212,0.20832,-0.93342,0.5609,0.8151,-0.14494,0.5524,0.39228,-0.73551,0.61057,0.77671,-0.15468,0.5814,0.45753,-0.67278,0.60071,0.78567,-0.14787,0.43666,0.52996,-0.72697,0.57364,0.80941,-0.1257,0.40268,0.65423,-0.64018,0.54518,0.83409,-0.08414
1.0,0.61237,0.79011,-0.02707,0,0,-0.73043,0.21003,-0.64989,0.5679,0.82206,-0.04125,0.67317,0.38218,-0.63308,0.54312,2.08715,0.81608,0.26055,0.25441,-0.93134,0.56224,0.81396,-0.1461,0.64723,0.35073,-0.67682,0.61319,0.7753,-0.15134,0.66067,0.43509,-0.61173,0.60107,0.7858,-0.14571,0.43947,0.53624,-0.72064,0.57326,0.80982,-0.12476,0.39595,0.65001,-0.64862,0.54484,0.83439,-0.08333
1.0,0.59965,0.79944,-0.03624,0,0,-0.72478,0.24505,-0.64393,0.56784,0.82211,-0.0411,0.68173,0.39034,-0.61878,0.56278,2.09081,0.83377,0.27134,0.26498,-0.92529,0.56284,0.8134,-0.14694,0.6117,0.38138,-0.69309,0.61415,0.77494,-0.14932,0.64353,0.43453,-0.63011,0.60151,0.78584,-0.14368,0.44163,0.54039,-0.7162,0.57314,0.80999,-0.12417,0.39594,0.65064,-0.64799,0.54475,0.8345,-0.0828
1.0,0.53352,0.84301,-0.06851,0,0,-0.72613,0.27263,-0.6312,0.56766,0.82227,-0.04056,0.68111,0.41069,-0.60615,0.5955,2.1134,0.84356,0.3048,0.20082,-0.931,0.56456,0.81196,-0.14829,0.49785,0.42931,-0.75355,0.61253,0.77653,-0.14767,0.56176,0.49634,-0.66186,0.60037,0.78791,-0.13693,0.44131,0.57236,-0.69112,0.57283,0.81045,-0.12263,0.42712,0.68505,-0.59016,0.54467,0.83466,-0.08167
1.0,0.54453,0.83609,-0.0667,0,0,-0.72959,0.28955,-0.61957,0.56724,0.82261,-0.0394,0.67784,0.42637,-0.59894,0.61865,2.13228,0.84711,0.31828,0.17629,-0.93146,0.56674,0.81029,-0.14911,0.44716,0.43562,-0.78121,0.60942,0.77902,-0.14746,0.54366,0.5178,-0.66054,0.59693,0.79167,-0.13013,0.45729,0.58658,-0.66843,0.57231,0.81118,-0.12018,0.43456,0.71707,-0.54496,0.5444,0.83504,-0.07961
1.0,0.54694,0.83449,-0.06698,0,0,-0.72749,0.31159,-0.61128,0.56685,0.82294,-0.03807,0.68228,0.42266,-0.59654,0.61642,2.12542,0.85235,0.32128,0.19319,-0.92707,0.56799,0.80939,-0.14924,0.41578,0.44591,-0.79265,0.60699,0.78088,-0.1476,0.52943,0.51832,-0.6716,0.59549,0.79315,-0.12768,0.47266,0.58289,-0.66093,0.57194,0.81198,-0.11647,0.44855,0.71459,-0.53681,0.54412,0.83557,-0.0759
1.0,0.54443,0.83608,-0.06755,0,0,-0.72785,0.31628,-0.60844,0.56675,0.82303,-0.03767,0.68267,0.418,-0.59936,0.60898,2.12021,0.85029,0.31861,0.19769,-0.92704,0.56821,0.80924,-0.14919,0.41927,0.44531,-0.79114,0.60655,0.78123,-0.14757,0.5246,0.51701,-0.67639,0.59527,0.79337,-0.12735,0.47059,0.58095,-0.66411,0.57189,0.81218,-0.11534,0.44689,0.70859,-0.54607,0.5441,0.83568,-0.07474
1.0,0.55293,0.83028,-0.07007,0,0,-0.71715,0.33067,-0.61347,0.56642,0.82332,-0.03615,0.6964,0.37398,-0.61251,0.54815,2.06362,0.8494,0.34612,0.24009,-0.90695,0.56867,0.80926,-0.14733,0.50191,0.39954,-0.76711,0.60857,0.77968,-0.14746,0.53076,0.4502,-0.71806,0.59625,0.79258,-0.12771,0.49281,0.49083,-0.71849,0.57324,0.81173,-0.11179,0.49783,0.58112,-0.64378,0.54562,0.83492,-0.07208
1.0,0.49684,0.86164,-0.1036,0,0,-0.72596,0.3456,-0.5946,0.56647,0.82329,-0.03607,0.6855,0.29392,-0.66611,0.41555,1.97585,0.79975,0.33509,0.27469,-0.90125,0.56792,0.81017,-0.1452,0.51063,0.38357,-0.7695,0.60975,0.77819,-0.15042,0.51034,0.3912,-0.76584,0.5981,0.79046,-0.13211,0.45589,0.40228,-0.79394,0.57614,0.80937,-0.11394,0.55372,0.43396,-0.71069,0.55132,0.83084,-0.07586
1.0,0.47588,0.87275,-0.10882,0,0,-0.73381,0.35645,-0.57833,0.56663,0.82316,-0.03652,0.66967,0.23633,-0.70405,0.32385,1.91006,0.76038,0.33615,0.25684,-0.90611,0.5674,0.81096,-0.14285,0.50266,0.39993,-0.76641,0.60957,0.77764,-0.15395,0.48921,0.39622,-0.77697,0.5993,0.78858,-0.13775,0.46251,0.38186,-0.80017,0.57938,0.8064,-0.11851,0.52579,0.40109,-0.75011,0.55479,0.82813,-0.08006
1.0,0.4579,0.88116,-0.11783,0,0,-0.72219,0.36943,-0.58478,0.56678,0.82303,-0.03719,0.67807,0.21115,-0.70401,0.29138,1.87267,0.76663,0.32142,0.23824,-0.91648,0.56502,0.81291,-0.14115,0.51168,0.36197,-0.77921,0.61039,0.7761,-0.15841,0.49905,0.37101,-0.78314,0.60118,0.78573,-0.14564,0.48046,0.38312,-0.78891,0.58306,0.80278,-0.12479,0.45013,0.41934,-0.78837,0.55956,0.82434,-0.08581
1.0,0.35448,0.91736,-0.18108,0,0,-0.70639,0.35403,-0.61293,0.56723,0.82268,-0.03792,0.69541,0.1856,-0.69424,0.26124,1.83161,0.78624,0.34928,0.14634,-0.92552,0.56659,0.8116,-0.1424,0.49126,0.31101,-0.8136,0.61229,0.77384,-0.16209,0.49037,0.32187,-0.8099,0.60364,0.78272,-0.15154,0.47593,0.31917,-0.81953,0.58755,0.79866,-0.13009,0.4608,0.35974,-0.81133,0.56496,0.81991,-0.09255
1.0,0.38034,0.90787,-0.17639,0,0,-0.71201,0.31096,-0.62956,0.56781,0.82224,-0.03905,0.69188,0.15773,-0.70458,0.22024,1.79494,0.7763,0.3352,0.11616,-0.93496,0.56991,0.80888,-0.14461,0.4988,0.27271,-0.8227,0.61565,0.77013,-0.16695,0.49492,0.27933,-0.82282,0.60671,0.77887,-0.15894,0.46533,0.29284,-0.83529,0.5899,0.79575,-0.13711,0.46515,0.3533,-0.81167,0.56706,0.81766,-0.09938
1.0,0.46792,0.87356,-0.13394,0,0,-0.68177,0.29852,-0.66789,0.56805,0.82207,-0.03891,0.7245,0.14893,-0.67299,0.21778,1.77353,0.82224,0.31817,0.04866,-0.94678,0.56981,0.80849,-0.14715,0.49541,0.19903,-0.84555,0.62233,0.76533,-0.16425,0.52254,0.23547,-0.81945,0.61194,0.77511,-0.15727,0.47712,0.28455,-0.8315,0.59144,0.79469,-0.1366,0.37273,0.41383,-0.83055,0.56432,0.81942,-0.10046
1.0,0.45506,0.87835,-0.14639,0,0,-0.67456,0.30245,-0.67342,0.56851,0.82178,-0.03849,0.72985,0.13629,-0.66988,0.20072,1.75541,0.82821,0.32336,0.04673,-0.94512,0.57028,0.80764,-0.15,0.45955,0.17723,-0.87029,0.62478,0.76267,-0.16729,0.49777,0.21875,-0.83927,0.61571,0.7719,-0.15834,0.43467,0.27036,-0.85905,0.59373,0.7929,-0.13713,0.22227,0.34917,-0.91032,0.56067,0.82134,-0.10509
1.0,0.472,0.86892,-0.14898,0,0,-0.68729,0.31432,-0.65486,0.56963,0.82096,-0.03931,0.70709,0.08309,-0.70223,0.11777,1.68777,0.78885,0.26136,0.04383,-0.96425,0.56304,0.81218,-0.1528,0.39782,0.07816,-0.91413,0.62646,0.75799,-0.18166,0.44157,0.13232,-0.88742,0.61931,0.76612,-0.17181,0.38247,0.20959,-0.89988,0.59576,0.78981,-0.14588,0.22885,0.33726,-0.91317,0.56011,0.8207,-0.11277
1.0,0.46202,0.87471,-0.14636,0,0,-0.69307,0.35023,-0.63007,0.57124,0.81977,-0.04076,0.67747,0.01777,-0.73533,0.02416,1.59702,0.74447,0.22871,0.07376,-0.9707,0.55479,0.8178,-0.15301,0.36486,0.05189,-0.92962,0.62558,0.75681,-0.18947,0.41231,0.10935,-0.90446,0.62059,0.76293,-0.18111,0.37176,0.18211,-0.91029,0.5992,0.78541,-0.1552,0.45054,0.27372,-0.84976,0.57365,0.81033,-0.11955
1.0,0.47221,0.87018,-0.14072,0,0,-0.69608,0.36071,-0.62078,0.57224,0.81901,-0.04195,0.66307,-0.0086,-0.7485,-0.01149,1.55782,0.72495,0.22452,0.12902,-0.96589,0.55175,0.81991,-0.15271,0.34932,0.04566,-0.93589,0.62504,0.75636,-0.19299,0.3999,0.10422,-0.91061,0.62046,0.76203,-0.18531,0.37963,0.17649,-0.90815,0.60055,0.78356,-0.1593,0.45798,0.26152,-0.84962,0.57475,0.80888,-0.12403
1.0,0.45993,0.87568,-0.14716,0,0,-0.67995,0.40495,-0.6113,0.57348,0.81807,-0.04338,0.65334,-0.0439,-0.75579,-0.05803,1.5037,0.71282,0.21235,0.15371,-0.96503,0.54754,0.82273,-0.15268,0.30495,0.04587,-0.95126,0.62195,0.75744,-0.19866,0.3554,0.08904,-0.93047,0.6196,0.76116,-0.19165,0.3743,0.13801,-0.91698,0.60528,0.7789,-0.16417,0.4334,0.17594,-0.88386,0.58529,0.80102,-0.12574
1.0,0.43318,0.88912,-0.14772,0,0,-0.66869,0.42968,-0.60681,0.57436,0.81742,-0.04402,0.65853,-0.03667,-0.75166,-0.04875,1.51516,0.71946,0.22542,0.13755,-0.9645,0.54661,0.82328,-0.15305,0.32249,0.09905,-0.94138,0.62045,0.75874,-0.1984,0.36064,0.13501,-0.92288,0.61846,0.76201,-0.19194,0.37722,0.17359,-0.90971,0.60623,0.77808,-0.16456,0.42216,0.19882,-0.88445,0.58909,0.79848,-0.1241
1.0,0.41654,0.89762,-0.14416,0,0,-0.66583,0.43466,-0.60642,0.57487,0.81706,-0.04395,0.67597,0.0074,-0.73689,0.01005,1.58175,0.74231,0.25401,0.12347,-0.95929,0.54951,0.82119,-0.1539,0.37394,0.17724,-0.91036,0.62092,0.76018,-0.19127,0.40234,0.2035,-0.89259,0.61762,0.76431,-0.1854,0.39974,0.24106,-0.88436,0.60522,0.77974,-0.16036,0.47747,0.30173,-0.82521,0.58618,0.80157,-0.11782
1.0,0.40345,0.9025,-0.15074,0,0,-0.67427,0.41198,-0.61289,0.57509,0.81692,-0.04381,0.68848,0.05047,-0.7235,0.06965,1.64397,0.7606,0.27803,0.1036,-0.95497,0.55467,0.81756,-0.15469,0.37551,0.20558,-0.90373,0.62141,0.76063,-0.18783,0.42165,0.23388,-0.87608,0.61726,0.76575,-0.18061,0.40244,0.2825,-0.87077,0.60271,0.78253,-0.15619,0.50868,0.32773,-0.79614,0.58318,0.80421,-0.11468
1.0,0.38274,0.9095,-0.16222,0,0,-0.68363,0.38694,-0.61882,0.57531,0.81677,-0.04369,0.69102,0.07033,-0.71941,0.09745,1.67223,0.76527,0.28683,0.0813,-0.95453,0.55977,0.81391,-0.15561,0.38637,0.19479,-0.90154,0.62235,0.76015,-0.18668,0.43286,0.22826,-0.87208,0.61721,0.76633,-0.1783,0.40802,0.27285,-0.87125,0.60083,0.78446,-0.1537,0.52589,0.30035,-0.79576,0.58201,0.80526,-0.11323
1.0,0.38014,0.91029,-0.16393,0,0,-0.68908,0.38152,-0.61613,0.57546,0.81666,-0.04371,0.68711,0.07372,-0.72281,0.10164,1.67768,0.76008,0.28291,0.08872,-0.95504,0.56197,0.81227,-0.15625,0.38555,0.18854,-0.90322,0.62282,0.75971,-0.1869,0.43392,0.22294,-0.87293,0.61753,0.76611,-0.17814,0.41181,0.26479,-0.87195,0.60066,0.78466,-0.15334,0.53644,0.28746,-0.79347,0.58259,0.80483,-0.11334
1.0,0.37795,0.91099,-0.16506,0,0,-0.69424,0.38428,-0.60857,0.57562,0.81654,-0.0438,0.67948,0.07111,-0.73024,0.09708,1.67507,0.74941,0.27205,0.0875,-0.9583,0.56294,0.81149,-0.15681,0.37531,0.18195,-0.90887,0.62297,0.75942,-0.18759,0.42453,0.21586,-0.87931,0.61774,0.76582,-0.17866,0.40774,0.25376,-0.87713,0.60099,0.78433,-0.15373,0.53751,0.27901,-0.79576,0.5834,0.80418,-0.11373
1.0,0.39004,0.90713,-0.15806,0,0,-0.70868,0.38571,-0.59076,0.57574,0.81646,-0.0439,0.65727,0.05659,-0.75153,0.07516,1.65668,0.71859,0.23159,0.05779,-0.9711,0.56265,0.81161,-0.15723,0.37029,0.17558,-0.91217,0.62278,0.75936,-0.18846,0.4045,0.20539,-0.89118,0.61765,0.7657,-0.17948,0.38114,0.23629,-0.89381,0.60104,0.78414,-0.15452,0.4848,0.28368,-0.82734,0.58325,0.80415,-0.11471
1.0,0.39716,0.90481,-0.15359,0,0,-0.71686,0.3801,-0.5845,0.57585,0.81637,-0.04403,0.64701,0.0503,-0.76082,0.06601,1.64838,0.70473,0.21876,0.05514,-0.97422,0.56186,0.81211,-0.15745,0.35589,0.18678,-0.91567,0.62232,0.7595,-0.18942,0.39166,0.20453,-0.89709,0.61754,0.76567,-0.17999,0.37129,0.23159,-0.89917,0.60101,0.78408,-0.15492,0.4762,0.28108,-0.8332,0.5831,0.80418,-0.11529
1.0,0.39533,0.90568,-0.15317,0,0,-0.72125,0.37913,-0.57971,0.57599,0.81626,-0.04424,0.64119,0.0488,-0.76583,0.06363,1.64675,0.69704,0.21469,0.0511,-0.97535,0.56144,0.81239,-0.15748,0.35747,0.1978,-0.91274,0.62165,0.75982,-0.19032,0.39459,0.20766,-0.89508,0.61728,0.76565,-0.18096,0.37339,0.22569,-0.8998,0.60099,0.78401,-0.15536,0.47987,0.27022,-0.83469,0.583,0.80417,-0.11589
1.0,0.39322,0.90643,-0.15413,0,0,-0.72262,0.38545,-0.5738,0.57618,0.81611,-0.04448,0.63472,0.04122,-0.77165,0.05336,1.63564,0.68834,0.20713,0.044,-0.97732,0.56127,0.81253,-0.15739,0.36088,0.19096,-0.91285,0.62123,0.76002,-0.19089,0.39215,0.19956,-0.89799,0.61708,0.76558,-0.18194,0.37398,0.21018,-0.90331,0.60107,0.78379,-0.15616,0.48652,0.24935,-0.83733,0.58315,0.80389,-0.11702
1.0,0.38457,0.90962,-0.15715,0,0,-0.71932,0.40072,-0.56745,0.5764,0.81595,-0.04473,0.63107,0.03548,-0.77491,0.04575,1.62696,0.68345,0.20541,0.04605,-0.97759,0.5611,0.81266,-0.15732,0.36142,0.19121,-0.91259,0.62103,0.76007,-0.19135,0.38443,0.1981,-0.90165,0.617,0.76549,-0.18259,0.3732,0.20342,-0.90518,0.60131,0.78341,-0.15712,0.48245,0.2265,-0.84613,0.58393,0.80317,-0.11809
1.0,0.39045,0.90754,-0.15463,0,0,-0.72207,0.40041,-0.56417,0.57655,0.81583,-0.0449,0.62641,0.03228,-0.77882,0.04142,1.62228,0.67736,0.20085,0.04907,-0.97839,0.56099,0.81275,-0.15724,0.35854,0.19012,-0.91395,0.62092,0.7601,-0.19158,0.38573,0.19413,-0.90196,0.61696,0.76543,-0.18296,0.37683,0.1989,-0.90467,0.60148,0.78318,-0.15765,0.5111,0.22194,-0.83037,0.58437,0.80278,-0.11852
1.0,0.39168,0.90692,-0.15515,0,0,-0.72022,0.40935,-0.5601,0.57674,0.81568,-0.0451,0.6228,0.02584,-0.78196,0.03303,1.61226,0.67258,0.19538,0.05104,-0.9794,0.56074,0.81295,-0.15712,0.35815,0.18248,-0.91566,0.62084,0.76011,-0.19181,0.37784,0.18743,-0.9067,0.61694,0.76537,-0.18327,0.36753,0.19098,-0.91019,0.60162,0.78299,-0.15805,0.4873,0.20197,-0.84956,0.58476,0.80245,-0.11888
1.0,0.38451,0.90961,-0.15736,0,0,-0.71147,0.42679,-0.55826,0.57706,0.81544,-0.0454,0.62339,0.01668,-0.78173,0.02133,1.59754,0.67319,0.18986,0.04659,-0.9807,0.56039,0.8132,-0.15707,0.34845,0.18791,-0.9183,0.62061,0.76016,-0.19235,0.35822,0.18351,-0.91542,0.61686,0.76523,-0.18413,0.36027,0.18204,-0.91491,0.60205,0.78246,-0.15904,0.47726,0.19071,-0.85781,0.58605,0.80142,-0.1195
1.0,0.38841,0.90836,-0.15501,0,0,-0.70947,0.43604,-0.55365,0.57734,0.81523,-0.04565,0.61729,0.00545,-0.78672,0.00693,1.57962,0.6653,0.17109,0.04008,-0.98444,0.55949,0.81382,-0.15706,0.35271,0.17711,-0.91882,0.6204,0.76023,-0.19276,0.34679,0.16646,-0.92305,0.6168,0.76508,-0.18496,0.36159,0.16818,-0.91704,0.60271,0.78172,-0.16016,0.44619,0.19888,-0.87256,0.58665,0.80091,-0.11992
1.0,0.39173,0.90711,-0.15397,0,0,-0.70917,0.43713,-0.55317,0.57753,0.81508,-0.0458,0.61516,0.00031,-0.7884,0.00039,1.5713,0.66259,0.16547,0.0381,-0.98548,0.5589,0.81424,-0.15697,0.35082,0.16958,-0.92096,0.62025,0.76028,-0.19303,0.34369,0.16209,-0.92499,0.61676,0.76501,-0.18539,0.3623,0.16514,-0.91731,0.60314,0.78126,-0.16081,0.44246,0.19397,-0.87556,0.58711,0.80052,-0.12028
1.0,0.39378,0.90596,-0.15546,0,0,-0.71151,0.4305,-0.55536,0.57772,0.81494,-0.04596,0.6129,-0.00634,-0.79014,-0.00802,1.56045,0.65974,0.16692,0.0321,-0.98545,0.55847,0.81456,-0.15683,0.35321,0.15786,-0.92213,0.62009,0.76032,-0.19342,0.34334,0.15346,-0.92659,0.61671,0.76491,-0.18594,0.36094,0.15788,-0.91913,0.6035,0.78085,-0.16143,0.43991,0.18453,-0.87888,0.5875,0.80018,-0.12064
1.0,0.38804,0.90778,-0.15927,0,0,-0.71328,0.42807,-0.55496,0.57787,0.81482,-0.04612,0.60926,-0.01271,-0.79287,-0.01602,1.54994,0.65518,0.16695,0.01586,-0.98584,0.5582,0.81479,-0.15664,0.36259,0.15213,-0.91945,0.62002,0.76031,-0.19364,0.35276,0.146,-0.92425,0.6167,0.76476,-0.18662,0.36638,0.14446,-0.91918,0.60387,0.78044,-0.16203,0.44561,0.1612,-0.88059,0.58804,0.79971,-0.12114
1.0,0.38854,0.9075,-0.15961,0,0,-0.71171,0.42966,-0.55574,0.57802,0.81471,-0.04629,0.61018,-0.01386,-0.79214,-0.01749,1.54809,0.65636,0.1702,0.01569,-0.98528,0.55792,0.81503,-0.15634,0.36709,0.15146,-0.91777,0.61997,0.76029,-0.1939,0.36021,0.14561,-0.92144,0.61673,0.76453,-0.18744,0.37168,0.14345,-0.91721,0.60441,0.77987,-0.16279,0.4533,0.15649,-0.87751,0.58891,0.79896,-0.12182
1.0,0.38678,0.90825,-0.15963,0,0,-0.71028,0.43043,-0.55699,0.57808,0.81466,-0.04635,0.61256,-0.01188,-0.79033,-0.01503,1.55141,0.65935,0.17258,0.02082,-0.98478,0.55777,0.81517,-0.15618,0.3659,0.15697,-0.91732,0.61994,0.76029,-0.194,0.36052,0.15093,-0.92046,0.61674,0.76445,-0.18773,0.3729,0.14808,-0.91598,0.60457,0.7797,-0.163,0.45253,0.16393,-0.87655,0.58931,0.79862,-0.12214
1.0,0.38448,0.90899,-0.16099,0,0,-0.71004,0.42811,-0.55908,0.57814,0.81461,-0.04642,0.61469,-0.01049,-0.7887,-0.0133,1.55373,0.66203,0.17502,0.01711,-0.98442,0.55767,0.81526,-0.15608,0.36684,0.15778,-0.91681,0.61992,0.76028,-0.1941,0.36074,0.15094,-0.92037,0.61675,0.76437,-0.18802,0.3725,0.14834,-0.9161,0.60473,0.77953,-0.16322,0.45391,0.16516,-0.87561,0.58964,0.79833,-0.12241
1.0,0.3836,0.90925,-0.16162,0,0,-0.71134,0.42586,-0.55914,0.57823,0.81455,-0.04651,0.61462,-0.00898,-0.78877,-0.01138,1.55619,0.66194,0.1769,0.01117,-0.98416,0.5576,0.81534,-0.15588,0.37357,0.15604,-0.91438,0.6199,0.76026,-0.19422,0.36668,0.15066,-0.91807,0.61678,0.76423,-0.18849,0.37649,0.14858,-0.91443,0.60504,0.77921,-0.16359,0.45827,0.16054,-0.8742,0.59014,0.79791,-0.12279
1.0,0.38495,0.9087,-0.1615,0,0,-0.71057,0.42667,-0.5595,0.57825,0.81453,-0.04653,0.61498,-0.00976,-0.78848,-0.01238,1.55493,0.6624,0.17594,0.0086,-0.98436,0.55755,0.8154,-0.15575,0.37359,0.15339,-0.91482,0.61991,0.76025,-0.19425,0.36733,0.14786,-0.91826,0.6168,0.76418,-0.18864,0.37785,0.14598,-0.91428,0.60517,0.77907,-0.16373,0.46084,0.15609,-0.87365,0.59038,0.79771,-0.12292
1.0,0.38315,0.90933,-0.1622,0,0,-0.70895,0.42784,-0.56066,0.5783,0.81449,-0.04656,0.61614,-0.01109,-0.78756,-0.01408,1.5528,0.66387,0.17645,0.00577,-0.98429,0.55752,0.81544,-0.15564,0.37715,0.15233,-0.91354,0.61994,0.76021,-0.19431,0.36854,0.14798,-0.91776,0.61685,0.76407,-0.18892,0.38017,0.14655,-0.91323,0.60541,0.77884,-0.16395,0.45911,0.15738,-0.87433,0.59073,0.79742,-0.12309
1.0,0.3846,0.90878,-0.16187,0,0,-0.70871,0.42779,-0.561,0.57832,0.81448,-0.04657,0.61625,-0.01173,-0.78746,-0.0149,1.55176,0.66403,0.17766,0.00714,-0.98407,0.55751,0.81546,-0.15561,0.3794,0.15009,-0.91298,0.61996,0.76019,-0.19432,0.37107,0.14754,-0.91681,0.61688,0.76403,-0.189,0.3822,0.14733,-0.91226,0.6055,0.77876,-0.16402,0.45874,0.15846,-0.87433,0.59084,0.79734,-0.12315
1.0,0.39716,0.90421,-0.15707,0,0,-0.71321,0.41811,-0.56259,0.57835,0.81446,-0.04659,0.61543,-0.01067,-0.78812,-0.01354,1.55345,0.66297,0.17453,0.0164,-0.98452,0.55738,0.81558,-0.15542,0.3749,0.14746,-0.91526,0.62,0.76015,-0.19433,0.37311,0.14719,-0.91604,0.61693,0.76393,-0.18922,0.38445,0.15057,-0.91078,0.60574,0.77853,-0.16423,0.44904,0.15933,-0.87919,0.59112,0.7971,-0.12333
1.0,0.39248,0.90587,-0.15924,0,0,-0.71586,0.41535,-0.56127,0.57836,0.81445,-0.0466,0.61426,-0.00759,-0.78907,-0.00962,1.55844,0.66147,0.17905,0.01606,-0.98371,0.55735,0.81562,-0.15532,0.38027,0.15445,-0.91189,0.62002,0.76014,-0.19432,0.378,0.15124,-0.91337,0.61695,0.7639,-0.18931,0.38563,0.14851,-0.91062,0.60581,0.77846,-0.16429,0.4556,0.15674,-0.87628,0.5912,0.79703,-0.1234
1.0,0.38636,0.90814,-0.16126,0,0,-0.7185,0.41238,-0.56009,0.57836,0.81445,-0.04661,0.61371,-0.00304,-0.78953,-0.00386,1.56584,0.66075,0.1828,0.01852,-0.98298,0.55737,0.81563,-0.15522,0.38491,0.16478,-0.90813,0.62001,0.76015,-0.1943,0.38055,0.15848,-0.91108,0.61694,0.76388,-0.18941,0.38416,0.15099,-0.91084,0.60586,0.7784,-0.16437,0.45654,0.16129,-0.87496,0.59125,0.79697,-0.1235
1.0,0.37406,0.91227,-0.16686,0,0,-0.72324,0.40275,-0.56099,0.57837,0.81444,-0.04663,0.61836,0.01598,-0.78573,0.02034,1.59663,0.66676,0.21402,0.04657,-0.97572,0.55768,0.81548,-0.1549,0.42498,0.18356,-0.8864,0.62007,0.76017,-0.19403,0.41159,0.18734,-0.89191,0.61689,0.76392,-0.1894,0.39864,0.17918,-0.89943,0.60587,0.77837,-0.16447,0.43658,0.19474,-0.87833,0.59107,0.79708,-0.12374
1.0,0.37323,0.91178,-0.17137,0,0,-0.72587,0.39225,-0.56502,0.57837,0.81444,-0.04664,0.62571,0.03542,-0.77925,0.04542,1.62734,0.67654,0.24091,0.06752,-0.9682,0.55855,0.81497,-0.15442,0.43426,0.19643,-0.87911,0.62024,0.76013,-0.19365,0.43405,0.20139,-0.87809,0.61689,0.76399,-0.18915,0.4077,0.19913,-0.89114,0.60575,0.77848,-0.16441,0.45047,0.20297,-0.86941,0.59098,0.79714,-0.12375
1.0,0.38802,0.90597,-0.16926,0,0,-0.73007,0.36408,-0.57831,0.57834,0.81446,-0.04664,0.6372,0.05687,-0.7686,0.07386,1.65981,0.69219,0.25136,0.07535,-0.96496,0.55998,0.8141,-0.15385,0.41704,0.16859,-0.89312,0.62058,0.75998,-0.19316,0.43136,0.18588,-0.88282,0.61694,0.76402,-0.18885,0.42096,0.21475,-0.88129,0.6055,0.77877,-0.16398,0.44122,0.2808,-0.85234,0.58941,0.7984,-0.1231
1.0,0.38898,0.90511,-0.17166,0,0,-0.73242,0.35043,-0.58374,0.57831,0.81449,-0.04662,0.63989,0.0614,-0.76601,0.07998,1.66645,0.69593,0.24817,0.06468,-0.96655,0.56107,0.8134,-0.15356,0.41035,0.15008,-0.8995,0.621,0.75972,-0.19281,0.42787,0.17301,-0.88713,0.61704,0.76401,-0.18853,0.42036,0.20704,-0.88342,0.6052,0.77911,-0.16347,0.43388,0.28333,-0.85526,0.58738,0.80002,-0.12226
1.0,0.38919,0.90493,-0.17215,0,0,-0.73232,0.34685,-0.58601,0.57826,0.81452,-0.04659,0.64166,0.06335,-0.76437,0.08268,1.6692,0.69834,0.24961,0.06167,-0.96638,0.56196,0.81283,-0.15334,0.41252,0.14865,-0.89874,0.62133,0.75954,-0.1925,0.43038,0.17236,-0.88604,0.61713,0.76402,-0.18819,0.42193,0.20618,-0.88287,0.60495,0.7794,-0.163,0.42308,0.28353,-0.86059,0.58574,0.80132,-0.12164
1.0,0.38262,0.90703,-0.1758,0,0,-0.73247,0.34483,-0.58701,0.5782,0.81457,-0.04654,0.64231,0.06422,-0.76375,0.08389,1.67045,0.69924,0.25038,0.06125,-0.96621,0.5627,0.81235,-0.15316,0.41388,0.14854,-0.89813,0.6216,0.75938,-0.19221,0.43003,0.17178,-0.88632,0.6172,0.76404,-0.1879,0.42167,0.2049,-0.8833,0.60478,0.7796,-0.16267,0.41149,0.27999,-0.86734,0.58485,0.80202,-0.1213
1.0,0.38353,0.90651,-0.17649,0,0,-0.73229,0.33786,-0.59127,0.57814,0.81461,-0.0465,0.64499,0.06556,-0.76137,0.0859,1.6721,0.70284,0.25383,0.06302,-0.96519,0.56329,0.81197,-0.153,0.41885,0.14841,-0.89585,0.62181,0.75928,-0.19195,0.43344,0.17196,-0.88462,0.61725,0.76407,-0.18764,0.42681,0.20385,-0.88107,0.60461,0.7798,-0.16238,0.40054,0.27647,-0.87357,0.58402,0.80264,-0.12117
1.0,0.37421,0.90943,-0.1814,0,0,-0.72843,0.34171,-0.59382,0.57807,0.81466,-0.04645,0.64801,0.06226,-0.75908,0.08183,1.66657,0.70663,0.26085,0.06242,-0.96336,0.56369,0.81172,-0.15285,0.42377,0.15058,-0.89316,0.62196,0.75921,-0.19173,0.43609,0.1722,-0.88328,0.61729,0.76409,-0.1874,0.43741,0.19678,-0.87747,0.60454,0.77992,-0.16203,0.40815,0.25955,-0.87524,0.58349,0.80306,-0.12101
1.0,0.36269,0.91286,-0.18745,0,0,-0.72587,0.34348,-0.59593,0.57803,0.8147,-0.0464,0.65034,0.06057,-0.75723,0.07982,1.66367,0.7096,0.26902,0.06181,-0.96115,0.56395,0.81156,-0.15273,0.42737,0.15195,-0.89122,0.62204,0.75919,-0.19156,0.43856,0.17386,-0.88172,0.61731,0.76412,-0.18721,0.44079,0.19764,-0.87558,0.60449,0.78001,-0.16178,0.41359,0.25994,-0.87257,0.58325,0.80324,-0.12088
1.0,0.36253,0.91292,-0.18749,0,0,-0.71811,0.35055,-0.60119,0.57796,0.81475,-0.04633,0.6571,0.05702,-0.75165,0.07571,1.65735,0.71838,0.27631,0.06849,-0.95863,0.56432,0.81135,-0.15249,0.43267,0.1598,-0.88728,0.62216,0.75917,-0.19129,0.44497,0.17923,-0.87742,0.61734,0.76417,-0.18692,0.4503,0.19789,-0.87067,0.60449,0.78008,-0.16145,0.43751,0.24758,-0.86446,0.58316,0.80336,-0.12059
1.0,0.35805,0.91403,-0.19066,0,0,-0.71264,0.35953,-0.6024,0.5779,0.81479,-0.04626,0.65993,0.05227,-0.7495,0.06962,1.64983,0.72193,0.2831,0.06995,-0.95654,0.56447,0.81127,-0.15237,0.43384,0.16312,-0.8861,0.62222,0.75916,-0.19109,0.44627,0.17867,-0.87688,0.61737,0.76419,-0.18673,0.4558,0.1904,-0.86948,0.60455,0.78009,-0.16119,0.45712,0.22921,-0.85936,0.58334,0.80327,-0.12028
1.0,0.34836,0.91669,-0.19578,0,0,-0.70542,0.36791,-0.60582,0.57781,0.81486,-0.04617,0.66496,0.04764,-0.74535,0.06383,1.64232,0.72846,0.29723,0.07699,-0.9517,0.56475,0.81112,-0.15213,0.43479,0.17065,-0.88421,0.6223,0.75917,-0.19081,0.44792,0.18401,-0.87493,0.61743,0.76421,-0.18645,0.4593,0.19578,-0.86644,0.60467,0.78008,-0.1608,0.45867,0.2264,-0.85928,0.5838,0.80301,-0.11983
1.0,0.34963,0.91658,-0.19402,0,0,-0.70236,0.36912,-0.60864,0.57776,0.8149,-0.04611,0.66847,0.04822,-0.74217,0.06488,1.6428,0.7332,0.30048,0.08192,-0.95026,0.56491,0.81104,-0.15196,0.43898,0.17775,-0.88074,0.62231,0.75917,-0.19077,0.45108,0.19163,-0.87167,0.61743,0.76422,-0.18638,0.45697,0.20619,-0.86525,0.60469,0.7801,-0.16061,0.45029,0.23449,-0.86154,0.58395,0.80293,-0.11958
1.0,0.35096,0.91645,-0.19222,0,0,-0.69898,0.37468,-0.60913,0.57768,0.81496,-0.04601,0.67169,0.05158,-0.73904,0.06968,1.64743,0.73769,0.30581,0.0924,-0.9476,0.56509,0.81095,-0.15175,0.44706,0.19126,-0.87382,0.62232,0.75917,-0.19071,0.45337,0.20532,-0.86735,0.61744,0.76424,-0.18628,0.45328,0.21715,-0.86451,0.60469,0.78016,-0.16031,0.45157,0.23123,-0.86175,0.58418,0.80283,-0.1192
1.0,0.35461,0.91579,-0.18864,0,0,-0.6976,0.37661,-0.60952,0.57763,0.81501,-0.04594,0.67416,0.05698,-0.73638,0.07722,1.65511,0.74132,0.3106,0.10968,-0.94419,0.56518,0.81091,-0.15166,0.44839,0.20641,-0.86968,0.62234,0.75919,-0.19062,0.45175,0.22052,-0.86446,0.61743,0.76428,-0.18614,0.44556,0.23208,-0.86465,0.60463,0.78026,-0.16006,0.44022,0.23812,-0.86574,0.58423,0.80282,-0.119
1.0,0.34684,0.91869,-0.18897,0,0,-0.69843,0.37769,-0.6079,0.57752,0.81509,-0.04579,0.67557,0.06755,-0.7342,0.09174,1.67045,0.74383,0.31126,0.11225,-0.94367,0.56536,0.81081,-0.15152,0.4448,0.22174,-0.86775,0.62235,0.75925,-0.1903,0.44803,0.23305,-0.86311,0.61737,0.76443,-0.18574,0.43461,0.24447,-0.8668,0.60439,0.78056,-0.1595,0.42978,0.25014,-0.86759,0.58415,0.80293,-0.11864
1.0,0.33193,0.92291,-0.1951,0,0,-0.69905,0.37343,-0.60982,0.57737,0.81521,-0.04551,0.67703,0.07118,-0.73251,0.09686,1.67554,0.74606,0.31421,0.0842,-0.94561,0.56572,0.8106,-0.15131,0.44684,0.22051,-0.86701,0.62236,0.75941,-0.18963,0.44834,0.2312,-0.86345,0.61727,0.76468,-0.18505,0.43271,0.24373,-0.86796,0.60408,0.78095,-0.15877,0.43053,0.26234,-0.86361,0.58391,0.8032,-0.11799
1.0,0.33447,0.92292,-0.19068,0,0,-0.69785,0.37364,-0.61107,0.57722,0.81534,-0.04515,0.67732,0.06684,-0.73264,0.09098,1.66916,0.74618,0.30078,0.06137,-0.95172,0.56611,0.81036,-0.15108,0.44549,0.20929,-0.87048,0.62238,0.75958,-0.18889,0.44665,0.22195,-0.86674,0.61713,0.76501,-0.18415,0.42256,0.23542,-0.87523,0.60368,0.78143,-0.15794,0.44234,0.26139,-0.85791,0.58368,0.80348,-0.11723
1.0,0.33535,0.92341,-0.18671,0,0,-0.69922,0.36861,-0.61255,0.57716,0.81539,-0.04499,0.67589,0.06166,-0.73442,0.08376,1.66178,0.74392,0.29161,0.04249,-0.95559,0.56629,0.81027,-0.15092,0.45152,0.20799,-0.86768,0.62239,0.75962,-0.18867,0.45215,0.22549,-0.86297,0.61709,0.76514,-0.18377,0.40961,0.23538,-0.88137,0.60345,0.78168,-0.15754,0.46402,0.25897,-0.84713,0.58365,0.80354,-0.11693
1.0,0.33892,0.92295,-0.18247,0,0,-0.70114,0.36816,-0.61063,0.57709,0.81545,-0.04481,0.67151,0.05297,-0.7391,0.07155,1.64952,0.73751,0.28056,0.03965,-0.95902,0.56642,0.81021,-0.15076,0.45016,0.20059,-0.87013,0.62241,0.75971,-0.18828,0.43702,0.22257,-0.87148,0.61693,0.7654,-0.1832,0.38929,0.23096,-0.89169,0.60307,0.78203,-0.15726,0.45946,0.25171,-0.85178,0.58363,0.80358,-0.11679
1.0,0.34037,0.92233,-0.18291,0,0,-0.70068,0.36724,-0.6117,0.57698,0.81554,-0.04459,0.66973,0.04298,-0.74136,0.05791,1.63489,0.73468,0.27432,0.03585,-0.96097,0.56646,0.81021,-0.15062,0.44113,0.18478,-0.87822,0.62242,0.75984,-0.18772,0.43048,0.20587,-0.87881,0.61675,0.76567,-0.18268,0.39124,0.21912,-0.89382,0.60276,0.7823,-0.15711,0.48137,0.2402,-0.84296,0.58362,0.8036,-0.11666
1.0,0.34526,0.92071,-0.18189,0,0,-0.69681,0.37042,-0.6142,0.57688,0.81562,-0.04441,0.67278,0.04072,-0.73872,0.05506,1.63124,0.73872,0.27896,0.05039,-0.95898,0.56644,0.81023,-0.15056,0.44145,0.18015,-0.87902,0.62247,0.75992,-0.18722,0.43336,0.20405,-0.87781,0.61665,0.76585,-0.18228,0.39683,0.22208,-0.89062,0.60257,0.78246,-0.15702,0.50701,0.23769,-0.82852,0.58367,0.80358,-0.11655
1.0,0.36807,0.91269,-0.17756,0,0,-0.69549,0.36024,-0.6217,0.57676,0.81571,-0.04422,0.67417,0.02784,-0.73805,0.0377,1.61206,0.74019,0.27004,0.05728,-0.96115,0.56626,0.81037,-0.1505,0.41692,0.12957,-0.89966,0.62276,0.75981,-0.1867,0.42418,0.16942,-0.88959,0.61661,0.76596,-0.18193,0.3949,0.20855,-0.89474,0.6024,0.78261,-0.15696,0.48233,0.2336,-0.84427,0.58368,0.80358,-0.11651
1.0,0.41107,0.89627,-0.16648,0,0,-0.69008,0.35913,-0.62834,0.5766,0.81583,-0.04408,0.67503,0.00631,-0.73776,0.00855,1.58014,0.74103,0.25354,0.09745,-0.9624,0.56483,0.81134,-0.15066,0.37717,0.06728,-0.9237,0.6244,0.758,-0.18856,0.40695,0.12994,-0.90416,0.61738,0.76511,-0.18286,0.39188,0.18971,-0.90025,0.60227,0.78264,-0.1573,0.47003,0.23436,-0.85097,0.58366,0.80356,-0.11674
1.0,0.43172,0.88778,-0.15959,0,0,-0.68209,0.35955,-0.63677,0.57641,0.81597,-0.04398,0.68354,0.00404,-0.72991,0.00553,1.57671,0.7526,0.25923,0.13562,-0.95625,0.5626,0.81283,-0.15094,0.36625,0.06232,-0.92843,0.62569,0.75644,-0.19055,0.40905,0.13339,-0.90271,0.61832,0.76415,-0.18371,0.3996,0.19943,-0.89473,0.60228,0.78257,-0.15761,0.47781,0.25312,-0.84121,0.58361,0.80356,-0.117
1.0,0.4506,0.87954,-0.15287,0,0,-0.67703,0.35159,-0.64654,0.57604,0.81625,-0.04367,0.69345,0.01051,-0.72043,0.01459,1.58595,0.76632,0.26478,0.15889,-0.95113,0.55869,0.81548,-0.15117,0.35162,0.06101,-0.93415,0.62619,0.75582,-0.19138,0.41028,0.13557,-0.90183,0.61925,0.76342,-0.18363,0.40597,0.20641,-0.89027,0.60235,0.78252,-0.15759,0.47054,0.27994,-0.8368,0.58238,0.80433,-0.11783
1.0,0.45357,0.87794,-0.15328,0,0,-0.68118,0.33971,-0.64854,0.57581,0.81643,-0.04352,0.69343,0.0152,-0.72036,0.0211,1.59272,0.76635,0.26398,0.16588,-0.95016,0.557,0.81661,-0.15132,0.3496,0.0588,-0.93505,0.62643,0.7555,-0.19186,0.40992,0.13426,-0.90218,0.61967,0.76307,-0.18367,0.4048,0.20396,-0.89137,0.60233,0.78252,-0.15764,0.46732,0.27793,-0.83926,0.58068,0.8054,-0.11886
1.0,0.44549,0.88186,-0.15449,0,0,-0.68259,0.3415,-0.64611,0.57568,0.81652,-0.04352,0.69364,0.0244,-0.71991,0.03388,1.60596,0.76682,0.26251,0.16766,-0.95025,0.55603,0.8172,-0.15169,0.34585,0.07611,-0.9352,0.62632,0.75544,-0.19245,0.40485,0.14824,-0.90229,0.61976,0.76293,-0.18392,0.40258,0.21436,-0.88993,0.60225,0.78256,-0.15778,0.47521,0.28869,-0.83117,0.57992,0.80588,-0.11939
1.0,0.43558,0.88686,-0.15411,0,0,-0.69249,0.33166,-0.64067,0.57564,0.81654,-0.04364,0.6895,0.04302,-0.72301,0.05943,1.6331,0.76168,0.2541,0.13605,-0.95756,0.5558,0.81704,-0.15336,0.34934,0.10145,-0.93149,0.62593,0.75572,-0.19263,0.40861,0.16615,-0.89746,0.6194,0.76322,-0.18393,0.40617,0.22978,-0.88443,0.60174,0.78294,-0.15785,0.43962,0.30978,-0.84307,0.57929,0.80635,-0.11929
1.0,0.4532,0.87872,-0.14987,0,0,-0.71171,0.30679,-0.63194,0.57572,0.81647,-0.04382,0.67372,0.04337,-0.73771,0.05873,1.63508,0.7401,0.22058,0.11229,-0.96888,0.55583,0.81679,-0.15464,0.3429,0.06477,-0.93714,0.62598,0.75552,-0.19324,0.40098,0.14063,-0.90523,0.61943,0.7631,-0.18433,0.39752,0.21351,-0.89241,0.60147,0.7831,-0.1581,0.39758,0.31529,-0.8617,0.5784,0.80695,-0.11949
1.0,0.46531,0.87299,-0.14619,0,0,-0.7243,0.29823,-0.62165,0.57586,0.81636,-0.044,0.66079,0.04284,-0.74935,0.05711,1.63554,0.72267,0.20202,0.09253,-0.975,0.55614,0.81645,-0.15531,0.31916,0.05134,-0.94631,0.62631,0.75503,-0.19411,0.38883,0.1204,-0.91341,0.6197,0.76269,-0.18512,0.39601,0.20005,-0.89619,0.60151,0.78297,-0.15854,0.40297,0.33277,-0.85257,0.57756,0.80751,-0.11984
1.0,0.48846,0.86204,-0.13526,0,0,-0.74013,0.2998,-0.60194,0.57623,0.8161,-0.04408,0.64116,0.04468,-0.76611,0.05825,1.64037,0.69684,0.17279,0.08653,-0.98115,0.55631,0.81632,-0.15538,0.2863,0.04794,-0.95694,0.62636,0.75478,-0.19488,0.38805,0.11406,-0.91455,0.62021,0.76208,-0.18594,0.39831,0.19277,-0.89676,0.60198,0.78251,-0.15907,0.42318,0.32803,-0.84458,0.57718,0.80776,-0.11991
1.0,0.51216,0.8496,-0.126,0,0,-0.76875,0.27511,-0.57735,0.57718,0.8154,-0.04447,0.60844,0.03649,-0.79276,0.046,1.6307,0.65461,0.13683,0.09291,-0.98623,0.55626,0.81655,-0.15432,0.2715,0.03969,-0.96162,0.62639,0.75454,-0.19573,0.36777,0.10428,-0.92405,0.62041,0.76172,-0.18674,0.35663,0.17702,-0.91732,0.6021,0.78231,-0.1596,0.46065,0.30069,-0.8351,0.5772,0.80767,-0.12045
1.0,0.51955,0.84546,-0.12351,0,0,-0.78421,0.25998,-0.5634,0.57781,0.81493,-0.04497,0.58952,0.02889,-0.80724,0.03578,1.61977,0.63077,0.11353,0.09392,-0.98909,0.55588,0.81703,-0.15315,0.26524,0.03295,-0.96362,0.62631,0.75445,-0.1963,0.34919,0.09397,-0.93233,0.62035,0.76166,-0.18722,0.33187,0.16463,-0.92885,0.60203,0.78229,-0.15996,0.43978,0.29039,-0.84986,0.57712,0.80767,-0.12086
1.0,0.53611,0.8361,-0.1163,0,0,-0.79281,0.2392,-0.56057,0.57819,0.81463,-0.04557,0.58265,0.02761,-0.81225,0.03397,1.61814,0.62226,0.10335,0.11481,-0.988,0.5553,0.8177,-0.15169,0.28137,0.02844,-0.95918,0.62637,0.75428,-0.19679,0.35135,0.09399,-0.93151,0.62016,0.76161,-0.18801,0.32856,0.16368,-0.93019,0.60183,0.7823,-0.16066,0.41736,0.28521,-0.86282,0.5769,0.80774,-0.12141
1.0,0.54703,0.82953,-0.11238,0,0,-0.7992,0.22083,-0.55902,0.57838,0.81447,-0.04607,0.57766,0.02521,-0.81589,0.03089,1.61441,0.61608,0.09745,0.1348,-0.98607,0.55464,0.81839,-0.15035,0.29781,0.02088,-0.9544,0.62673,0.75393,-0.19698,0.34909,0.08778,-0.93297,0.61996,0.76156,-0.18889,0.31755,0.15585,-0.93535,0.60157,0.78234,-0.16142,0.40003,0.27438,-0.87447,0.57664,0.80784,-0.12196
1.0,0.54886,0.82871,-0.10949,0,0,-0.80488,0.20441,-0.55712,0.57838,0.81445,-0.04642,0.57338,0.02589,-0.81888,0.0316,1.61592,0.61086,0.09175,0.14976,-0.98446,0.55407,0.81899,-0.14921,0.30765,0.02709,-0.95111,0.62701,0.75373,-0.19684,0.34406,0.09263,-0.93437,0.6196,0.76163,-0.18979,0.29529,0.15361,-0.94298,0.60104,0.78251,-0.16256,0.39561,0.27958,-0.87483,0.576,0.80813,-0.12311
1.0,0.55653,0.82404,-0.10594,0,0,-0.80187,0.21169,-0.55874,0.5782,0.81457,-0.04647,0.57348,0.01021,-0.81916,0.01246,1.58859,0.61078,0.09168,0.14257,-0.98553,0.55326,0.81974,-0.14805,0.31854,0.00923,-0.94786,0.6272,0.75366,-0.19649,0.3516,0.07408,-0.93321,0.61937,0.76171,-0.19019,0.29965,0.13447,-0.94452,0.60048,0.78273,-0.16356,0.38403,0.26315,-0.88503,0.57512,0.80855,-0.12445
1.0,0.55492,0.82522,-0.10525,0,0,-0.78371,0.27449,-0.55719,0.57794,0.81477,-0.04624,0.57286,-0.02729,-0.8192,-0.0333,1.52319,0.61026,0.10077,0.14709,-0.98398,0.55157,0.82123,-0.14616,0.33074,0.00473,-0.94371,0.62717,0.75381,-0.19605,0.35475,0.05584,-0.93329,0.61934,0.76167,-0.19044,0.3347,0.10192,-0.9368,0.60056,0.78239,-0.16492,0.37866,0.15486,-0.91249,0.57749,0.8062,-0.12865
1.0,0.52692,0.84203,-0.1155,0,0,-0.76633,0.31357,-0.56073,0.57781,0.81487,-0.04602,0.57702,-0.0478,-0.81533,-0.05856,1.48814,0.61589,0.11205,0.14071,-0.98369,0.55038,0.82224,-0.1449,0.32292,0.0039,-0.94642,0.62675,0.75428,-0.19557,0.34798,0.04861,-0.93624,0.6193,0.76169,-0.19054,0.34247,0.10136,-0.93404,0.60083,0.7821,-0.1653,0.38011,0.15589,-0.91171,0.58028,0.80413,-0.129
1.0,0.49948,0.857,-0.12676,0,0,-0.74822,0.34288,-0.56798,0.5776,0.81504,-0.04562,0.58443,-0.06457,-0.80887,-0.07966,1.46076,0.62568,0.12263,0.1169,-0.98554,0.54893,0.82343,-0.14364,0.3114,0.00404,-0.95027,0.62597,0.75509,-0.19494,0.33008,0.03142,-0.94343,0.61916,0.76172,-0.19085,0.34672,0.0845,-0.93416,0.60131,0.78166,-0.16561,0.40125,0.13837,-0.90546,0.58267,0.80249,-0.12844
1.0,0.47752,0.86838,-0.13375,0,0,-0.73593,0.35872,-0.57422,0.57751,0.81512,-0.04545,0.58948,-0.07773,-0.80404,-0.09637,1.43969,0.63263,0.1257,0.07796,-0.989,0.54799,0.82416,-0.14306,0.29654,-0.00537,-0.95501,0.62515,0.75588,-0.19451,0.31698,0.02482,-0.94811,0.61893,0.76187,-0.19099,0.35225,0.07941,-0.93253,0.60146,0.78155,-0.16562,0.40865,0.13493,-0.90266,0.58317,0.80218,-0.12817
1.0,0.44311,0.88417,-0.14797,0,0,-0.71772,0.3808,-0.58299,0.57716,0.8154,-0.04481,0.59501,-0.09952,-0.79753,-0.12415,1.40507,0.64098,0.13878,0.03142,-0.98983,0.54668,0.82517,-0.14225,0.28487,-0.0219,-0.95832,0.62343,0.75744,-0.19395,0.30326,0.0092,-0.95286,0.61843,0.76216,-0.19145,0.34998,0.05931,-0.93488,0.60222,0.78095,-0.16567,0.40714,0.10792,-0.90697,0.58472,0.80115,-0.1275
1.0,0.41097,0.89768,-0.15899,0,0,-0.69498,0.39889,-0.59824,0.57667,0.81579,-0.04401,0.61164,-0.10947,-0.78353,-0.13882,1.39369,0.66281,0.15676,-0.0122,-0.98756,0.54643,0.82542,-0.14176,0.29274,-0.01127,-0.95613,0.62277,0.75813,-0.19338,0.30832,0.02075,-0.95106,0.61816,0.76242,-0.19127,0.34827,0.0631,-0.93527,0.60287,0.78049,-0.16549,0.40234,0.09948,-0.91007,0.58594,0.80038,-0.12675
1.0,0.41107,0.89795,-0.15718,0,0,-0.67362,0.40817,-0.61615,0.57606,0.81628,-0.04296,0.6345,-0.10813,-0.76532,-0.14036,1.402,0.69222,0.17638,-0.01286,-0.98424,0.54644,0.8254,-0.14183,0.29118,0.01967,-0.95646,0.62243,0.75855,-0.19282,0.31157,0.04958,-0.94893,0.61804,0.76264,-0.19081,0.34665,0.08007,-0.93457,0.6031,0.78036,-0.16526,0.39926,0.11374,-0.90975,0.58646,0.80011,-0.12605
1.0,0.41074,0.89873,-0.15358,0,0,-0.65751,0.41855,-0.6265,0.57535,0.81684,-0.04179,0.65145,-0.10195,-0.75181,-0.13478,1.41556,0.714,0.19687,-0.00372,-0.98042,0.54637,0.8254,-0.14215,0.27581,0.06543,-0.95898,0.62156,0.75943,-0.19214,0.29872,0.09012,-0.95008,0.61753,0.76322,-0.19013,0.33967,0.10718,-0.93442,0.60329,0.7803,-0.16487,0.39521,0.13957,-0.90793,0.58671,0.80003,-0.12542
1.0,0.40765,0.90009,-0.15383,0,0,-0.64971,0.42113,-0.63287,0.57466,0.81738,-0.04069,0.66487,-0.08882,-0.74166,-0.11919,1.43799,0.73085,0.22219,0.00946,-0.97496,0.54645,0.82526,-0.14261,0.29237,0.08803,-0.95224,0.62108,0.75994,-0.19168,0.31268,0.11488,-0.94288,0.61719,0.76363,-0.18961,0.34875,0.12451,-0.92891,0.60335,0.78032,-0.16454,0.39841,0.15781,-0.90353,0.58678,0.80005,-0.12498
1.0,0.40775,0.90037,-0.15192,0,0,-0.65301,0.40857,-0.63769,0.57409,0.81782,-0.03984,0.67771,-0.06063,-0.73283,-0.08254,1.48158,0.74634,0.24721,0.03594,-0.96829,0.54682,0.82492,-0.14316,0.32445,0.11739,-0.93859,0.62065,0.76052,-0.19081,0.34562,0.14627,-0.92691,0.61689,0.76406,-0.18885,0.37179,0.16401,-0.91371,0.60333,0.78044,-0.16403,0.41557,0.19274,-0.88891,0.58673,0.80018,-0.12435
1.0,0.41227,0.89884,-0.14876,0,0,-0.66135,0.38386,-0.64442,0.57372,0.8181,-0.03942,0.69469,-0.01057,-0.71924,-0.01469,1.55559,0.76804,0.27111,0.06932,-0.96005,0.54769,0.82422,-0.14384,0.36511,0.13921,-0.9205,0.62071,0.76129,-0.18752,0.38742,0.17478,-0.90519,0.61634,0.76531,-0.18554,0.38704,0.21279,-0.89718,0.60228,0.78183,-0.16126,0.38078,0.24057,-0.89282,0.58579,0.80118,-0.12232
1.0,0.41382,0.89782,-0.15055,0,0,-0.66448,0.37249,-0.64785,0.57344,0.81831,-0.03919,0.70076,0.00942,-0.71334,0.0132,1.58424,0.7765,0.27153,0.07289,-0.95966,0.54816,0.82383,-0.14432,0.37459,0.12782,-0.91834,0.62105,0.76147,-0.18565,0.39968,0.16959,-0.90083,0.61607,0.76618,-0.18282,0.39066,0.21455,-0.89518,0.60118,0.78317,-0.15882,0.40635,0.25029,-0.87877,0.58431,0.80259,-0.12008
1.0,0.41359,0.89766,-0.15216,0,0,-0.66564,0.37038,-0.64788,0.57316,0.81852,-0.039,0.70046,0.01059,-0.71361,0.01484,1.58592,0.7761,0.26515,0.05369,-0.96271,0.54878,0.8233,-0.145,0.38414,0.12093,-0.91532,0.62154,0.76136,-0.18444,0.40575,0.16395,-0.89916,0.61606,0.76668,-0.18075,0.39296,0.20716,-0.89592,0.60043,0.78414,-0.15684,0.46546,0.25324,-0.84807,0.58303,0.80382,-0.11813
1.0,0.40886,0.89946,-0.15427,0,0,-0.66763,0.37095,-0.6455,0.57292,0.81869,-0.03886,0.6978,0.00957,-0.71623,0.01336,1.58451,0.77237,0.2597,0.02982,-0.96523,0.54966,0.82254,-0.14594,0.39231,0.12064,-0.91189,0.62191,0.76122,-0.1838,0.41241,0.16263,-0.89637,0.61618,0.76688,-0.1795,0.39587,0.20381,-0.89541,0.60007,0.78466,-0.15565,0.48265,0.25274,-0.83856,0.58228,0.80454,-0.11689
1.0,0.41341,0.89766,-0.15263,0,0,-0.66716,0.37095,-0.64598,0.57256,0.81895,-0.03867,0.69827,0.00939,-0.71578,0.01312,1.58424,0.77302,0.26018,0.03182,-0.96503,0.55048,0.82184,-0.1468,0.39427,0.11627,-0.91161,0.62218,0.76114,-0.1832,0.41452,0.16157,-0.89558,0.61627,0.76705,-0.17843,0.39721,0.20601,-0.89431,0.5998,0.78508,-0.15454,0.46286,0.26538,-0.84577,0.58144,0.80532,-0.1157
1.0,0.41387,0.89755,-0.15204,0,0,-0.66605,0.37179,-0.64665,0.57223,0.81919,-0.0385,0.70072,0.0147,-0.71329,0.0206,1.59177,0.77651,0.26472,0.03968,-0.96351,0.5511,0.8213,-0.14752,0.40468,0.12071,-0.90646,0.62243,0.76104,-0.18278,0.42355,0.16773,-0.89021,0.61637,0.76713,-0.17775,0.40203,0.21169,-0.89082,0.59967,0.78533,-0.1538,0.46928,0.26997,-0.84077,0.58095,0.80578,-0.11496
1.0,0.4147,0.89718,-0.15196,0,0,-0.66709,0.36998,-0.64661,0.57197,0.81938,-0.03838,0.70144,0.01955,-0.71246,0.02744,1.59866,0.7776,0.26704,0.04479,-0.96264,0.55142,0.82101,-0.14791,0.40787,0.12006,-0.90511,0.62254,0.76099,-0.18258,0.42462,0.16999,-0.88927,0.61639,0.76721,-0.17736,0.40537,0.21591,-0.88829,0.59955,0.78551,-0.15335,0.4337,0.27694,-0.85745,0.58042,0.80624,-0.11438
1.0,0.42011,0.89498,-0.15003,0,0,-0.66642,0.37164,-0.64636,0.57176,0.81953,-0.03827,0.70187,0.02024,-0.71202,0.02842,1.59963,0.77822,0.26567,0.05183,-0.96267,0.55166,0.82079,-0.14822,0.40935,0.11269,-0.90539,0.62266,0.76093,-0.18242,0.42762,0.16573,-0.88863,0.61643,0.76725,-0.17703,0.41049,0.21513,-0.88613,0.59951,0.78562,-0.15295,0.39921,0.27884,-0.87343,0.57983,0.80674,-0.11386
1.0,0.42362,0.89347,-0.14916,0,0,-0.66628,0.37318,-0.64561,0.57167,0.8196,-0.0382,0.70147,0.01992,-0.71242,0.02795,1.59919,0.77765,0.2642,0.06001,-0.9626,0.55172,0.82073,-0.14835,0.40547,0.10631,-0.90791,0.62276,0.76087,-0.18233,0.4268,0.16107,-0.88989,0.61649,0.76725,-0.17682,0.41163,0.21282,-0.88616,0.59953,0.78565,-0.15272,0.39196,0.27957,-0.87648,0.57948,0.80703,-0.11359
1.0,0.42176,0.89433,-0.14933,0,0,-0.66438,0.3754,-0.64628,0.57154,0.81969,-0.03809,0.7036,0.02249,-0.71024,0.03166,1.60275,0.7807,0.26974,0.07111,-0.9603,0.55176,0.82068,-0.14848,0.41171,0.1133,-0.90424,0.62284,0.76083,-0.18223,0.43035,0.16676,-0.88713,0.61653,0.76727,-0.1766,0.41616,0.21706,-0.883,0.59955,0.78569,-0.15246,0.38531,0.28201,-0.87864,0.57917,0.8073,-0.1133
1.0,0.41922,0.89549,-0.1495,0,0,-0.66241,0.37897,-0.64621,0.5714,0.81979,-0.03797,0.70561,0.02587,-0.70813,0.03652,1.60745,0.78362,0.27395,0.07838,-0.95854,0.5518,0.82063,-0.14858,0.41642,0.12181,-0.90098,0.62287,0.76082,-0.18217,0.43204,0.17294,-0.88512,0.61655,0.76728,-0.17648,0.41729,0.22146,-0.88138,0.59955,0.78571,-0.15233,0.39365,0.28299,-0.87462,0.57906,0.80739,-0.11316
1.0,0.41311,0.89824,-0.15002,0,0,-0.65919,0.38167,-0.64791,0.57117,0.81997,-0.03772,0.71065,0.03452,-0.70269,0.04908,1.61933,0.79103,0.28427,0.08536,-0.95494,0.55195,0.82051,-0.14873,0.42936,0.13739,-0.89262,0.62293,0.76082,-0.18197,0.44173,0.18703,-0.87744,0.61655,0.76735,-0.17622,0.42306,0.2347,-0.87518,0.59953,0.78578,-0.15203,0.43871,0.29098,-0.85021,0.57893,0.80753,-0.11283
1.0,0.41158,0.8989,-0.15027,0,0,-0.65717,0.3819,-0.64983,0.57106,0.82005,-0.0376,0.71394,0.03893,-0.69912,0.05563,1.62527,0.79588,0.29169,0.09118,-0.95216,0.55211,0.82039,-0.14881,0.43389,0.14509,-0.88921,0.62298,0.76083,-0.18177,0.44437,0.19399,-0.87459,0.61655,0.76739,-0.17601,0.42329,0.23989,-0.87366,0.59951,0.78583,-0.15185,0.46693,0.29378,-0.83407,0.57887,0.80761,-0.11258
1.0,0.40979,0.89953,-0.1514,0,0,-0.65484,0.38322,-0.6514,0.57097,0.82012,-0.03749,0.71669,0.04135,-0.69616,0.05932,1.62842,0.79993,0.2966,0.08434,-0.95127,0.55239,0.82016,-0.14897,0.41585,0.15423,-0.89626,0.62302,0.76085,-0.18152,0.44139,0.20057,-0.87461,0.61654,0.76746,-0.17574,0.42349,0.24775,-0.87136,0.59949,0.78588,-0.15166,0.47523,0.30027,-0.82704,0.57882,0.80769,-0.11224
1.0,0.40828,0.90017,-0.15164,0,0,-0.65831,0.3783,-0.65078,0.57094,0.82014,-0.03746,0.71468,0.04267,-0.69814,0.06105,1.63043,0.7971,0.2924,0.07397,-0.95343,0.55262,0.81999,-0.14909,0.42878,0.15516,-0.88998,0.62307,0.76085,-0.18134,0.4489,0.19825,-0.87131,0.61656,0.76749,-0.17553,0.42146,0.23904,-0.87478,0.59947,0.78592,-0.15154,0.48616,0.28131,-0.82735,0.57881,0.80772,-0.11213
1.0,0.40587,0.90119,-0.15205,0,0,-0.6629,0.37558,-0.64769,0.57091,0.82016,-0.03741,0.70896,0.03677,-0.70429,0.05216,1.62261,0.78871,0.28196,0.05472,-0.95786,0.5529,0.81977,-0.14926,0.43333,0.14807,-0.88899,0.62317,0.76083,-0.1811,0.44865,0.18986,-0.87331,0.6166,0.7675,-0.17533,0.41702,0.22804,-0.87982,0.59945,0.78595,-0.15146,0.47554,0.26387,-0.83918,0.57881,0.80773,-0.112
1.0,0.40755,0.90067,-0.15069,0,0,-0.66651,0.37259,-0.6457,0.57089,0.82018,-0.03737,0.7045,0.03153,-0.70901,0.04444,1.61552,0.78221,0.27394,0.0456,-0.96066,0.553,0.8197,-0.1493,0.4303,0.14219,-0.89142,0.62322,0.76081,-0.18098,0.44363,0.18365,-0.87719,0.61662,0.76751,-0.17527,0.41232,0.22178,-0.88363,0.59945,0.78596,-0.15144,0.43087,0.25314,-0.86618,0.57882,0.80773,-0.11199
1.0,0.40371,0.90175,-0.15449,0,0,-0.67602,0.36015,-0.64287,0.57084,0.82021,-0.03732,0.69607,0.02579,-0.71751,0.03593,1.60784,0.77023,0.25951,0.02578,-0.9654,0.5532,0.81954,-0.14939,0.42657,0.12304,-0.89605,0.62331,0.76078,-0.18085,0.43554,0.16819,-0.88432,0.61663,0.7675,-0.17522,0.40523,0.20747,-0.89036,0.59943,0.78597,-0.15143,0.38581,0.23441,-0.8923,0.57881,0.80773,-0.11198
1.0,0.39787,0.90325,-0.16075,0,0,-0.68855,0.34259,-0.63917,0.57087,0.82019,-0.03734,0.68759,0.0283,-0.72555,0.03898,1.61193,0.75855,0.24582,0.01435,-0.96921,0.55398,0.81895,-0.14977,0.42145,0.11114,-0.90001,0.62357,0.76054,-0.18094,0.43118,0.15893,-0.88816,0.6167,0.76743,-0.17529,0.39837,0.20165,-0.89478,0.59939,0.78599,-0.15152,0.4115,0.21536,-0.8856,0.57884,0.8077,-0.11211
1.0,0.4164,0.8953,-0.15829,0,0,-0.71148,0.30708,-0.63206,0.57091,0.82016,-0.03742,0.67264,0.03731,-0.73903,0.05044,1.6262,0.7384,0.22953,0.01843,-0.97313,0.555,0.8182,-0.15007,0.38543,0.07955,-0.9193,0.62376,0.7603,-0.1813,0.41449,0.1355,-0.89991,0.61674,0.76737,-0.17544,0.39925,0.2061,-0.89338,0.59928,0.78602,-0.15174,0.45634,0.30246,-0.83683,0.57794,0.80821,-0.11304
1.0,0.45265,0.88004,-0.14369,0,0,-0.72047,0.30345,-0.62357,0.57097,0.82011,-0.03753,0.66333,0.03928,-0.7473,0.05251,1.62994,0.72594,0.21015,0.05167,-0.9763,0.55538,0.81791,-0.15028,0.36947,0.0659,-0.9269,0.62386,0.76012,-0.18168,0.40901,0.12326,-0.90417,0.61681,0.76726,-0.17567,0.39956,0.19868,-0.89491,0.59921,0.78602,-0.15205,0.46033,0.32217,-0.82722,0.5764,0.8092,-0.11385
1.0,0.46367,0.87498,-0.13939,0,0,-0.72511,0.30699,-0.61642,0.57105,0.82005,-0.03766,0.65551,0.03344,-0.75444,0.0443,1.62177,0.71535,0.20132,0.06252,-0.97753,0.55526,0.81798,-0.15035,0.3601,0.05818,-0.9311,0.62398,0.75992,-0.18213,0.40511,0.11672,-0.90679,0.61691,0.76711,-0.17596,0.40297,0.19114,-0.89503,0.59928,0.78589,-0.15246,0.42828,0.31986,-0.84514,0.57604,0.80941,-0.11415
1.0,0.47205,0.8711,-0.13549,0,0,-0.72821,0.31116,-0.61065,0.57116,0.81996,-0.03783,0.65004,0.03122,-0.75926,0.0411,1.61879,0.70805,0.18876,0.073,-0.97931,0.55499,0.81816,-0.15033,0.34633,0.05374,-0.93657,0.62402,0.75982,-0.18243,0.39751,0.11506,-0.91035,0.61695,0.76704,-0.17613,0.40129,0.19132,-0.89575,0.59936,0.78576,-0.15279,0.41567,0.32228,-0.8505,0.57573,0.80959,-0.11445
1.0,0.48138,0.86664,-0.13117,0,0,-0.72937,0.31361,-0.608,0.5713,0.81986,-0.03802,0.648,0.03175,-0.76098,0.04169,1.61975,0.70539,0.18547,0.09287,-0.97825,0.55445,0.81854,-0.15025,0.33924,0.05577,-0.93904,0.62403,0.75973,-0.18272,0.39626,0.11661,-0.9107,0.61703,0.76691,-0.17641,0.40335,0.19336,-0.89438,0.5995,0.78558,-0.15317,0.40828,0.32396,-0.85344,0.57536,0.8098,-0.11484
1.0,0.4871,0.86377,-0.12896,0,0,-0.72943,0.3168,-0.60627,0.57153,0.81969,-0.03835,0.64603,0.02768,-0.76281,0.03627,1.61361,0.7027,0.17789,0.09157,-0.97978,0.55364,0.81912,-0.15009,0.33268,0.05053,-0.94169,0.62404,0.75961,-0.1832,0.39736,0.11382,-0.91058,0.6172,0.76665,-0.17696,0.40636,0.18911,-0.89393,0.59976,0.78529,-0.15365,0.4107,0.31819,-0.85445,0.57507,0.80994,-0.11528
1.0,0.4898,0.86229,-0.12868,0,0,-0.73092,0.31629,-0.60474,0.57175,0.81952,-0.03867,0.64252,0.02022,-0.766,0.0264,1.60226,0.69795,0.17376,0.07996,-0.98154,0.55301,0.81956,-0.14998,0.3235,0.03926,-0.94541,0.62406,0.75941,-0.18398,0.39571,0.10433,-0.91243,0.61741,0.76634,-0.17756,0.40536,0.1815,-0.89596,0.59997,0.78506,-0.15399,0.41381,0.30908,-0.85629,0.57499,0.80996,-0.11557
1.0,0.48955,0.86243,-0.12868,0,0,-0.7337,0.31681,-0.6011,0.57192,0.81938,-0.03892,0.63621,0.00968,-0.77145,0.01255,1.58601,0.68962,0.16344,0.06093,-0.98467,0.55279,0.81974,-0.14986,0.30951,0.0299,-0.95042,0.62406,0.75929,-0.18449,0.38787,0.09537,-0.91677,0.61751,0.76619,-0.17787,0.39906,0.17236,-0.90058,0.60007,0.78495,-0.15418,0.40796,0.29734,-0.86322,0.57504,0.80989,-0.11581
1.0,0.46929,0.87242,-0.13657,0,0,-0.73162,0.33965,-0.59108,0.57221,0.81917,-0.03927,0.6239,-0.01583,-0.78134,-0.02026,1.54542,0.67383,0.13519,0.02936,-0.99038,0.55208,0.82025,-0.14964,0.2834,0.02093,-0.95877,0.62386,0.75925,-0.18529,0.34429,0.07619,-0.93577,0.61757,0.76603,-0.17835,0.38653,0.14339,-0.91106,0.60029,0.78471,-0.15455,0.41105,0.24044,-0.87933,0.5762,0.80894,-0.11665
1.0,0.45681,0.87838,-0.14065,0,0,-0.7298,0.3523,-0.5859,0.57243,0.819,-0.0395,0.61566,-0.03393,-0.78728,-0.04307,1.51574,0.66368,0.1256,0.01827,-0.99191,0.55146,0.82072,-0.14938,0.2733,0.02128,-0.96169,0.62351,0.75934,-0.1861,0.32344,0.06909,-0.94372,0.61751,0.76593,-0.17897,0.37625,0.13226,-0.91703,0.60041,0.78458,-0.15476,0.40366,0.22054,-0.88793,0.57743,0.80795,-0.11743
1.0,0.45145,0.88093,-0.142,0,0,-0.72647,0.35822,-0.58645,0.57252,0.81893,-0.03964,0.61609,-0.03853,-0.78673,-0.04893,1.50834,0.66436,0.13396,0.02592,-0.99065,0.55105,0.82103,-0.14915,0.29271,0.03714,-0.95548,0.62313,0.75945,-0.18691,0.33071,0.07791,-0.94051,0.61745,0.76587,-0.17947,0.37555,0.13073,-0.91754,0.6005,0.78447,-0.15495,0.40885,0.2027,-0.88981,0.57807,0.80742,-0.11791
1.0,0.44095,0.88574,-0.14502,0,0,-0.72141,0.36979,-0.58551,0.57259,0.81888,-0.03972,0.61735,-0.03967,-0.78569,-0.05044,1.50663,0.66599,0.13809,0.01998,-0.99022,0.55081,0.82122,-0.14901,0.30871,0.04804,-0.94994,0.62296,0.75951,-0.18725,0.33762,0.08431,-0.9375,0.61742,0.76584,-0.17966,0.37631,0.12883,-0.9175,0.60061,0.78434,-0.15516,0.41912,0.19067,-0.88769,0.57873,0.8069,-0.11827
1.0,0.4227,0.89377,-0.15001,0,0,-0.71701,0.37917,-0.58492,0.57268,0.81881,-0.03982,0.61917,-0.03902,-0.78428,-0.04971,1.50786,0.66829,0.15115,0.01277,-0.98843,0.55056,0.82143,-0.14877,0.3326,0.06505,-0.94082,0.62264,0.75965,-0.18777,0.34742,0.09721,-0.93266,0.61733,0.76578,-0.18021,0.37556,0.13437,-0.917,0.60081,0.78411,-0.15554,0.42855,0.18449,-0.88448,0.57976,0.80608,-0.1188
1.0,0.39944,0.90326,-0.15672,0,0,-0.70626,0.38851,-0.59182,0.57273,0.81877,-0.03991,0.63037,-0.03536,-0.77549,-0.04557,1.51476,0.68254,0.17092,0.00274,-0.98528,0.55053,0.82149,-0.14855,0.35361,0.08945,-0.93111,0.62214,0.75998,-0.18806,0.35829,0.11537,-0.92646,0.61707,0.76582,-0.18093,0.3789,0.14499,-0.91401,0.60105,0.78382,-0.15608,0.43945,0.18884,-0.87819,0.58072,0.80533,-0.11919
1.0,0.39606,0.90481,-0.1564,0,0,-0.68756,0.40492,-0.60275,0.57269,0.8188,-0.03992,0.64652,-0.03652,-0.76202,-0.04789,1.51437,0.70358,0.18604,-0.00132,-0.98254,0.5505,0.82152,-0.1485,0.37064,0.09537,-0.92387,0.62182,0.76026,-0.188,0.36936,0.12397,-0.92098,0.61689,0.7659,-0.18122,0.38097,0.15469,-0.91156,0.60117,0.78369,-0.15631,0.44781,0.19288,-0.87308,0.58118,0.80499,-0.11924
1.0,0.39932,0.9036,-0.15509,0,0,-0.66766,0.42821,-0.60899,0.57265,0.81883,-0.03988,0.65816,-0.0428,-0.75166,-0.05688,1.50586,0.71918,0.19574,0.00765,-0.98063,0.55031,0.82164,-0.14855,0.37876,0.08999,-0.92111,0.62172,0.76037,-0.18788,0.37909,0.12298,-0.91715,0.61684,0.76593,-0.18127,0.38094,0.14944,-0.91244,0.60127,0.7836,-0.15633,0.45092,0.17729,-0.87478,0.58153,0.80476,-0.11908
1.0,0.39761,0.9045,-0.15424,0,0,-0.64225,0.46192,-0.61168,0.57258,0.81889,-0.03973,0.66748,-0.05527,-0.74257,-0.0743,1.48817,0.73219,0.21455,0.01851,-0.97654,0.54981,0.82194,-0.14875,0.38772,0.09591,-0.91677,0.62159,0.76053,-0.18765,0.38416,0.12976,-0.9141,0.61681,0.76594,-0.18133,0.38734,0.14838,-0.90992,0.60176,0.78324,-0.1563,0.45793,0.16411,-0.87371,0.58296,0.80383,-0.11837
1.0,0.40178,0.9032,-0.15101,0,0,-0.62917,0.47903,-0.61211,0.57249,0.81896,-0.03949,0.67143,-0.06177,-0.73849,-0.08345,1.47905,0.73787,0.23667,0.03619,-0.97092,0.5496,0.82207,-0.1488,0.40366,0.11033,-0.90823,0.62157,0.76059,-0.18752,0.39524,0.14365,-0.90728,0.61682,0.76594,-0.18129,0.4028,0.15657,-0.9018,0.60211,0.78299,-0.15617,0.49055,0.15912,-0.85676,0.58431,0.80297,-0.11757
1.0,0.41403,0.89879,-0.14409,0,0,-0.62436,0.48667,-0.611,0.5724,0.81904,-0.03925,0.68059,-0.04497,-0.73128,-0.06141,1.50482,0.74951,0.26407,0.08931,-0.96036,0.54932,0.82226,-0.14877,0.40685,0.13139,-0.904,0.62156,0.76065,-0.18731,0.41867,0.17469,-0.89118,0.61685,0.76595,-0.18115,0.43173,0.19004,-0.88176,0.60256,0.78271,-0.15583,0.50242,0.20748,-0.83936,0.58556,0.80222,-0.11647
1.0,0.41358,0.89892,-0.14455,0,0,-0.62512,0.48283,-0.61327,0.57235,0.81908,-0.03906,0.68734,-0.03178,-0.72564,-0.04376,1.5246,0.7583,0.27466,0.09987,-0.95634,0.54923,0.82233,-0.14874,0.40808,0.13359,-0.90312,0.62158,0.76069,-0.18705,0.42825,0.18331,-0.88487,0.61691,0.76597,-0.18088,0.44141,0.20323,-0.87399,0.6028,0.7826,-0.15548,0.50758,0.24043,-0.82738,0.58613,0.80199,-0.11517
1.0,0.40847,0.90074,-0.14773,0,0,-0.62885,0.47652,-0.6144,0.57235,0.81908,-0.03891,0.69116,-0.01936,-0.72244,-0.0268,1.54279,0.76328,0.27914,0.10207,-0.95481,0.54929,0.82228,-0.14877,0.4147,0.13049,-0.90055,0.62166,0.76069,-0.18679,0.43345,0.18567,-0.88184,0.61699,0.76598,-0.18057,0.44177,0.2082,-0.87264,0.60302,0.7825,-0.15513,0.47762,0.26266,-0.83839,0.58645,0.80188,-0.11428
1.0,0.41401,0.89727,-0.15332,0,0,-0.63404,0.44634,-0.63148,0.57252,0.81898,-0.03875,0.7102,0.01303,-0.70388,0.0185,1.58914,0.78987,0.32082,0.15845,-0.93379,0.5502,0.82169,-0.14868,0.42455,0.1345,-0.89536,0.62199,0.76052,-0.18639,0.45376,0.19675,-0.86913,0.61713,0.76594,-0.18024,0.46669,0.23269,-0.85326,0.60316,0.78245,-0.15485,0.43728,0.28965,-0.8514,0.58653,0.80192,-0.11358
1.0,0.40289,0.90124,-0.15955,0,0,-0.65669,0.4025,-0.63777,0.57283,0.81876,-0.03872,0.7055,0.02903,-0.70811,0.04098,1.61193,0.78355,0.31315,0.10816,-0.94352,0.55423,0.81902,-0.14847,0.4314,0.16318,-0.88728,0.62274,0.76016,-0.18537,0.44547,0.21792,-0.86837,0.61734,0.76599,-0.17933,0.43888,0.25071,-0.86286,0.60325,0.78255,-0.15398,0.36179,0.28395,-0.88797,0.58562,0.80267,-0.11299
1.0,0.39707,0.90389,-0.15914,0,0,-0.68794,0.35384,-0.63367,0.57294,0.81868,-0.03881,0.68831,0.04121,-0.72424,0.05684,1.6306,0.75997,0.26206,0.0175,-0.96489,0.55877,0.81556,-0.15043,0.41895,0.15435,-0.8948,0.62313,0.76002,-0.1846,0.43346,0.20487,-0.87758,0.61731,0.76613,-0.17881,0.39578,0.23915,-0.88666,0.60273,0.78301,-0.15366,0.40383,0.29601,-0.86562,0.5836,0.8041,-0.11328
1.0,0.40246,0.90226,-0.15477,0,0,-0.71031,0.33809,-0.61738,0.57301,0.81862,-0.03899,0.66633,0.04029,-0.74457,0.05406,1.63118,0.73,0.22438,0.01395,-0.9744,0.55914,0.81509,-0.1516,0.38373,0.1491,-0.91133,0.62301,0.76013,-0.18457,0.40529,0.18941,-0.89435,0.61711,0.7663,-0.17876,0.36491,0.21745,-0.9053,0.60209,0.78346,-0.15388,0.34454,0.26585,-0.90034,0.58194,0.80519,-0.11412
1.0,0.39241,0.90524,-0.16295,0,0,-0.7137,0.34146,-0.61158,0.57318,0.8185,-0.03914,0.66292,0.04733,-0.74719,0.06326,1.64208,0.72571,0.24505,0.052,-0.96811,0.55945,0.81493,-0.15133,0.39034,0.16025,-0.90662,0.62289,0.76019,-0.18469,0.40934,0.18945,-0.89249,0.61698,0.76638,-0.17886,0.37406,0.21632,-0.90182,0.60171,0.78368,-0.15421,0.35557,0.2621,-0.89715,0.58111,0.80567,-0.11488
1.0,0.36855,0.91198,-0.18016,0,0,-0.71312,0.34466,-0.61046,0.57348,0.81828,-0.03932,0.6671,0.06599,-0.74204,0.08869,1.66939,0.73227,0.28019,0.0881,-0.95589,0.56064,0.81426,-0.15051,0.42415,0.18228,-0.88706,0.62289,0.76019,-0.1847,0.43493,0.20311,-0.87726,0.61693,0.76641,-0.1789,0.41032,0.22044,-0.8849,0.60156,0.78377,-0.15434,0.4014,0.25555,-0.87953,0.58078,0.80586,-0.11523
1.0,0.34357,0.91856,-0.19546,0,0,-0.71304,0.34471,-0.61053,0.57386,0.818,-0.03958,0.66975,0.07729,-0.73856,0.10427,1.68569,0.73658,0.30681,0.09609,-0.94691,0.56349,0.81259,-0.1489,0.44909,0.20165,-0.87043,0.62289,0.76025,-0.18448,0.45478,0.21649,-0.86389,0.61689,0.76647,-0.17879,0.4316,0.22079,-0.87463,0.60152,0.78381,-0.15433,0.43698,0.24887,-0.86436,0.58075,0.80587,-0.11536
1.0,0.34061,0.91935,-0.19691,0,0,-0.71169,0.34556,-0.61163,0.57404,0.81786,-0.0397,0.67297,0.08559,-0.7347,0.11597,1.6973,0.74157,0.31558,0.11129,-0.94235,0.56546,0.81143,-0.14777,0.45306,0.21256,-0.86577,0.62285,0.76036,-0.18415,0.46004,0.22607,-0.85864,0.61681,0.76658,-0.17858,0.43571,0.22756,-0.87084,0.60148,0.78387,-0.15421,0.45431,0.25365,-0.85397,0.58084,0.80582,-0.11524
1.0,0.34196,0.91908,-0.19584,0,0,-0.70886,0.34759,-0.61376,0.57413,0.8178,-0.03972,0.67647,0.08858,-0.73112,0.12057,1.701,0.74659,0.31969,0.11602,-0.94039,0.56639,0.8109,-0.14715,0.45415,0.21489,-0.86462,0.62281,0.76046,-0.18389,0.46145,0.22846,-0.85725,0.61677,0.76665,-0.17843,0.43905,0.22907,-0.86877,0.60146,0.7839,-0.15408,0.44503,0.25372,-0.85882,0.58089,0.80581,-0.11506
1.0,0.34243,0.91962,-0.19246,0,0,-0.706,0.35886,-0.61056,0.57414,0.81779,-0.03968,0.6743,0.07703,-0.73443,0.10451,1.68455,0.74274,0.30691,0.09241,-0.94724,0.56681,0.81069,-0.14667,0.44168,0.19486,-0.87576,0.62275,0.76057,-0.18362,0.44817,0.21032,-0.86885,0.61673,0.76673,-0.17823,0.4331,0.21301,-0.87581,0.60151,0.7839,-0.15391,0.43425,0.23842,-0.86867,0.58099,0.80577,-0.11486
1.0,0.34816,0.9188,-0.18599,0,0,-0.70671,0.36533,-0.60588,0.57415,0.81779,-0.03966,0.66856,0.06466,-0.74084,0.08705,1.66721,0.73416,0.2839,0.0693,-0.95635,0.56675,0.8108,-0.14629,0.4183,0.1671,-0.8928,0.62266,0.76069,-0.18345,0.4278,0.18608,-0.88451,0.6167,0.76679,-0.17808,0.41823,0.20023,-0.886,0.60159,0.78387,-0.15373,0.41651,0.2331,-0.87874,0.58108,0.80572,-0.11469
1.0,0.39704,0.90437,-0.15645,0,0,-0.70497,0.38116,-0.59812,0.57414,0.8178,-0.03959,0.65513,0.02688,-0.75504,0.03558,1.6118,0.71467,0.21871,0.03248,-0.97525,0.56311,0.81341,-0.14586,0.36147,0.10499,-0.92645,0.62246,0.76065,-0.18424,0.37923,0.13908,-0.91479,0.61672,0.76666,-0.17858,0.35418,0.17391,-0.91887,0.60149,0.78393,-0.15384,0.40057,0.22001,-0.88946,0.58122,0.80565,-0.11446
1.0,0.43218,0.8908,-0.14033,0,0,-0.69528,0.4159,-0.58619,0.57413,0.81782,-0.0394,0.63235,-0.0337,-0.77395,-0.04352,1.51755,0.68505,0.14182,0.00516,-0.98988,0.5505,0.82176,-0.14721,0.246,0.0621,-0.96728,0.61882,0.76191,-0.19117,0.28139,0.09189,-0.95518,0.61552,0.76616,-0.18475,0.32684,0.13635,-0.93519,0.60219,0.78298,-0.15591,0.4161,0.22426,-0.88123,0.58176,0.80526,-0.1145
1.0,0.4634,0.8767,-0.12908,0,0,-0.68324,0.43892,-0.58355,0.57405,0.8179,-0.03891,0.62527,-0.06106,-0.77801,-0.07833,1.47345,0.67698,0.1198,0.04081,-0.99196,0.53836,0.82969,-0.1476,0.17946,0.07187,-0.98114,0.61411,0.76467,-0.1953,0.26306,0.08537,-0.96099,0.61453,0.76618,-0.18796,0.3233,0.14252,-0.9355,0.60306,0.78192,-0.15784,0.42538,0.2411,-0.87231,0.58276,0.80449,-0.11481
1.0,0.46934,0.87391,-0.12648,0,0,-0.66054,0.4725,-0.58346,0.57405,0.81791,-0.03857,0.63224,-0.06906,-0.77169,-0.08925,1.462,0.68639,0.11206,0.02893,-0.99328,0.53463,0.83186,-0.14895,0.11989,0.1114,-0.98652,0.61071,0.76683,-0.19749,0.25078,0.09496,-0.96337,0.61442,0.76586,-0.18963,0.32929,0.14982,-0.93227,0.60465,0.78052,-0.15869,0.42518,0.24935,-0.87008,0.58479,0.80305,-0.1146
1.0,0.45837,0.87949,-0.12802,0,0,-0.63736,0.5016,-0.58495,0.57432,0.81773,-0.03837,0.63921,-0.07978,-0.76489,-0.10393,1.44663,0.69613,0.10151,-0.0284,-0.99443,0.53441,0.83165,-0.15085,0.12519,0.12979,-0.98361,0.60815,0.76859,-0.19855,0.26017,0.10843,-0.95946,0.61491,0.76527,-0.19038,0.3455,0.16632,-0.92356,0.60706,0.7787,-0.15845,0.4096,0.27276,-0.87053,0.58774,0.80105,-0.11346
1.0,0.46262,0.87716,-0.12876,0,0,-0.62858,0.50848,-0.58851,0.5747,0.81747,-0.03821,0.64903,-0.07401,-0.75716,-0.09744,1.45725,0.70865,0.12046,-0.00689,-0.99269,0.53522,0.83084,-0.1525,0.06566,0.15675,-0.98545,0.6076,0.76887,-0.19915,0.26339,0.11205,-0.95816,0.61579,0.76458,-0.19031,0.3426,0.17621,-0.92281,0.60804,0.77801,-0.15806,0.448,0.27821,-0.84964,0.58911,0.80015,-0.11273
1.0,0.4754,0.87013,-0.12992,0,0,-0.6286,0.50801,-0.58888,0.57523,0.8171,-0.03824,0.6464,-0.07978,-0.75882,-0.10475,1.448,0.70556,0.10889,-0.01525,-0.99394,0.53563,0.83032,-0.15385,-0.04613,0.17953,-0.98267,0.60381,0.7712,-0.20166,0.22848,0.09779,-0.96863,0.61654,0.76377,-0.19115,0.32332,0.1644,-0.9319,0.609,0.77725,-0.15812,0.4372,0.26888,-0.85823,0.59059,0.79912,-0.11228
1.0,0.49366,0.85806,-0.14153,0,0,-0.6437,0.48521,-0.5918,0.57561,0.81681,-0.03862,0.6182,-0.12614,-0.77583,-0.16118,1.36951,0.6728,0.11386,0.02136,-0.99327,0.53561,0.83013,-0.15494,-0.06265,0.06442,-0.99595,0.60313,0.76977,-0.20902,0.20971,0.00313,-0.97776,0.61814,0.7611,-0.19656,0.3245,0.07567,-0.94286,0.61095,0.7751,-0.16115,0.43744,0.20328,-0.87597,0.59225,0.79772,-0.11348
1.0,0.53772,0.83146,-0.13979,0,0,-0.68417,0.42522,-0.59254,0.57607,0.81644,-0.03959,0.57334,-0.18857,-0.79732,-0.23224,1.25304,0.62342,0.15076,0.17883,-0.97226,0.53431,0.83156,-0.15176,0.10529,-0.12438,-0.98663,0.62163,0.75308,-0.21553,0.24715,-0.08518,-0.96523,0.62651,0.75056,-0.21012,0.33353,0.00463,-0.94273,0.61667,0.76791,-0.17329,0.41919,0.15507,-0.89456,0.59483,0.795,-0.119
1.0,0.56043,0.81974,-0.11811,0,0,-0.69333,0.4084,-0.59372,0.5767,0.8159,-0.0415,0.59529,-0.13972,-0.79127,-0.17478,1.34025,0.64498,0.15779,0.18682,-0.96964,0.53407,0.83193,-0.15054,0.23297,-0.10367,-0.96694,0.62869,0.74841,-0.21129,0.33899,-0.02951,-0.94033,0.63042,0.74838,-0.20617,0.41782,0.06324,-0.90633,0.61907,0.76555,-0.17518,0.47154,0.24645,-0.84671,0.59566,0.79377,-0.12291
1.0,0.51468,0.84606,-0.13887,0,0,-0.68243,0.44627,-0.57891,0.57793,0.81491,-0.04375,0.60278,-0.1044,-0.79105,-0.13122,1.3993,0.65114,0.13229,0.123,-0.98355,0.53551,0.8303,-0.15435,0.06544,0.00662,-0.99783,0.61844,0.75498,-0.21802,0.29122,0.00912,-0.95661,0.62832,0.74978,-0.20745,0.38339,0.09186,-0.91901,0.61943,0.76532,-0.1749,0.44784,0.25668,-0.85648,0.59597,0.79342,-0.12369
1.0,0.47772,0.86695,-0.14207,0,0,-0.67316,0.48787,-0.55573,0.58017,0.81321,-0.04575,0.59123,-0.09634,-0.80073,-0.11974,1.40927,0.63601,0.0803,0.01553,-0.99665,0.53892,0.8271,-0.15957,-0.00353,0.07865,-0.9969,0.60991,0.76114,-0.22064,0.25949,0.04119,-0.96487,0.62659,0.75069,-0.20941,0.3486,0.1132,-0.93041,0.61958,0.76504,-0.17563,0.41936,0.25339,-0.87174,0.59741,0.79213,-0.12504
1.0,0.46191,0.87613,-0.13795,0,0,-0.67758,0.50176,-0.5377,0.5841,0.81032,-0.04698,0.59089,-0.06388,-0.80422,-0.07926,1.46311,0.63367,0.07225,0.01554,-0.99727,0.54448,0.82299,-0.16196,-0.04236,0.15146,-0.98755,0.60632,0.76433,-0.2195,0.20643,0.10043,-0.97329,0.62358,0.75299,-0.21013,0.29649,0.16086,-0.94139,0.61872,0.76567,-0.17588,0.37067,0.28034,-0.88545,0.59862,0.79114,-0.12552
1.0,0.47731,0.86913,-0.12954,0,0.0155,-0.67701,0.51098,-0.52968,0.58953,0.80633,-0.04774,0.59868,-0.03626,-0.80017,-0.04528,1.51031,0.64234,0.10754,0.16656,-0.98015,0.5464,0.82223,-0.15931,-0.07029,0.22362,-0.97214,0.60317,0.7671,-0.2185,0.15734,0.16805,-0.97314,0.61961,0.75628,-0.21008,0.24937,0.2157,-0.94408,0.61695,0.76716,-0.17562,0.31899,0.3231,-0.89098,0.59982,0.7902,-0.12572
1.0,0.47541,0.86932,-0.13518,0,0,-0.69005,0.49044,-0.53225,0.59246,0.80412,-0.04884,0.59273,-0.03906,-0.80445,-0.04852,1.50499,0.63501,0.11263,0.17741,-0.97767,0.54647,0.8224,-0.15822,-0.06605,0.1797,-0.9815,0.60328,0.76691,-0.21887,0.15582,0.14805,-0.97663,0.61685,0.75843,-0.21043,0.25104,0.20217,-0.94663,0.61434,0.76915,-0.17603,0.31306,0.31959,-0.89435,0.59904,0.79064,-0.12665
1.0,0.48511,0.86264,-0.14327,0,0,-0.7012,0.44507,-0.55698,0.59075,0.8053,-0.05001,0.59479,-0.06557,-0.8012,-0.08166,1.46099,0.6386,0.10795,0.13629,-0.98477,0.5442,0.8239,-0.15824,-0.03779,0.06895,-0.9969,0.6061,0.7644,-0.21985,0.21243,0.06777,-0.97482,0.61809,0.75733,-0.21073,0.31216,0.13885,-0.93983,0.61402,0.76926,-0.17669,0.38706,0.28025,-0.87843,0.598,0.79124,-0.12782
1.0,0.56532,0.81642,-0.11777,0,0,-0.71471,0.39201,-0.57924,0.5887,0.80681,-0.04989,0.60233,-0.07599,-0.79462,-0.09534,1.4453,0.6486,0.14413,0.20353,-0.9684,0.54471,0.82394,-0.15626,0.28203,-0.07803,-0.95623,0.63623,0.74228,-0.21032,0.35283,0.02453,-0.93537,0.62705,0.75115,-0.20635,0.39696,0.11914,-0.91007,0.61579,0.76809,-0.17562,0.41952,0.28556,-0.86166,0.59754,0.79156,-0.12795
1.0,0.56791,0.81483,-0.11631,0,0,-0.71838,0.37501,-0.58591,0.58747,0.80767,-0.05044,0.60975,-0.066,-0.78984,-0.08336,1.46298,0.65742,0.13595,0.18258,-0.97375,0.54488,0.82391,-0.1558,0.30065,-0.07439,-0.95083,0.63905,0.74002,-0.2097,0.37181,0.02796,-0.92789,0.63335,0.74666,-0.20337,0.41663,0.12095,-0.901,0.61817,0.76643,-0.1745,0.44157,0.29142,-0.84858,0.59677,0.79208,-0.12832
1.0,0.49325,0.85785,-0.14424,0,0,-0.71592,0.42518,-0.55378,0.58733,0.80777,-0.05051,0.58356,-0.07104,-0.80896,-0.08759,1.44966,0.62492,0.10531,0.1132,-0.98797,0.54619,0.82252,-0.15857,0.06949,0.01696,-0.99744,0.61939,0.75373,-0.21967,0.26762,0.03677,-0.96282,0.62901,0.74922,-0.20741,0.34798,0.10716,-0.93136,0.61829,0.76613,-0.17538,0.41444,0.24659,-0.87603,0.59692,0.79191,-0.12873
1.0,0.5093,0.84807,-0.14623,0,0,-0.73209,0.41583,-0.53957,0.58761,0.80754,-0.05095,0.56588,-0.06974,-0.82153,-0.08469,1.44817,0.60317,0.10923,0.19494,-0.97471,0.54394,0.8245,-0.15594,-0.05316,0.05248,-0.99721,0.61065,0.75947,-0.22431,0.21797,0.02918,-0.97552,0.62652,0.75026,-0.21113,0.30751,0.1062,-0.9456,0.61793,0.76607,-0.17691,0.37811,0.24906,-0.89163,0.59702,0.7917,-0.1295
1.0,0.51065,0.84711,-0.14711,0,0,-0.74254,0.40104,-0.53647,0.58788,0.8073,-0.05166,0.55981,-0.06816,-0.82581,-0.08235,1.44964,0.59573,0.11124,0.24297,-0.96363,0.54185,0.82646,-0.15284,-0.05077,0.04715,-0.9976,0.60914,0.76059,-0.22461,0.19946,0.03267,-0.97936,0.62378,0.75164,-0.21434,0.2895,0.1126,-0.95053,0.6168,0.76647,-0.17908,0.35121,0.25662,-0.90044,0.59662,0.79176,-0.13101
1.0,0.51098,0.84685,-0.14745,0,0,-0.74616,0.39213,-0.53803,0.58802,0.80716,-0.05219,0.55954,-0.06856,-0.82597,-0.08282,1.44887,0.59542,0.1099,0.24997,-0.962,0.54143,0.82692,-0.15182,-0.05527,0.03933,-0.9977,0.60927,0.76054,-0.22445,0.19474,0.02972,-0.9804,0.62234,0.75245,-0.21568,0.28822,0.11061,-0.95116,0.61592,0.76686,-0.18047,0.35159,0.25801,-0.8999,0.59613,0.79192,-0.13228
1.0,0.50811,0.84869,-0.14679,0,0,-0.74612,0.39475,-0.53616,0.5882,0.80698,-0.05301,0.55428,-0.07788,-0.82868,-0.09371,1.4312,0.58953,0.10664,0.24751,-0.963,0.54103,0.82741,-0.1506,-0.03866,0.02964,-0.99881,0.60947,0.76058,-0.22376,0.18445,0.02839,-0.98243,0.62102,0.75326,-0.21664,0.28029,0.10516,-0.95414,0.61484,0.76734,-0.18211,0.34701,0.24977,-0.90399,0.59554,0.79211,-0.13376
1.0,0.50364,0.85142,-0.14639,0,0,-0.74223,0.40212,-0.53609,0.58821,0.80696,-0.05317,0.55104,-0.08904,-0.82972,-0.10691,1.41059,0.58624,0.10994,0.24288,-0.96381,0.54086,0.82766,-0.14987,-0.01609,0.0205,-0.99966,0.61009,0.76033,-0.22289,0.17423,0.02723,-0.98433,0.62006,0.75396,-0.21698,0.2753,0.10203,-0.95593,0.61414,0.76768,-0.18305,0.34271,0.2405,-0.90813,0.59523,0.79216,-0.13485
1.0,0.49781,0.85466,-0.14744,0,0,-0.73536,0.41138,-0.53853,0.58823,0.80695,-0.05315,0.54964,-0.10281,-0.82905,-0.12338,1.38588,0.58544,0.12505,0.24514,-0.96139,0.54139,0.82749,-0.14885,0.02687,0.00678,-0.99962,0.61195,0.75921,-0.22161,0.15803,0.02732,-0.98706,0.61935,0.75452,-0.21703,0.27043,0.09685,-0.95786,0.61381,0.76782,-0.18351,0.34354,0.22283,-0.91232,0.59534,0.79194,-0.13567
1.0,0.47042,0.87153,-0.13834,0,0,-0.72191,0.4241,-0.5468,0.58792,0.80721,-0.05254,0.56711,-0.0902,-0.81869,-0.10974,1.41306,0.60581,0.13089,0.16641,-0.97733,0.5427,0.82673,-0.14835,0.15121,0.07684,-0.98551,0.61495,0.75953,-0.21203,0.22292,0.08909,-0.97076,0.61743,0.75784,-0.21085,0.28697,0.12871,-0.94925,0.61264,0.76916,-0.18185,0.34461,0.2048,-0.91613,0.59555,0.7918,-0.13553
1.0,0.40807,0.90208,-0.14049,0,0,-0.72006,0.39687,-0.56921,0.58546,0.80918,-0.04962,0.61243,-0.02219,-0.79021,-0.02807,1.53459,0.65933,0.16908,0.03461,-0.98499,0.54814,0.82313,-0.14831,0.37641,0.21729,-0.90061,0.61826,0.76328,-0.18749,0.32499,0.19864,-0.92462,0.61332,0.76687,-0.18907,0.33058,0.18932,-0.9246,0.60555,0.77739,-0.17022,0.40373,0.15175,-0.90221,0.59509,0.79239,-0.13413
1.0,0.40363,0.90448,-0.13782,0,0,-0.73414,0.35706,-0.57753,0.58292,0.8112,-0.04651,0.63651,0.06575,-0.76846,0.08535,1.67373,0.69175,0.21197,0.05306,-0.97584,0.55501,0.81878,-0.14685,0.42135,0.2553,-0.87022,0.61867,0.76583,-0.17534,0.40586,0.24698,-0.87993,0.61215,0.77129,-0.17431,0.38088,0.23868,-0.89329,0.60091,0.78358,-0.15781,0.4167,0.28729,-0.86245,0.58393,0.80269,-0.12126
1.0,0.39543,0.90896,-0.13204,0,0,-0.73996,0.34884,-0.57512,0.57935,0.81395,-0.04302,0.64585,0.12954,-0.75239,0.1705,1.76874,0.70935,0.24376,0.13479,-0.96042,0.55825,0.81704,-0.14424,0.46506,0.33309,-0.82023,0.61426,0.7706,-0.16989,0.42784,0.32616,-0.84296,0.60614,0.77764,-0.16695,0.38051,0.30996,-0.87128,0.5941,0.79055,-0.14856,0.44167,0.33087,-0.83394,0.57696,0.80944,-0.10916
1.0,0.40845,0.90498,-0.11912,0,0,-0.74394,0.31521,-0.58923,0.57408,0.81789,-0.03855,0.66035,0.21168,-0.7205,0.28576,1.88101,0.74187,0.26209,0.17239,-0.94952,0.55938,0.81667,-0.14193,0.41351,0.41711,-0.80934,0.60502,0.77991,-0.16028,0.40614,0.40744,-0.81795,0.5975,0.78697,-0.15384,0.41206,0.41436,-0.81149,0.58179,0.80263,-0.13158,0.35929,0.4718,-0.80518,0.55879,0.82396,-0.09402
1.0,0.42152,0.89953,-0.11478,0,0,-0.74348,0.29809,-0.59864,0.57103,0.82014,-0.03588,0.66568,0.24422,-0.70514,0.33341,1.92241,0.75662,0.27187,0.17794,-0.94574,0.56089,0.81587,-0.14055,0.42475,0.4184,-0.80283,0.604,0.78125,-0.15762,0.43395,0.41147,-0.80148,0.5967,0.78835,-0.14983,0.45271,0.41609,-0.78862,0.58186,0.80339,-0.12653,0.39626,0.49029,-0.77627,0.55595,0.82634,-0.08986
1.0,0.41284,0.90348,-0.11526,0,0,-0.74476,0.29947,-0.59636,0.5687,0.82187,-0.03345,0.66421,0.24639,-0.70577,0.33588,1.92601,0.75507,0.25705,0.14983,-0.95471,0.56084,0.81602,-0.1399,0.40399,0.42132,-0.81196,0.60091,0.78383,-0.15658,0.43607,0.41673,-0.79761,0.5953,0.78997,-0.14685,0.44635,0.42869,-0.78549,0.58083,0.80479,-0.12225,0.39795,0.52727,-0.75075,0.55375,0.82834,-0.08489
1.0,0.40899,0.90525,-0.11513,0,0,-0.74549,0.30425,-0.59302,0.56749,0.82276,-0.032,0.66368,0.25688,-0.70252,0.35056,1.9401,0.75698,0.25279,0.13979,-0.95737,0.56039,0.81639,-0.13955,0.3779,0.42844,-0.82075,0.59878,0.78563,-0.15572,0.43489,0.43102,-0.79062,0.59391,0.79143,-0.14461,0.44743,0.45251,-0.77139,0.57958,0.80615,-0.11923,0.3906,0.57076,-0.72226,0.55179,0.83001,-0.08129
1.0,0.42016,0.90067,-0.11068,0,0,-0.74188,0.30201,-0.59866,0.56611,0.82377,-0.03029,0.66852,0.26417,-0.69519,0.36315,1.94712,0.76585,0.2501,0.1321,-0.95917,0.55991,0.81681,-0.13899,0.40163,0.40896,-0.81941,0.60001,0.78506,-0.15385,0.44107,0.42512,-0.7904,0.59343,0.7922,-0.1423,0.44797,0.45622,-0.76888,0.57809,0.80766,-0.11619,0.40383,0.58231,-0.70557,0.54959,0.83184,-0.07744
1.0,0.42958,0.89665,-0.10714,0,0,-0.74431,0.28925,-0.60195,0.5649,0.82466,-0.02881,0.66676,0.27071,-0.69436,0.37175,1.95648,0.76512,0.25604,0.12338,-0.95876,0.55986,0.81701,-0.13805,0.44201,0.40134,-0.80222,0.60153,0.78445,-0.151,0.45374,0.42445,-0.78356,0.59289,0.79294,-0.14042,0.4637,0.45906,-0.75779,0.57702,0.80875,-0.11392,0.43546,0.59404,-0.67638,0.54865,0.83273,-0.07453
1.0,0.45006,0.88813,-0.09311,0,0,-0.74228,0.2852,-0.60636,0.56315,0.82592,-0.02681,0.66975,0.28739,-0.68472,0.39739,1.97613,0.77435,0.26504,0.12874,-0.9556,0.56011,0.81711,-0.13645,0.45946,0.41106,-0.78736,0.60202,0.78489,-0.14667,0.46672,0.44849,-0.76225,0.59168,0.79458,-0.13621,0.4786,0.4956,-0.72479,0.57497,0.81083,-0.10939,0.45923,0.62767,-0.62861,0.54704,0.83416,-0.07011
1.0,0.45492,0.8861,-0.08877,0,0,-0.73476,0.28665,-0.61479,0.56222,0.82659,-0.0256,0.6783,0.30236,-0.66969,0.42409,1.99012,0.79179,0.26991,0.15825,-0.94979,0.55974,0.81754,-0.13533,0.4702,0.40568,-0.7838,0.60225,0.78518,-0.14418,0.48037,0.45314,-0.75094,0.59111,0.79555,-0.13301,0.48785,0.50391,-0.7128,0.57354,0.81228,-0.10604,0.46204,0.62192,-0.63224,0.54608,0.835,-0.06767
1.0,0.44792,0.88783,-0.10549,0,0,-0.73032,0.29906,-0.61416,0.56153,0.82709,-0.02477,0.6828,0.2929,-0.66933,0.4125,1.97602,0.79536,0.29065,0.16604,-0.94231,0.55977,0.81766,-0.13452,0.48657,0.38614,-0.78368,0.60244,0.78511,-0.14377,0.48174,0.41653,-0.771,0.59125,0.79551,-0.13266,0.49682,0.43509,-0.75091,0.57414,0.81187,-0.10602,0.48473,0.52902,-0.69654,0.54704,0.83436,-0.06768
1.0,0.46988,0.87799,-0.09133,0,0,-0.72872,0.3106,-0.61032,0.56079,0.8276,-0.02433,0.68401,0.28693,-0.67068,0.40425,1.96798,0.79524,0.328,0.18736,-0.92591,0.56065,0.81731,-0.13294,0.52974,0.41217,-0.74128,0.60294,0.78488,-0.14295,0.50409,0.43412,-0.74661,0.59186,0.79499,-0.13301,0.52683,0.44984,-0.72118,0.57602,0.81036,-0.10732,0.51387,0.51654,-0.68493,0.55038,0.83197,-0.07
1.0,0.52077,0.85164,-0.05917,0,0,-0.71276,0.30977,-0.6293,0.56017,0.82802,-0.02442,0.70141,0.31439,-0.63968,0.45681,1.99217,0.83139,0.35029,0.23909,-0.90561,0.56112,0.81704,-0.13262,0.56719,0.41927,-0.70888,0.60395,0.78441,-0.14125,0.55214,0.45113,-0.70116,0.59244,0.79479,-0.13165,0.56715,0.48485,-0.66578,0.57629,0.81039,-0.10562,0.54122,0.56609,-0.62178,0.55061,0.8319,-0.06904
1.0,0.55922,0.82805,-0.03995,0,0,-0.69626,0.32578,-0.6396,0.55989,0.8282,-0.02476,0.71772,0.32825,-0.6141,0.49088,1.99974,0.86304,0.36629,0.29336,-0.88305,0.56114,0.81701,-0.13274,0.5935,0.44347,-0.67164,0.60477,0.78402,-0.13985,0.58432,0.45456,-0.67227,0.59346,0.79429,-0.13002,0.58639,0.45923,-0.66727,0.57771,0.80962,-0.10375,0.56236,0.49587,-0.66172,0.55242,0.83074,-0.06854
1.0,0.54236,0.83831,-0.05551,0,0,-0.69769,0.34066,-0.63022,0.55982,0.82823,-0.02512,0.71629,0.31681,-0.62174,0.47126,1.98722,0.85595,0.38245,0.28857,-0.87776,0.56139,0.81679,-0.13301,0.58342,0.43106,-0.68834,0.60542,0.78365,-0.13914,0.57687,0.43281,-0.69275,0.59456,0.7936,-0.12926,0.56497,0.44975,-0.69176,0.57877,0.80889,-0.10357,0.59611,0.47614,-0.64649,0.55608,0.82825,-0.06909
1.0,0.55232,0.8322,-0.04882,0,0,-0.69936,0.35295,-0.62155,0.55981,0.82823,-0.02544,0.7142,0.31025,-0.62742,0.45922,1.9806,0.84999,0.37834,0.29706,-0.87671,0.56145,0.81673,-0.1331,0.58694,0.43493,-0.68289,0.60583,0.78335,-0.13905,0.5811,0.43119,-0.69022,0.59545,0.79293,-0.12923,0.56532,0.44946,-0.69166,0.57934,0.80843,-0.10396,0.60263,0.47053,-0.64455,0.55737,0.82732,-0.06986
1.0,0.55434,0.83095,-0.04721,0,0,-0.69991,0.36834,-0.61193,0.55985,0.82819,-0.0259,0.71289,0.30788,-0.63007,0.45452,1.97848,0.84699,0.37459,0.31692,-0.87134,0.56121,0.81691,-0.13304,0.58714,0.44491,-0.67626,0.60614,0.78312,-0.139,0.58464,0.43604,-0.68415,0.59629,0.79229,-0.12925,0.56596,0.45143,-0.68985,0.58003,0.80787,-0.10445,0.60922,0.46042,-0.64564,0.55884,0.82625,-0.07075
1.0,0.55314,0.83157,-0.05023,0,0,-0.69517,0.38311,-0.60825,0.56002,0.82806,-0.02644,0.71625,0.29732,-0.63133,0.44013,1.96426,0.84833,0.37749,0.3155,-0.87061,0.56092,0.81712,-0.133,0.58802,0.43596,-0.6813,0.60662,0.78273,-0.13911,0.58739,0.42661,-0.68773,0.59747,0.79139,-0.12937,0.56819,0.44066,-0.69496,0.5812,0.80697,-0.10493,0.62296,0.43783,-0.64825,0.56097,0.82476,-0.07127
1.0,0.54173,0.83866,-0.05638,0,0,-0.69188,0.39256,-0.60596,0.56029,0.82785,-0.02697,0.71839,0.2904,-0.63212,0.43065,1.95495,0.84919,0.37752,0.31991,-0.86899,0.56064,0.81732,-0.13292,0.58927,0.43855,-0.67855,0.60713,0.7823,-0.13927,0.58838,0.42763,-0.68626,0.59865,0.79046,-0.12956,0.56984,0.43821,-0.69516,0.58252,0.80595,-0.10545,0.62304,0.42356,-0.65758,0.56324,0.82316,-0.0719
1.0,0.53822,0.84077,-0.05845,0,0,-0.6901,0.3989,-0.60385,0.56059,0.82764,-0.02748,0.7193,0.28607,-0.63306,0.42441,1.94932,0.84908,0.37891,0.32159,-0.86776,0.56036,0.81752,-0.13289,0.5906,0.44102,-0.67579,0.60755,0.78195,-0.13942,0.58933,0.42698,-0.68584,0.5996,0.78971,-0.1298,0.56974,0.43524,-0.69712,0.58357,0.80512,-0.10597,0.62961,0.41026,-0.65975,0.5652,0.82176,-0.07253
1.0,0.52223,0.85024,-0.06616,0,0,-0.69065,0.40208,-0.6011,0.56091,0.8274,-0.02795,0.71829,0.28489,-0.63474,0.42188,1.94838,0.84707,0.37809,0.32328,-0.86749,0.56014,0.81767,-0.13284,0.58557,0.44704,-0.67621,0.60784,0.78172,-0.13949,0.58579,0.43294,-0.68514,0.60027,0.78917,-0.12996,0.56562,0.44259,-0.69584,0.58426,0.80456,-0.10635,0.62359,0.41713,-0.66117,0.56659,0.82077,-0.07286
