1.0,0.52208,0.77454,-0.3571,0.69971,0.71394,-0.43033,0.80885,-0.40073,0.59455,0.74112,-0.31186,0.3342,-0.26962,-0.90311,-0.29012,0.89195,0.35443,0.148,0.3857,-0.91068,0.49848,0.77884,-0.3807,-0.34955,0.71807,-0.60182,0.49425,0.74227,-0.45249,-0.3825,0.62231,-0.68295,0.49979,0.74185,-0.44706,-0.36997,0.59278,-0.71535,0.51669,0.7505,-0.41205,-0.53349,0.58431,-0.61153,0.53474,0.76289,-0.3634
1.0,0.52181,0.77456,-0.35744,0.70001,0.71277,-0.43205,0.80774,-0.40111,0.59454,0.74112,-0.31185,0.33559,-0.26883,-0.90284,-0.2894,0.89541,0.35588,0.14955,0.38746,-0.90968,0.49846,0.77883,-0.38075,-0.35145,0.71786,-0.60097,0.4942,0.74236,-0.45241,-0.38359,0.62136,-0.68321,0.49976,0.74189,-0.44704,-0.36928,0.59124,-0.71699,0.51672,0.75044,-0.41211,-0.52986,0.58307,-0.61585,0.53481,0.7628,-0.36347
1.0,0.52177,0.77442,-0.35781,0.7035,0.7156,-0.43518,0.8049,-0.40343,0.59454,0.74113,-0.31184,0.33496,-0.27118,-0.90237,-0.29194,0.89023,0.35543,0.14952,0.38542,-0.91054,0.49842,0.77881,-0.38084,-0.35651,0.71599,-0.60022,0.4941,0.74251,-0.45227,-0.38659,0.61697,-0.68549,0.49974,0.74191,-0.44702,-0.37392,0.58773,-0.71746,0.51679,0.75033,-0.41222,-0.53652,0.57895,-0.61397,0.5349,0.76269,-0.36358
1.0,0.5223,0.77415,-0.35761,0.70555,0.72718,-0.43131,0.80655,-0.40429,0.59453,0.74114,-0.31184,0.33186,-0.27487,-0.90239,-0.29568,0.87905,0.3524,0.14603,0.38041,-0.91322,0.49839,0.77879,-0.38091,-0.35587,0.71981,-0.59601,0.49403,0.74262,-0.45216,-0.38721,0.6193,-0.68304,0.49972,0.74193,-0.44702,-0.37464,0.58934,-0.71577,0.51684,0.75025,-0.41232,-0.53206,0.57978,-0.61706,0.53496,0.7626,-0.36366
1.0,0.52278,0.77399,-0.35728,0.70828,0.74158,-0.43006,0.8071,-0.40451,0.59453,0.74115,-0.31183,0.33143,-0.27563,-0.90232,-0.29647,0.87706,0.35201,0.14131,0.37529,-0.91607,0.49834,0.77877,-0.38101,-0.36048,0.72308,-0.58925,0.49393,0.74276,-0.45204,-0.3885,0.61793,-0.68354,0.49968,0.74194,-0.44703,-0.38078,0.5911,-0.71106,0.51688,0.75016,-0.41242,-0.53808,0.57952,-0.61207,0.53502,0.76252,-0.36375
1.0,0.52277,0.77397,-0.35732,0.71282,0.75321,-0.43218,0.80591,-0.40464,0.59452,0.74115,-0.31183,0.3302,-0.27613,-0.90262,-0.29688,0.87435,0.3507,0.13912,0.37479,-0.91661,0.49829,0.77875,-0.38112,-0.36717,0.72734,-0.5798,0.49385,0.74287,-0.45195,-0.39078,0.6159,-0.68408,0.49964,0.74197,-0.44704,-0.3863,0.59181,-0.70748,0.5169,0.7501,-0.41251,-0.54734,0.57868,-0.60461,0.53506,0.76247,-0.36381
1.0,0.52267,0.77403,-0.35734,0.71384,0.76172,-0.43518,0.80383,-0.40556,0.59451,0.74116,-0.31182,0.3307,-0.27626,-0.9024,-0.29708,0.87486,0.35127,0.13612,0.37346,-0.9176,0.49823,0.77873,-0.38124,-0.3725,0.72799,-0.57557,0.49375,0.74301,-0.45182,-0.39263,0.61379,-0.68491,0.49957,0.742,-0.44707,-0.38942,0.59127,-0.70622,0.51691,0.75003,-0.41262,-0.5457,0.57672,-0.60794,0.5351,0.76239,-0.36391
1.0,0.52273,0.77411,-0.35709,0.7125,0.7634,-0.43619,0.80342,-0.40529,0.59451,0.74117,-0.31181,0.33191,-0.275,-0.90234,-0.29582,0.8789,0.35247,0.13323,0.37243,-0.91845,0.49819,0.77871,-0.38133,-0.37287,0.72716,-0.57638,0.49364,0.74316,-0.45169,-0.39443,0.61511,-0.68269,0.49954,0.74201,-0.44708,-0.38938,0.59162,-0.70596,0.51692,0.74999,-0.41268,-0.54281,0.57659,-0.61066,0.53513,0.76235,-0.36396
1.0,0.52254,0.77423,-0.3571,0.71595,0.76348,-0.43742,0.80329,-0.40422,0.59451,0.74117,-0.31181,0.33313,-0.27277,-0.90256,-0.29349,0.8847,0.35359,0.13276,0.37492,-0.9175,0.49814,0.7787,-0.38143,-0.37344,0.72686,-0.57639,0.49357,0.74326,-0.45161,-0.39626,0.61719,-0.67975,0.49952,0.74202,-0.44708,-0.38613,0.59023,-0.7089,0.51693,0.74995,-0.41273,-0.53894,0.5766,-0.61406,0.53515,0.76231,-0.364
1.0,0.52252,0.77436,-0.35684,0.7142,0.76354,-0.43711,0.80407,-0.403,0.5945,0.74118,-0.3118,0.33424,-0.27077,-0.90276,-0.2914,0.88992,0.35459,0.13444,0.3776,-0.91616,0.49809,0.77869,-0.38151,-0.37278,0.72904,-0.57405,0.49352,0.74335,-0.45153,-0.39428,0.61771,-0.68042,0.4995,0.74204,-0.44708,-0.38413,0.59062,-0.70966,0.51695,0.74991,-0.41278,-0.53647,0.57736,-0.61552,0.53518,0.76227,-0.36404
1.0,0.52246,0.77438,-0.35689,0.70818,0.75683,-0.43699,0.80428,-0.4027,0.5945,0.74119,-0.31179,0.33527,-0.2698,-0.90266,-0.29044,0.89318,0.35563,0.13454,0.37916,-0.9155,0.49803,0.77868,-0.3816,-0.37216,0.72785,-0.57596,0.49345,0.74344,-0.45144,-0.39599,0.61961,-0.6777,0.49947,0.74206,-0.44707,-0.38522,0.59151,-0.70832,0.51697,0.74986,-0.41286,-0.53811,0.57764,-0.61382,0.53522,0.76221,-0.3641
1.0,0.52276,0.77425,-0.35673,0.70542,0.75411,-0.43474,0.80549,-0.40273,0.5945,0.74119,-0.31178,0.33366,-0.2713,-0.90281,-0.29192,0.88811,0.35401,0.13268,0.37647,-0.91688,0.498,0.77867,-0.38166,-0.36998,0.72729,-0.57807,0.49344,0.74346,-0.45143,-0.39597,0.61985,-0.67749,0.49946,0.74208,-0.44706,-0.3882,0.5932,-0.70528,0.51698,0.74982,-0.4129,-0.54311,0.57826,-0.60881,0.53526,0.76217,-0.36415
1.0,0.5227,0.77427,-0.35677,0.70809,0.74988,-0.43557,0.80502,-0.40276,0.5945,0.74119,-0.31178,0.33286,-0.27167,-0.903,-0.29224,0.88627,0.35316,0.13032,0.37467,-0.91795,0.49796,0.77867,-0.38173,-0.36944,0.72329,-0.58341,0.49342,0.74348,-0.45141,-0.39486,0.61721,-0.68054,0.49944,0.74208,-0.44706,-0.38704,0.59111,-0.70766,0.517,0.74979,-0.41295,-0.54464,0.57775,-0.60793,0.53529,0.76212,-0.3642
1.0,0.52296,0.77415,-0.35665,0.71269,0.75747,-0.43558,0.80472,-0.40335,0.59449,0.7412,-0.31178,0.33166,-0.27309,-0.90301,-0.29368,0.88194,0.35199,0.12867,0.37318,-0.91879,0.49789,0.77865,-0.38185,-0.37181,0.7255,-0.57915,0.49338,0.74353,-0.45136,-0.39622,0.61718,-0.67978,0.49941,0.7421,-0.44707,-0.39009,0.59183,-0.70538,0.517,0.74975,-0.41301,-0.55092,0.57771,-0.60228,0.53531,0.76208,-0.36425
1.0,0.52269,0.77422,-0.35692,0.7141,0.75372,-0.43624,0.80447,-0.40314,0.59449,0.7412,-0.31177,0.33348,-0.27158,-0.90279,-0.29221,0.88734,0.35384,0.12896,0.37387,-0.91847,0.4978,0.77864,-0.382,-0.37016,0.7235,-0.5827,0.49331,0.74363,-0.45128,-0.39442,0.61786,-0.68021,0.49936,0.74214,-0.44707,-0.38562,0.59167,-0.70797,0.51702,0.7497,-0.41308,-0.53936,0.57848,-0.61192,0.53536,0.76202,-0.36431
1.0,0.52258,0.77437,-0.35673,0.70999,0.74564,-0.43704,0.80448,-0.40226,0.59449,0.7412,-0.31177,0.33425,-0.26994,-0.903,-0.29049,0.89143,0.35452,0.12643,0.37274,-0.91928,0.49774,0.77862,-0.3821,-0.36794,0.71871,-0.58998,0.49328,0.74367,-0.45125,-0.39132,0.61519,-0.68441,0.49935,0.74215,-0.44707,-0.38336,0.5898,-0.71075,0.51703,0.74967,-0.41312,-0.53602,0.57791,-0.61539,0.53539,0.76197,-0.36436
1.0,0.52227,0.77463,-0.35663,0.70337,0.73256,-0.43698,0.80513,-0.40102,0.59449,0.74121,-0.31177,0.33496,-0.2681,-0.90328,-0.28853,0.89581,0.35511,0.12633,0.37436,-0.91864,0.49768,0.77861,-0.38221,-0.36263,0.7147,-0.59808,0.49326,0.7437,-0.45123,-0.38732,0.61471,-0.68711,0.49933,0.74215,-0.44708,-0.37871,0.5892,-0.71374,0.51705,0.74963,-0.41317,-0.53003,0.57886,-0.61967,0.53543,0.76192,-0.36441
1.0,0.5226,0.77457,-0.35628,0.70346,0.73424,-0.43525,0.80625,-0.40066,0.59448,0.74121,-0.31176,0.33501,-0.26802,-0.90329,-0.28845,0.89603,0.35515,0.12727,0.37532,-0.91812,0.49763,0.7786,-0.38229,-0.36171,0.71684,-0.59607,0.49323,0.74374,-0.45119,-0.38769,0.61663,-0.68517,0.49933,0.74215,-0.44708,-0.38073,0.59168,-0.71061,0.51706,0.74961,-0.41319,-0.53103,0.5799,-0.61784,0.53545,0.76189,-0.36443
1.0,0.5225,0.77461,-0.35634,0.70291,0.73107,-0.43509,0.80624,-0.40084,0.59448,0.74122,-0.31176,0.33581,-0.26776,-0.90307,-0.28824,0.89767,0.35601,0.12914,0.37615,-0.91752,0.49757,0.77859,-0.38238,-0.36108,0.71603,-0.59743,0.49319,0.74379,-0.45115,-0.38862,0.61736,-0.68399,0.49932,0.74216,-0.44708,-0.38031,0.59138,-0.71108,0.51708,0.74958,-0.41322,-0.52865,0.57958,-0.62017,0.53548,0.76185,-0.36447
1.0,0.52224,0.77461,-0.35671,0.70126,0.72769,-0.43758,0.80461,-0.40142,0.59447,0.74122,-0.31175,0.33677,-0.26729,-0.90285,-0.28783,0.89992,0.35702,0.1263,0.37521,-0.91829,0.49749,0.77858,-0.38252,-0.36311,0.71317,-0.59962,0.49312,0.74388,-0.45109,-0.39309,0.61736,-0.68143,0.49929,0.74218,-0.44708,-0.38144,0.58954,-0.71201,0.51711,0.74953,-0.41329,-0.52783,0.57773,-0.62259,0.53555,0.76178,-0.36453
1.0,0.52232,0.77452,-0.3568,0.7038,0.7326,-0.4382,0.80433,-0.40128,0.59447,0.74123,-0.31175,0.33719,-0.26673,-0.90286,-0.28726,0.90154,0.35743,0.12623,0.3763,-0.91786,0.49742,0.77857,-0.38263,-0.36612,0.71514,-0.59542,0.49307,0.74394,-0.45104,-0.39636,0.61835,-0.67863,0.49926,0.7422,-0.44708,-0.38347,0.58944,-0.71099,0.51713,0.74948,-0.41335,-0.53299,0.57735,-0.61854,0.53559,0.76172,-0.36459
1.0,0.52213,0.77459,-0.35692,0.70428,0.73629,-0.43934,0.80392,-0.40086,0.59446,0.74123,-0.31174,0.33735,-0.26593,-0.90304,-0.28639,0.90324,0.35752,0.12661,0.37757,-0.91728,0.49735,0.77856,-0.38274,-0.3678,0.71623,-0.59307,0.49301,0.74401,-0.45098,-0.39727,0.61823,-0.67821,0.49923,0.74222,-0.44708,-0.38301,0.58856,-0.71197,0.51716,0.74943,-0.41341,-0.53402,0.57681,-0.61815,0.53562,0.76168,-0.36463
1.0,0.5219,0.77462,-0.35719,0.7048,0.73694,-0.44032,0.80332,-0.401,0.59446,0.74124,-0.31174,0.3367,-0.2663,-0.90317,-0.28672,0.90162,0.35683,0.12739,0.37835,-0.91685,0.49728,0.77855,-0.38285,-0.36661,0.71622,-0.59382,0.49297,0.74407,-0.45094,-0.39699,0.61843,-0.6782,0.4992,0.74224,-0.44707,-0.3774,0.58586,-0.71717,0.51718,0.74938,-0.41347,-0.52708,0.57643,-0.62443,0.53565,0.76165,-0.36466
1.0,0.52239,0.77446,-0.35682,0.7005,0.73558,-0.43887,0.80393,-0.40137,0.59446,0.74125,-0.31173,0.33825,-0.26601,-0.90268,-0.28658,0.90438,0.35852,0.13123,0.37999,-0.91563,0.49716,0.77853,-0.38305,-0.36288,0.71872,-0.59309,0.49287,0.74421,-0.45081,-0.39328,0.6207,-0.67828,0.49916,0.74228,-0.44705,-0.37637,0.58918,-0.71499,0.51725,0.74927,-0.41357,-0.52564,0.57821,-0.624,0.53571,0.76157,-0.36473
1.0,0.52249,0.77444,-0.35671,0.69901,0.7358,-0.44001,0.80326,-0.40146,0.59446,0.74125,-0.31173,0.33903,-0.26538,-0.90257,-0.28597,0.90665,0.35932,0.13114,0.37918,-0.91598,0.49712,0.77851,-0.38314,-0.36355,0.71698,-0.59479,0.49283,0.74427,-0.45075,-0.39287,0.61896,-0.6801,0.49916,0.7423,-0.44703,-0.37611,0.58749,-0.71652,0.51729,0.74922,-0.41363,-0.52745,0.57676,-0.62381,0.53575,0.76152,-0.36477
1.0,0.52261,0.77438,-0.35668,0.69843,0.74042,-0.44116,0.80249,-0.40173,0.59446,0.74125,-0.31172,0.3403,-0.26463,-0.90231,-0.28528,0.90983,0.36064,0.13137,0.37896,-0.91604,0.49707,0.77849,-0.38325,-0.3669,0.71791,-0.5916,0.49279,0.74434,-0.45069,-0.39531,0.61835,-0.67924,0.49915,0.74231,-0.44702,-0.37961,0.58734,-0.71479,0.51732,0.74917,-0.41368,-0.53482,0.57527,-0.6189,0.53579,0.76147,-0.36481
1.0,0.52271,0.77432,-0.35666,0.70116,0.74676,-0.44094,0.80254,-0.40188,0.59446,0.74125,-0.31172,0.34047,-0.26473,-0.90222,-0.28541,0.9099,0.36085,0.13327,0.38054,-0.91511,0.49701,0.77847,-0.38336,-0.36855,0.72101,-0.58678,0.49275,0.7444,-0.45062,-0.3947,0.61851,-0.67945,0.49914,0.74232,-0.44701,-0.37887,0.58752,-0.71504,0.51735,0.74912,-0.41373,-0.53567,0.57561,-0.61784,0.53582,0.76144,-0.36484
1.0,0.52227,0.77455,-0.3568,0.6993,0.73879,-0.44227,0.8024,-0.40069,0.59446,0.74125,-0.31172,0.3423,-0.26193,-0.90234,-0.28251,0.91764,0.36258,0.13743,0.38554,-0.9124,0.49698,0.77845,-0.38344,-0.3679,0.72065,-0.58763,0.49271,0.74448,-0.45055,-0.39432,0.61861,-0.67959,0.49914,0.74233,-0.44699,-0.37712,0.58718,-0.71624,0.51739,0.74908,-0.41376,-0.53092,0.5753,-0.62222,0.53586,0.76139,-0.36487
1.0,0.52169,0.77544,-0.35572,0.66873,0.64835,-0.44706,0.80203,-0.39609,0.59446,0.74125,-0.3117,0.35143,-0.24972,-0.9023,-0.27,0.95301,0.37141,0.15468,0.40979,-0.89897,0.49694,0.77844,-0.38351,-0.3406,0.69448,-0.63379,0.4927,0.74454,-0.45046,-0.3718,0.60941,-0.70028,0.4992,0.74231,-0.44696,-0.37841,0.5967,-0.70765,0.51744,0.74904,-0.41376,-0.51798,0.57972,-0.62899,0.53593,0.76134,-0.36488
1.0,0.52114,0.77584,-0.35564,0.65872,0.62081,-0.44899,0.80205,-0.39386,0.59446,0.74126,-0.31169,0.35454,-0.2447,-0.90245,-0.26479,0.96667,0.37433,0.1631,0.42007,-0.89272,0.49693,0.77846,-0.3835,-0.3333,0.68816,-0.64447,0.49273,0.74454,-0.45043,-0.37051,0.60744,-0.70267,0.4993,0.74227,-0.44692,-0.38447,0.59932,-0.70214,0.51745,0.74905,-0.41372,-0.51901,0.57857,-0.6292,0.53597,0.76132,-0.36486
1.0,0.52087,0.77596,-0.35579,0.65645,0.60684,-0.44612,0.80459,-0.39193,0.59446,0.74126,-0.31168,0.35483,-0.24303,-0.90279,-0.26297,0.97026,0.37449,0.16777,0.42381,-0.89008,0.49693,0.77848,-0.38345,-0.32778,0.68713,-0.64839,0.49276,0.74454,-0.4504,-0.37004,0.61002,-0.70067,0.4994,0.74223,-0.44687,-0.37972,0.59873,-0.70522,0.51747,0.74906,-0.41368,-0.52311,0.58038,-0.6241,0.53601,0.76131,-0.36483
1.0,0.52043,0.77606,-0.3562,0.65275,0.61044,-0.44469,0.80497,-0.39279,0.59446,0.74127,-0.31167,0.35761,-0.2425,-0.90184,-0.26268,0.97491,0.37752,0.17921,0.42617,-0.88672,0.49696,0.77849,-0.38338,-0.32413,0.68098,-0.65667,0.49278,0.74452,-0.45039,-0.36609,0.61158,-0.70139,0.4995,0.74219,-0.44682,-0.36751,0.59563,-0.71426,0.51749,0.74906,-0.41365,-0.50244,0.57956,-0.6416,0.53605,0.7613,-0.3648
1.0,0.51919,0.77604,-0.35805,0.64495,0.64184,-0.45032,0.80007,-0.39636,0.59446,0.74128,-0.31164,0.36517,-0.24006,-0.89946,-0.26081,0.98925,0.38566,0.19103,0.42667,-0.884,0.49712,0.77847,-0.38323,-0.33109,0.66876,-0.66569,0.49284,0.74447,-0.45041,-0.36382,0.60639,-0.70706,0.49964,0.74215,-0.44674,-0.35417,0.58838,-0.72689,0.51755,0.74906,-0.41359,-0.47557,0.57398,-0.66662,0.53607,0.76129,-0.36479
1.0,0.51834,0.77626,-0.3588,0.64433,0.65342,-0.45138,0.8004,-0.39449,0.59446,0.7413,-0.3116,0.36745,-0.23615,-0.89957,-0.25672,0.99959,0.38779,0.19167,0.42402,-0.88514,0.4973,0.77841,-0.3831,-0.32719,0.66667,-0.6697,0.49293,0.7444,-0.45043,-0.36191,0.60447,-0.70967,0.49974,0.74211,-0.44668,-0.35254,0.59117,-0.72542,0.51761,0.74906,-0.41351,-0.50266,0.57698,-0.64376,0.53609,0.76129,-0.36475
1.0,0.51802,0.77582,-0.36022,0.63271,0.67905,-0.45148,0.79961,-0.39596,0.59446,0.74131,-0.31158,0.36934,-0.23649,-0.8987,-0.25731,1.00128,0.38993,0.18111,0.41216,-0.89293,0.4974,0.77837,-0.38305,-0.33899,0.65888,-0.67154,0.49301,0.7443,-0.45051,-0.36798,0.59716,-0.71274,0.49982,0.74208,-0.44665,-0.3486,0.58808,-0.72983,0.51766,0.74907,-0.41343,-0.5189,0.57428,-0.6332,0.53608,0.76132,-0.3647
1.0,0.51769,0.7754,-0.36161,0.63475,0.70323,-0.45104,0.79917,-0.39735,0.59446,0.74132,-0.31155,0.36845,-0.23877,-0.89846,-0.25975,0.99581,0.38917,0.18195,0.41092,-0.89333,0.49749,0.77834,-0.38301,-0.34705,0.65952,-0.66678,0.49306,0.74421,-0.45061,-0.37229,0.59317,-0.71383,0.49988,0.74204,-0.44665,-0.34901,0.58655,-0.73086,0.5177,0.74908,-0.41336,-0.52991,0.5735,-0.62473,0.53605,0.76137,-0.36465
1.0,0.51678,0.77452,-0.36476,0.64194,0.71799,-0.45444,0.79635,-0.39913,0.59446,0.74133,-0.31152,0.36881,-0.23965,-0.89808,-0.26078,0.99456,0.38967,0.17399,0.41674,-0.89222,0.49758,0.77831,-0.38296,-0.36294,0.66326,-0.65449,0.49307,0.7441,-0.45077,-0.38307,0.5878,-0.71256,0.49991,0.74197,-0.44672,-0.35846,0.58448,-0.72794,0.51772,0.74909,-0.4133,-0.54741,0.56928,-0.6134,0.53599,0.76144,-0.36459
1.0,0.51466,0.77189,-0.37325,0.68584,0.79224,-0.44476,0.8046,-0.39346,0.59447,0.74118,-0.31186,0.34321,-0.25266,-0.90464,-0.27235,0.93622,0.36262,0.17045,0.42024,-0.89126,0.49769,0.77822,-0.38298,-0.37917,0.68174,-0.62567,0.4923,0.74386,-0.452,-0.42138,0.59972,-0.68027,0.49893,0.74152,-0.44857,-0.42521,0.59975,-0.67786,0.51701,0.74897,-0.41441,-0.59983,0.57121,-0.56029,0.53552,0.76146,-0.36523
1.0,0.51223,0.77205,-0.37623,0.59455,0.82602,-0.43426,0.81701,-0.37936,0.59432,0.74075,-0.31317,0.32747,-0.24914,-0.91142,-0.26683,0.92043,0.34494,0.19284,0.44576,-0.87413,0.49773,0.77815,-0.38307,-0.34726,0.67929,-0.64651,0.49167,0.74344,-0.45338,-0.39284,0.59928,-0.69752,0.49818,0.74074,-0.45069,-0.45166,0.62684,-0.63488,0.51516,0.74884,-0.41695,-0.58786,0.58597,-0.55773,0.53485,0.76107,-0.36703
1.0,0.51407,0.77142,-0.37503,0.45605,0.87425,-0.37636,0.85795,-0.34967,0.59334,0.73982,-0.31718,0.30498,-0.24165,-0.92119,-0.25655,0.90074,0.31972,0.24108,0.46691,-0.85081,0.49775,0.778,-0.38337,-0.28307,0.70672,-0.64839,0.49135,0.74287,-0.45467,-0.36171,0.64722,-0.67102,0.49756,0.74003,-0.45254,-0.42968,0.68943,-0.58315,0.51334,0.74897,-0.41896,-0.60164,0.63954,-0.47855,0.53403,0.76021,-0.37
1.0,0.52133,0.76695,-0.37416,0.50978,0.81238,-0.25636,0.91823,-0.30188,0.58811,0.73741,-0.33219,0.26989,-0.2319,-0.93455,-0.24322,0.86098,0.28115,0.23305,0.44852,-0.86285,0.4959,0.77736,-0.38704,-0.18506,0.78355,-0.59313,0.4893,0.74231,-0.45778,-0.27733,0.75602,-0.59289,0.49549,0.73991,-0.455,-0.38147,0.79927,-0.46438,0.5114,0.74967,-0.42008,-0.55583,0.74482,-0.36919,0.53332,0.75846,-0.37457
1.0,0.53261,0.76587,-0.36023,0.23666,0.39554,0.10462,0.99066,-0.08747,0.55238,0.73977,-0.3842,0.2436,-0.1108,-0.96353,-0.11449,1.14393,0.24763,-0.0035,0.50149,-0.86516,0.43212,0.79671,-0.42252,0.08618,0.8593,-0.50415,0.47933,0.74315,-0.46688,0.03909,0.83031,-0.55592,0.4945,0.73963,-0.45652,-0.03108,0.90776,-0.41833,0.51299,0.74129,-0.43282,-0.17508,0.91676,-0.35902,0.54762,0.73158,-0.40608
1.0,0.52032,0.76124,-0.38701,0.20462,0.33191,0.31936,0.94697,-0.03543,0.52245,0.74564,-0.41361,0.176,-0.09601,-0.9797,-0.09769,1.07141,0.17775,0.0505,0.46887,-0.88182,0.40441,0.79966,-0.44383,0.28334,0.85041,-0.44331,0.45354,0.74518,-0.48889,0.20772,0.90158,-0.37949,0.48834,0.73843,-0.46502,0.16616,0.94968,-0.26552,0.5107,0.73292,-0.44945,0.03183,0.97258,-0.23039,0.54543,0.72329,-0.42351
1.0,0.4569,0.78074,-0.42625,0.38641,0.76195,0.04028,0.98271,-0.18069,0.49763,0.75384,-0.42905,0.07912,-0.18341,-0.97985,-0.18504,0.40726,0.08057,0.07148,0.40475,-0.91163,0.37991,0.79895,-0.46621,-0.0238,0.93262,-0.36007,0.37173,0.76852,-0.52077,-0.12905,0.92394,-0.36012,0.4086,0.75708,-0.50978,-0.14915,0.92835,-0.34048,0.44277,0.75319,-0.48648,-0.22245,0.89148,-0.39469,0.49019,0.74176,-0.45772
1.0,0.41832,0.79068,-0.44703,0.63302,0.90805,-0.04325,0.97602,-0.21332,0.4628,0.768,-0.44272,-0.02269,-0.21442,-0.97648,-0.21616,-0.10542,-0.02323,0.04863,0.42242,-0.90509,0.3474,0.81209,-0.46886,-0.06123,0.97508,-0.21322,0.31856,0.79314,-0.51908,-0.1994,0.94335,-0.26519,0.34471,0.7859,-0.51336,-0.25297,0.95916,-0.12658,0.38656,0.78566,-0.48303,-0.41406,0.90322,-0.11289,0.43563,0.77375,-0.45994
1.0,0.36376,0.8076,-0.46418,0.66663,1,-0.0232,0.98023,-0.19648,0.40493,0.79208,-0.45676,-0.07307,-0.19767,-0.97754,-0.19952,-0.35408,-0.07461,0.12772,0.42582,-0.89575,0.31141,0.8247,-0.47211,0.01567,0.99887,-0.0448,0.26675,0.81846,-0.5089,-0.03324,0.81073,0.58447,0.32332,0.82109,-0.4704,-0.13506,0.65942,0.73954,0.37231,0.82968,-0.41595,-0.30324,0.6551,0.69202,0.4104,0.81245,-0.41413
1.0,0.3183,0.82311,-0.47029,0.95293,1,0.00498,0.98769,-0.15635,0.36723,0.80603,-0.46417,-0.10081,-0.15506,-0.98275,-0.1565,-0.57645,-0.10222,0.03273,0.44984,-0.89251,0.26673,0.83868,-0.47485,0.06748,0.99679,0.04298,0.23181,0.82864,-0.50953,0.02126,0.73679,0.67579,0.30041,0.84125,-0.4495,-0.10303,0.65771,0.74619,0.34178,0.83992,-0.42158,-0.27606,0.64555,0.71207,0.38185,0.82111,-0.42423
1.0,0.29892,0.8295,-0.47179,0.89435,1,0.06928,0.98511,-0.15734,0.34046,0.81567,-0.46772,-0.1306,-0.1474,-0.98042,-0.14923,-0.72505,-0.13243,0.02886,0.45287,-0.89111,0.24554,0.846,-0.47328,0.10906,0.99378,-0.02235,0.20804,0.83272,-0.51312,0.06391,0.76887,0.6362,0.27384,0.8517,-0.44679,-0.0491,0.69477,0.71756,0.32229,0.84601,-0.42473,-0.22149,0.64896,0.72786,0.36418,0.82743,-0.42748
1.0,0.29732,0.82941,-0.47296,0.87064,1,0.10184,0.97891,-0.17712,0.33182,0.81906,-0.46801,-0.15078,-0.1608,-0.9754,-0.16338,-0.75328,-0.15337,0.03156,0.43235,-0.90115,0.24133,0.84645,-0.47464,0.13728,0.98883,-0.05812,0.20269,0.83317,-0.51454,0.09637,0.77281,0.62728,0.26771,0.8541,-0.44592,-0.01009,0.69008,0.72366,0.31818,0.84791,-0.42403,-0.17365,0.6404,0.74815,0.36105,0.82858,-0.4279
1.0,0.30936,0.82516,-0.47265,0.88317,1,0.07566,0.97842,-0.19227,0.3466,0.81431,-0.46559,-0.15541,-0.17889,-0.97152,-0.1821,-0.71527,-0.15862,0.02872,0.40921,-0.91199,0.25494,0.84097,-0.47725,0.1227,0.99118,-0.0501,0.21335,0.83063,-0.51432,0.08679,0.75405,0.65106,0.27604,0.85236,-0.44416,-0.0151,0.6714,0.74094,0.32913,0.84492,-0.42163,-0.19128,0.63193,0.75105,0.37072,0.82515,-0.42626
1.0,0.3648,0.80386,-0.46981,0.92333,1,0.00957,0.96886,-0.24743,0.40652,0.79248,-0.45465,-0.0954,-0.24543,-0.96471,-0.24912,-0.37073,-0.09857,-0.02576,0.36521,-0.93057,0.29441,0.82487,-0.4826,0.08676,0.99619,-0.00915,0.27281,0.81594,-0.50972,0.01467,0.73916,0.67337,0.32941,0.83603,-0.43881,-0.10639,0.70591,0.70027,0.37441,0.82765,-0.4181,-0.29977,0.69508,0.65345,0.4123,0.80883,-0.41928
1.0,0.42915,0.77957,-0.45618,0.70755,1,-0.05947,0.95031,-0.30559,0.46761,0.76898,-0.4359,-0.03142,-0.30776,-0.95095,-0.313,-0.10175,-0.03303,-0.04167,0.30821,-0.9504,0.34366,0.8063,-0.48144,-0.01372,0.99305,-0.1169,0.32846,0.79538,-0.5094,-0.10607,0.89283,0.43772,0.37433,0.81183,-0.44811,-0.21996,0.82904,0.51411,0.41848,0.80342,-0.42353,-0.44386,0.82632,0.34668,0.44814,0.78694,-0.42414
1.0,0.50261,0.75816,-0.41542,0.4867,0.88754,0.18805,0.95525,-0.22833,0.51829,0.74991,-0.41111,0.09195,-0.24858,-0.96424,-0.2523,0.35428,0.09507,0.02141,0.26173,-0.9649,0.40404,0.78572,-0.4684,0.16301,0.93871,-0.30374,0.41497,0.76346,-0.49491,0.03462,0.98321,-0.17915,0.43725,0.76763,-0.46857,-0.04326,0.99074,-0.12868,0.48537,0.76114,-0.43021,-0.39972,0.89609,0.19301,0.51855,0.75199,-0.40697
1.0,0.50986,0.78511,-0.35163,0,0.03935,-0.59263,-0.71266,-0.37537,0.55319,0.75054,-0.36147,0.25272,0.27797,-0.92675,0.29141,2.40373,0.26623,-0.25747,0.07161,-0.96363,0.54088,0.6982,-0.46901,-0.48697,-0.26145,-0.83337,0.51972,0.7337,-0.4377,0.31561,0.55194,-0.77184,0.54255,0.72063,-0.43166,0.29134,0.36703,-0.88341,0.52731,0.74047,-0.41671,0.22441,0.14185,-0.96412,0.50045,0.75809,-0.41816
1.0,0.5273,0.80847,-0.2614,0,0,-0.58615,-0.69804,-0.41129,0.57429,0.76306,-0.29653,0.28779,0.29516,-0.91108,0.3133,2.36884,0.30596,-0.36954,0.13267,-0.91969,0.55431,0.73662,-0.38746,0.49592,0.41778,-0.76127,0.6019,0.69821,-0.38757,0.34683,0.43017,-0.83347,0.55875,0.72661,-0.39979,0.11938,0.44241,-0.88883,0.50807,0.76216,-0.40122,-0.23236,0.37079,-0.89918,0.45727,0.79486,-0.39887
1.0,0.52066,0.83202,-0.19143,0,0,-0.46325,-0.71851,-0.51879,0.57074,0.78188,-0.25085,0.35016,0.38936,-0.85193,0.42868,2.40915,0.38997,-0.15391,0.14745,-0.97702,0.56912,0.74785,-0.3418,0.59359,0.39985,-0.6984,0.61185,0.71879,-0.33013,0.38329,0.48859,-0.78381,0.55998,0.7519,-0.34796,0.0902,0.54569,-0.83312,0.50157,0.78988,-0.35288,-0.25947,0.46969,-0.84384,0.45466,0.82119,-0.34487
1.0,0.49644,0.83852,-0.22459,0,0,-0.78985,-0.37462,-0.48558,0.54446,0.81071,-0.21518,0.2601,0.51241,-0.8184,0.55939,2.67188,0.30772,0.10631,0.3326,-0.93706,0.56728,0.76407,-0.30722,0.37337,0.64447,-0.66727,0.55249,0.77508,-0.30661,0.20489,0.52952,-0.82318,0.51737,0.79169,-0.3249,-0.13895,0.42971,-0.89221,0.47298,0.82239,-0.31617,-0.20933,0.10005,-0.97271,0.45967,0.83277,-0.30853
1.0,0.46966,0.85613,-0.21554,0,0,-0.94491,-0.1516,-0.29011,0.50978,0.84128,-0.17992,0.14257,0.6072,-0.78165,0.66044,2.91097,0.18041,0.35964,0.46715,-0.80773,0.55842,0.78981,-0.25371,0.13972,0.69464,-0.70566,0.49539,0.82075,-0.28453,-0.03898,0.56514,-0.82408,0.4527,0.84016,-0.29867,-0.00768,0.59659,-0.80251,0.44981,0.85267,-0.26574,-0.08157,0.58167,-0.80932,0.44173,0.86768,-0.22804
1.0,0.32548,0.90814,-0.26334,0,0,-0.99074,0.06151,-0.12107,0.48799,0.85702,-0.16548,0.13562,0.49398,-0.85883,0.52197,2.87364,0.15662,0.14338,0.49821,-0.85512,0.50831,0.82582,-0.24423,-0.17183,0.48223,-0.85903,0.43789,0.84605,-0.30407,-0.34281,0.435,-0.83262,0.42075,0.85784,-0.29508,-0.37363,0.50051,-0.78096,0.41944,0.87151,-0.25403,-0.49562,0.44278,-0.7472,0.4202,0.88365,-0.20637
1.0,0.46054,0.87214,-0.16516,0,0,0.97184,-0.0187,0.2349,0.4834,0.86669,-0.12319,0.2351,0.14469,-0.96114,0.14941,2.12248,0.23989,0.48201,0.40956,-0.77455,0.48574,0.86412,-0.13173,0.35177,0.23786,-0.90536,0.47618,0.84855,-0.23069,0.33806,0.19933,-0.91977,0.48321,0.83597,-0.26012,0.24286,0.17567,-0.95402,0.49321,0.83017,-0.25994,0.24391,0.15563,0.95723,0.53407,0.83285,-0.14533
1.0,0.46559,0.87058,-0.15911,0,0,0.97145,-0.02386,0.23605,0.47826,0.87093,-0.11291,0.23714,0.1276,-0.96306,0.13172,2.06442,0.24143,0.49197,0.44287,-0.74955,0.4811,0.86822,-0.12135,0.3914,0.25748,-0.88347,0.47108,0.85264,-0.22603,0.3735,0.18809,-0.90836,0.48232,0.83791,-0.25549,0.35567,0.11635,-0.92734,0.49846,0.82853,-0.25508,0.17617,0.14668,0.97337,0.53264,0.84017,-0.10199
1.0,0.47561,0.86491,-0.16039,0,0,0.97422,-0.02624,0.22406,0.47644,0.87256,-0.10788,0.22557,0.12664,-0.96596,0.13036,2.08236,0.22941,0.50263,0.45903,-0.73257,0.48268,0.8682,-0.11509,0.40776,0.24398,-0.87989,0.47291,0.85145,-0.2267,0.39099,0.16941,-0.90467,0.48492,0.8364,-0.25552,0.33842,0.07271,-0.93818,0.50073,0.82614,-0.25838,0.12593,0.16845,0.97763,0.53046,0.84304,-0.08888
1.0,0.46833,0.86798,-0.16514,0,0,0.97344,-0.01037,0.22871,0.48111,0.86966,-0.11053,0.22799,0.13522,-0.96423,0.13933,2.10611,0.23218,0.50671,0.43842,-0.74232,0.48799,0.86489,-0.11762,0.41229,0.26766,-0.87084,0.47615,0.84907,-0.22883,0.37382,0.1919,-0.90743,0.48727,0.83408,-0.2586,0.29157,0.09602,-0.95172,0.50095,0.82477,-0.26231,0.16798,0.14432,0.97517,0.53758,0.83827,-0.09119
1.0,0.50858,0.84614,-0.15937,0,0.25469,0.9869,0.05527,0.15155,0.49611,0.85853,-0.12965,0.15146,0.00587,-0.98845,0.00594,1.60953,0.15204,0.46441,0.16059,-0.87094,0.50707,0.84832,-0.15245,0.40549,0.09146,-0.90951,0.49114,0.83056,-0.2626,0.34479,0.21194,-0.91444,0.49916,0.8204,-0.2789,0.62083,0.25309,0.74197,0.52856,0.82121,-0.21503,0.18525,0.3567,0.91567,0.5513,0.82723,-0.10844
1.0,0.56936,0.8034,-0.17431,0,0.43217,0.99392,-0.01119,0.10952,0.51446,0.84377,-0.15289,0.10953,0.00071,-0.99398,0.00071,1.57726,0.10975,0.49143,0.02536,-0.87055,0.54236,0.81959,-0.18473,0.35992,0.02614,-0.93262,0.50784,0.81023,-0.29262,0.15033,-0.00428,0.98863,0.54901,0.82135,-0.15485,0.13962,0.16503,0.97636,0.55757,0.81827,-0.1398,0.19605,0.2797,0.93986,0.57,0.8109,-0.13242
1.0,0.58369,0.78634,-0.20245,0,0.37375,0.99355,-0.00488,0.11328,0.53554,0.82434,-0.18347,0.11334,0.01544,-0.99344,0.01554,1.70617,0.1136,0.51059,0.0787,-0.85621,0.5611,0.80098,-0.2088,0.44987,0.13584,-0.8827,0.52865,0.78916,-0.31265,0.12473,-0.04398,0.99122,0.57717,0.80199,-0.15393,0.12427,0.14431,0.9817,0.58308,0.79851,-0.14964,0.25166,0.26113,0.93192,0.59338,0.78827,-0.16286
1.0,0.59786,0.76238,-0.24767,0,0.04703,-0.63249,-0.73488,-0.24478,0.55583,0.80032,-0.22483,0.13593,0.20581,-0.96911,0.20926,2.5579,0.13935,-0.05585,-0.13902,-0.98871,0.56891,0.79049,-0.22685,-0.06746,0.38514,-0.92039,0.54281,0.76284,-0.35132,0.30706,0.25316,-0.9174,0.57402,0.78238,-0.2416,0.04162,-0.20374,-0.97814,0.56743,0.78727,-0.2413,-0.32268,-0.91661,-0.23601,0.53628,0.80215,-0.26261
1.0,0.52336,0.8198,-0.23244,0,0,-0.66121,-0.62388,-0.41663,0.57144,0.77486,-0.27026,0.23731,0.3529,-0.90507,0.37178,2.54958,0.25643,-0.34573,0.22992,-0.90973,0.56309,0.74654,-0.35442,0.34633,0.46318,-0.81579,0.58293,0.71873,-0.37896,0.25376,0.49301,-0.83219,0.55394,0.76162,-0.33628,-0.01599,0.47771,-0.87837,0.50973,0.78713,-0.34729,-0.38571,0.42844,-0.81711,0.47641,0.8151,-0.32961
1.0,0.54464,0.78961,-0.28265,0,0,-0.62712,-0.69291,-0.35581,0.57171,0.75535,-0.32032,0.25581,0.24824,-0.93431,0.2597,2.34119,0.26724,-0.3741,0.10236,-0.92172,0.54994,0.7225,-0.41899,0.53815,0.38231,-0.75115,0.60365,0.68196,-0.41296,0.40144,0.52142,-0.75297,0.5552,0.72272,-0.41161,0.21407,0.58516,-0.78215,0.50592,0.76068,-0.40671,-0.26135,0.62279,-0.73745,0.45117,0.80857,-0.37769
1.0,0.58102,0.75923,-0.29324,0,0,-0.79088,-0.54684,-0.27473,0.55267,0.759,-0.34421,0.1465,0.2667,-0.95258,0.27299,2.63929,0.1526,-0.24123,0.10491,-0.96478,0.54642,0.70678,-0.44931,0.37798,0.37856,-0.84488,0.56439,0.68483,-0.46095,0.27091,0.46824,-0.84105,0.52434,0.72087,-0.45322,0.18679,0.54762,-0.81561,0.48645,0.75937,-0.43212,-0.14833,0.73169,-0.6653,0.43368,0.81213,-0.39034
1.0,0.59822,0.73457,-0.32022,0,0,-0.8718,-0.45332,-0.18567,0.53921,0.76618,-0.34959,0.10025,0.2059,-0.97343,0.20845,2.6885,0.10262,-0.33193,0.06221,-0.94125,0.5258,0.71659,-0.45829,0.27578,0.26156,-0.92495,0.54239,0.67818,-0.49586,0.15704,0.28926,-0.94428,0.50393,0.70969,-0.49234,0.12882,0.35883,-0.92447,0.4766,0.74838,-0.46128,-0.17575,0.53332,-0.82745,0.42251,0.80755,-0.41153
1.0,0.3859,0.79347,-0.47062,0,0.22022,-0.92032,-0.34094,-0.19177,0.51934,0.76968,-0.37132,0.12473,0.20888,-0.96995,0.21211,2.60328,0.12789,-0.1424,0.0122,-0.98973,0.50887,0.70892,-0.48835,-0.38075,0.11071,-0.91803,0.4449,0.70435,-0.55313,-0.2128,-0.03069,-0.97661,0.44595,0.69638,-0.5623,0.13612,0.03874,-0.98993,0.47065,0.71644,-0.51498,-0.08517,0.45874,-0.88448,0.41923,0.79707,-0.43466
1.0,0.36944,0.82096,-0.43535,0.18289,0.37137,-0.3882,0.90011,-0.19775,0.46497,0.78167,-0.41568,0.05036,-0.19354,-0.9798,-0.19502,0.25455,0.05135,0.15703,0.51966,-0.83982,0.38,0.8105,-0.44575,-0.33351,0.71752,-0.6115,0.32705,0.76604,-0.55338,-0.45063,0.75167,-0.48158,0.33854,0.7669,-0.54521,-0.47603,0.7488,-0.46119,0.38317,0.76415,-0.5189,-0.57593,0.66231,-0.47922,0.4291,0.76628,-0.47821
1.0,0.36135,0.81493,-0.45312,0.63958,0.91272,-0.08631,0.95636,-0.27916,0.42259,0.79399,-0.43703,0.04637,-0.27605,-0.96002,-0.27999,0.16641,0.04826,0.18987,0.37273,-0.90831,0.32854,0.81882,-0.47074,-0.06177,0.9925,-0.10547,0.29516,0.79673,-0.52736,-0.23097,0.93375,-0.27342,0.30694,0.79333,-0.52576,-0.28923,0.92509,-0.24608,0.35598,0.78808,-0.5022,-0.36578,0.84081,-0.39905,0.41038,0.77725,-0.47695
1.0,0.30961,0.83758,-0.45011,0.50368,0.86026,0.00939,0.98636,-0.16433,0.37764,0.8077,-0.45279,0.01827,-0.16448,-0.98621,-0.16526,0.11065,0.01853,0.02791,0.45184,-0.89166,0.26528,0.83999,-0.47333,-0.04965,0.96333,-0.26369,0.23994,0.81453,-0.52818,-0.14124,0.92618,-0.34963,0.27309,0.79846,-0.53655,-0.14781,0.90364,-0.40198,0.33081,0.7901,-0.51606,-0.17545,0.86341,-0.47302,0.39104,0.77875,-0.49056
1.0,0.2901,0.8422,-0.45447,0.48507,0.89933,0.08086,0.98033,-0.18005,0.34756,0.81828,-0.45785,-0.0264,-0.17847,-0.98359,-0.1795,-0.14684,-0.02683,0.00357,0.4298,-0.90292,0.24194,0.84529,-0.47638,0.02382,0.9658,-0.25818,0.21135,0.82125,-0.52999,-0.08099,0.92898,-0.36116,0.25094,0.80296,-0.54064,-0.09139,0.908,-0.40889,0.3105,0.79113,-0.52697,-0.16617,0.89698,-0.40965,0.36705,0.78712,-0.49569
1.0,0.27959,0.84541,-0.4551,0.48132,0.91883,0.10949,0.97818,-0.17656,0.33095,0.82445,-0.45907,-0.04998,-0.17199,-0.98383,-0.17306,-0.28279,-0.05075,0.01931,0.43089,-0.9022,0.2327,0.84896,-0.47447,0.06378,0.9712,-0.22956,0.1994,0.82699,-0.52566,-0.05091,0.9531,-0.29833,0.24021,0.81044,-0.5343,-0.07548,0.93295,-0.35202,0.29733,0.79826,-0.52381,-0.15835,0.91413,-0.37322,0.3547,0.79211,-0.49675
1.0,0.27603,0.84776,-0.4529,0.45752,0.84283,0.0812,0.97806,-0.19185,0.33939,0.82326,-0.45504,-0.06753,-0.18664,-0.9801,-0.18818,-0.34714,-0.06879,0.00561,0.4172,-0.9088,0.23894,0.84747,-0.47402,0.01818,0.95499,-0.29609,0.19809,0.82506,-0.52918,-0.08163,0.92619,-0.36811,0.23876,0.80846,-0.53794,-0.09515,0.90267,-0.41969,0.29771,0.79528,-0.52811,-0.15644,0.88439,-0.43976,0.35882,0.78756,-0.501
1.0,0.30146,0.83544,-0.45952,0.54018,0.95256,0.06531,0.97065,-0.23145,0.36223,0.81365,-0.45471,-0.08475,-0.22572,-0.9705,-0.22851,-0.3592,-0.08711,-0.03988,0.37292,-0.92701,0.25356,0.83852,-0.48228,0.02323,0.95934,-0.28129,0.21628,0.82015,-0.52969,-0.08967,0.93954,-0.33049,0.2525,0.80474,-0.53726,-0.1191,0.92161,-0.36938,0.30921,0.79225,-0.52605,-0.22247,0.90464,-0.36351,0.36711,0.78642,-0.49677
1.0,0.35331,0.8156,-0.45822,0.70364,0.97702,-0.00055,0.96753,-0.25277,0.40811,0.79536,-0.44817,-0.02634,-0.2527,-0.96719,-0.25556,-0.10385,-0.02722,0.02145,0.36325,-0.93144,0.29888,0.82347,-0.48225,-0.02217,0.96105,-0.27547,0.2629,0.80867,-0.52625,-0.14113,0.94267,-0.30241,0.29373,0.79855,-0.52539,-0.1775,0.92165,-0.34504,0.34378,0.78938,-0.50863,-0.33133,0.90381,-0.27083,0.39271,0.78758,-0.47487
1.0,0.40956,0.79863,-0.44097,0.67412,0.8427,-0.09365,0.95716,-0.27398,0.47087,0.77201,-0.42694,0.07222,-0.26794,-0.96073,-0.27198,0.26327,0.07503,0.1097,0.37785,-0.91935,0.35912,0.80695,-0.46889,-0.12211,0.92144,-0.36883,0.3247,0.78632,-0.52561,-0.22523,0.90326,-0.36524,0.35125,0.77855,-0.52008,-0.24431,0.87167,-0.42487,0.39915,0.76677,-0.50273,-0.23414,0.80598,-0.54368,0.45667,0.75507,-0.47044
1.0,0.52956,0.76775,-0.36074,0.08419,0.58577,0.07001,0.99458,-0.0769,0.53389,0.75052,-0.38945,0.21171,-0.09015,-0.97317,-0.09237,1.16823,0.21421,0.25555,0.38589,-0.88645,0.44631,0.78152,-0.43592,0.21588,0.79622,-0.56518,0.45384,0.73939,-0.49732,0.07434,0.87406,-0.4801,0.47198,0.73904,-0.48068,-0.19171,0.98052,0.04277,0.4958,0.76769,-0.406,-0.5049,0.80244,0.31808,0.53453,0.74968,-0.39021
1.0,0.5545,0.76789,-0.32075,0,0.26148,-0.7775,-0.5016,-0.37934,0.56393,0.75293,-0.33924,0.25349,0.30206,-0.91897,0.31757,2.4434,0.26915,-0.36862,0.29097,-0.88287,0.52561,0.73069,-0.43569,0.40258,0.26363,-0.8766,0.58598,0.66824,-0.45835,0.29822,0.40242,-0.86552,0.53892,0.70704,-0.45788,0.24605,0.49963,-0.83056,0.50052,0.74698,-0.4376,-0.4097,0.08178,-0.90855,0.48219,0.76215,-0.432
1.0,0.54281,0.78102,-0.30881,0,0.35219,-0.6549,-0.60753,-0.44946,0.57751,0.75823,-0.30259,0.27946,0.35789,-0.89096,0.38196,2.47863,0.30395,-0.42643,0.25899,-0.86665,0.54549,0.73939,-0.39464,0.38695,0.32759,-0.86195,0.5977,0.69139,-0.40588,0.17466,0.34338,-0.92281,0.54824,0.7257,-0.41568,0.01386,0.30963,-0.95076,0.50752,0.75682,-0.41189,-0.36965,-0.06014,-0.92722,0.47839,0.77474,-0.41343
1.0,0.50227,0.8385,-0.21127,0,0,-0.42085,-0.70495,-0.57091,0.57568,0.77679,-0.25531,0.32211,0.47221,-0.82052,0.52221,2.54297,0.37408,-0.19951,0.18833,-0.96163,0.56346,0.74874,-0.34914,0.44865,0.41806,-0.7899,0.59993,0.7252,-0.33787,0.31746,0.53627,-0.78207,0.55267,0.75777,-0.34691,0.06402,0.50841,-0.85873,0.5023,0.78698,-0.35827,-0.32989,0.34019,-0.88059,0.45757,0.81376,-0.35838
1.0,0.47896,0.85325,-0.20632,0,0,-0.78397,-0.36085,-0.50515,0.54431,0.81285,-0.20737,0.2073,0.61484,-0.76092,0.67961,2.8164,0.26597,0.1696,0.41794,-0.8925,0.57593,0.7619,-0.29633,0.19636,0.71282,-0.6733,0.54041,0.79052,-0.28816,-0.01567,0.58327,-0.81212,0.49682,0.81229,-0.30555,-0.14206,0.57074,-0.80875,0.46176,0.83608,-0.29621,-0.29318,0.33739,-0.89455,0.44956,0.84857,-0.27896
1.0,0.46294,0.8538,-0.23815,0,0,-0.92741,-0.20287,-0.31426,0.51156,0.84139,-0.17426,0.10606,0.66306,-0.74101,0.72994,2.98299,0.14216,0.36757,0.46844,-0.8034,0.56752,0.78389,-0.25185,-0.22301,0.6572,-0.71997,0.485,0.83112,-0.27205,-0.21154,0.55429,-0.80499,0.44737,0.84807,-0.28397,-0.25452,0.47228,-0.8439,0.4349,0.86039,-0.26568,-0.37959,0.25743,-0.88862,0.43433,0.86988,-0.2338
1.0,0.4617,0.86007,-0.21708,0,0,-0.97451,-0.10668,-0.19734,0.49406,0.85547,-0.15517,0.1017,0.57397,-0.81253,0.61501,2.96622,0.12452,0.31181,0.24811,-0.91718,0.52065,0.82173,-0.23168,-0.32477,0.55549,-0.76548,0.46586,0.84308,-0.26866,-0.05125,0.52629,-0.84876,0.44553,0.85206,-0.27477,-0.10282,0.37081,-0.923,0.43082,0.86603,-0.25377,-0.55755,0.09765,-0.82438,0.4233,0.88161,-0.20878
1.0,0.49188,0.85296,-0.17469,0,0,0.94846,-0.3169,0.003,0.49239,0.86014,-0.13305,0.08893,0.25707,-0.96229,0.26105,2.80853,0.09215,0.28302,0.43345,-0.85558,0.50361,0.8491,-0.15938,0.2383,0.15339,-0.959,0.475,0.84681,-0.23937,0.27203,0.26328,-0.92557,0.47128,0.84325,-0.25851,0.40581,0.2183,-0.88751,0.48303,0.836,-0.26034,0.37973,0.24121,-0.8931,0.49867,0.83531,-0.23147
1.0,0.46119,0.87571,-0.14298,0,0,0.97757,-0.15322,0.14451,0.48917,0.86417,-0.11798,0.17558,0.2139,-0.96095,0.21902,2.45428,0.18072,0.40155,0.48441,-0.77724,0.4913,0.8625,-0.12129,0.35553,0.33677,-0.87189,0.47118,0.85587,-0.21327,0.35152,0.31329,-0.8822,0.47745,0.84467,-0.242,0.32759,0.25868,-0.90872,0.48989,0.83712,-0.24339,0.67286,0.245,-0.69803,0.52893,0.82725,-0.18943
1.0,0.47552,0.86894,-0.13724,0,0,0.97905,-0.14024,0.14764,0.48483,0.86883,-0.10038,0.17674,0.22514,-0.95816,0.23078,2.47603,0.18241,0.40677,0.57116,-0.71296,0.48563,0.86835,-0.10067,0.38036,0.38546,-0.84068,0.47325,0.85699,-0.20395,0.35183,0.32055,-0.87947,0.48106,0.8447,-0.23467,0.30985,0.23767,-0.9206,0.49072,0.8367,-0.24316,0.51712,0.05291,0.85428,0.53508,0.82801,-0.16762
1.0,0.48738,0.86177,-0.14074,0,0,0.98352,-0.12564,0.13002,0.48656,0.86793,-0.09977,0.15639,0.23029,-0.96047,0.23533,2.54503,0.16141,0.40398,0.56873,-0.71648,0.4863,0.86806,-0.09994,0.3824,0.35764,-0.85197,0.47557,0.85479,-0.20775,0.33769,0.30766,-0.88956,0.48256,0.84274,-0.23858,0.30933,0.23128,-0.9224,0.49325,0.83434,-0.24614,0.53269,0.11842,0.83798,0.53991,0.82961,-0.14227
1.0,0.49695,0.85582,-0.14357,0,0,0.98495,-0.12051,0.12391,0.49303,0.86386,-0.10329,0.14914,0.23025,-0.96163,0.23501,2.5668,0.15387,0.40105,0.55091,-0.73189,0.49256,0.86407,-0.10375,0.38377,0.33919,-0.85888,0.48024,0.85076,-0.21348,0.33605,0.30927,-0.88962,0.48676,0.83901,-0.24317,0.31407,0.23847,-0.91897,0.49918,0.82966,-0.24999,0.42933,0.143,0.89175,0.54483,0.82895,-0.12654
1.0,0.49279,0.85742,-0.14832,0,0,0.98783,-0.10487,0.11482,0.50066,0.85884,-0.10833,0.13562,0.21967,-0.9661,0.22357,2.58849,0.13947,0.39052,0.5223,-0.75809,0.49943,0.85917,-0.11133,0.37068,0.34644,-0.86173,0.48239,0.84796,-0.21969,0.2953,0.32552,-0.89824,0.48778,0.83667,-0.24913,0.29254,0.25633,-0.92126,0.50287,0.82591,-0.25493,0.36903,0.26449,0.89099,0.55197,0.82635,-0.11166
1.0,0.48471,0.8598,-0.16063,0,0,0.99063,-0.084,0.10765,0.51047,0.85172,-0.11831,0.12431,0.22864,-0.96554,0.23252,2.64361,0.12804,0.37548,0.47634,-0.79506,0.50576,0.8539,-0.12275,0.29322,0.37235,-0.88056,0.48489,0.84408,-0.22895,0.2454,0.35193,-0.90328,0.48954,0.833,-0.2578,0.19123,0.29424,-0.9364,0.50345,0.82266,-0.26415,0.38663,0.33199,0.86041,0.56413,0.8179,-0.11309
1.0,0.48295,0.85956,-0.16708,0,0,0.99018,-0.09513,0.10247,0.51516,0.84791,-0.12514,0.12114,0.2177,-0.96847,0.22112,2.6338,0.12444,0.41407,0.3967,-0.81925,0.51649,0.84557,-0.13506,0.21792,0.395,-0.89246,0.48496,0.84242,-0.23483,0.24676,0.3435,-0.90616,0.49273,0.82875,-0.26533,0.20129,0.28123,-0.93829,0.51007,0.81605,-0.27183,0.31311,0.29677,0.90216,0.56959,0.8132,-0.11942
1.0,0.5278,0.83417,-0.15999,0,0,0.99305,-0.06997,0.09468,0.51834,0.84506,-0.1311,0.10571,0.17591,-0.97871,0.17784,2.6005,0.10759,0.41223,0.33515,-0.84719,0.52479,0.83841,-0.14718,0.2118,0.329,-0.92027,0.489,0.83718,-0.24495,0.27078,0.34279,-0.89954,0.49853,0.82257,-0.27358,0.76893,0.21916,-0.6006,0.56548,0.78874,-0.24108,0.31351,0.22888,0.92159,0.57488,0.80825,-0.12745
1.0,0.544,0.82308,-0.16314,0,0,0.99587,-0.02479,0.0873,0.52075,0.84278,-0.13618,0.08975,0.12685,-0.98785,0.12771,2.52582,0.0906,0.37931,0.33609,-0.86207,0.52892,0.83387,-0.15783,0.29215,0.23612,-0.92677,0.50306,0.8238,-0.26132,0.4285,0.32367,-0.84358,0.51205,0.81189,-0.28042,0.96983,0.15625,-0.1871,0.596,0.77791,-0.19907,0.3147,0.24266,0.91765,0.57855,0.80469,-0.13326
1.0,0.51879,0.83846,-0.16686,0,0.25354,0.99759,-0.03295,0.06109,0.52342,0.83996,-0.14314,0.06376,0.08739,-0.99413,0.08768,2.51125,0.06405,0.45703,0.08621,-0.88526,0.54867,0.8174,-0.17552,0.25111,0.07384,-0.96514,0.50704,0.81523,-0.27983,0.44819,0.37869,-0.80977,0.51717,0.80969,-0.27737,0.20036,0.1616,0.9663,0.58028,0.80208,-0.14125,0.28396,0.30409,0.90934,0.57849,0.80392,-0.13803
1.0,0.52835,0.83149,-0.17165,0,0.28333,0.99839,-0.03902,0.04125,0.52624,0.8371,-0.14948,0.04439,0.08325,-0.99554,0.08343,2.65174,0.04456,0.45095,0.0337,-0.89191,0.55726,0.80964,-0.18424,0.29126,0.03179,-0.95612,0.50896,0.81155,-0.28696,0.45454,0.36998,-0.81025,0.52147,0.80611,-0.27974,0.23869,0.166,0.9568,0.57681,0.80648,-0.1299,0.29459,0.28088,0.91341,0.58071,0.80181,-0.14101
1.0,0.54212,0.82151,-0.17672,0,0.26952,0.99873,-0.02584,0.04321,0.52801,0.8355,-0.1521,0.04511,0.07788,-0.99594,0.07804,2.6166,0.04526,0.45116,0.03617,-0.89171,0.55782,0.80874,-0.18648,0.28583,0.07235,-0.95555,0.50955,0.81072,-0.28826,0.49002,0.26405,-0.83076,0.53008,0.79711,-0.28919,0.23138,0.17436,0.95711,0.57868,0.80478,-0.13208,0.29266,0.27511,0.91578,0.58346,0.79947,-0.14292
1.0,0.62124,0.7591,-0.19449,0,0,-0.97625,0.15478,-0.1516,0.52101,0.83815,-0.16141,0.16395,0.07036,-0.98396,0.07139,1.97619,0.16511,0.13901,0.25634,-0.95654,0.49031,0.84932,-0.19558,0.15717,0.11081,-0.98134,0.50492,0.81078,-0.29614,0.62742,0.16728,-0.7605,0.5626,0.77746,-0.28115,0.61361,0.00557,-0.78959,0.58003,0.76189,-0.28826,0.62431,-0.20527,-0.75373,0.58984,0.76064,-0.27115
1.0,0.51092,0.8451,-0.15738,0,0,0.95432,-0.28992,-0.07227,0.52561,0.83507,-0.16244,0.04884,0.39,-0.91952,0.40114,3.017,0.05307,0.34402,0.19855,-0.91773,0.56492,0.79104,-0.23477,0.33283,0.54246,-0.77134,0.50692,0.80911,-0.29729,0.16981,0.52675,-0.83289,0.50274,0.81314,-0.29334,0.19988,0.49356,-0.84643,0.50397,0.81996,-0.27144,0.24729,0.40931,-0.87825,0.53405,0.81485,-0.22542
1.0,0.49996,0.83774,-0.21962,0,0,0.87072,-0.34395,-0.3515,0.54057,0.82314,-0.17385,-0.20267,0.40025,-0.89371,0.42106,-2.67286,-0.223,0.39485,0.23779,-0.88744,0.59793,0.7589,-0.25798,-0.04097,0.26179,-0.96426,0.4707,0.81615,-0.33517,0.00039,0.34471,-0.93871,0.46687,0.8242,-0.32051,0.0749,0.32852,-0.94152,0.4885,0.82247,-0.29139,0.5631,-0.17379,-0.80791,0.54863,0.80202,-0.23614
1.0,0.5004,0.82851,-0.25133,0,0,0.85248,-0.30344,-0.42569,0.55138,0.81223,-0.19042,-0.28155,0.41961,-0.86294,0.4526,-2.55061,-0.31538,0.23275,0.1452,-0.96164,0.60129,0.74341,-0.29291,-0.12962,0.19125,-0.97294,0.46989,0.80739,-0.35683,-0.05747,0.32737,-0.94315,0.46503,0.81866,-0.33696,0.04801,0.26023,-0.96435,0.48523,0.81882,-0.30674,0.45755,-0.08307,-0.8853,0.54383,0.79982,-0.25405
1.0,0.51386,0.8133,-0.27294,0,0,0.85963,-0.23897,-0.45159,0.55386,0.80493,-0.21293,-0.31476,0.44853,-0.83651,0.49219,-2.52969,-0.35989,0.18209,0.19246,-0.96426,0.59832,0.73175,-0.32644,-0.1252,0.22781,-0.96562,0.46551,0.79687,-0.3851,-0.06722,0.32875,-0.94202,0.45938,0.81036,-0.36372,0.07339,0.32272,-0.94365,0.48265,0.81287,-0.32603,0.18448,0.34065,-0.92191,0.51425,0.81358,-0.27135
1.0,0.49898,0.81143,-0.30432,0,0,0.86205,-0.2195,-0.45682,0.55049,0.7995,-0.24035,-0.29033,0.52492,-0.8001,0.58063,-2.63638,-0.34809,-0.02325,0.03062,-0.99926,0.5804,0.71852,-0.38324,-0.11139,0.29199,-0.94991,0.45342,0.78924,-0.41414,-0.089,0.41088,-0.90734,0.44559,0.8077,-0.38609,-0.02246,0.4996,-0.86597,0.46428,0.81845,-0.33849,0.04231,0.63203,-0.77379,0.49261,0.82551,-0.27546
1.0,0.4536,0.82036,-0.34823,0.08947,0,0.91473,-0.19077,-0.35619,0.53717,0.79958,-0.26855,-0.17745,0.60231,-0.77829,0.65862,-2.85508,-0.22417,0.01975,0.02391,-0.99952,0.57079,0.70962,-0.41308,0.09005,0.29107,-0.95246,0.45654,0.77351,-0.4396,0.07509,0.45078,-0.88947,0.44475,0.80062,-0.4015,0.11673,0.56797,-0.81473,0.45993,0.81818,-0.34503,0.12204,0.74009,-0.66135,0.48422,0.83103,-0.2737
1.0,0.66464,0.66464,-0.34133,0,0,0.92895,-0.13553,-0.34452,0.4548,0.82681,-0.33097,-0.20846,0.57755,-0.78929,0.63171,-2.7952,-0.25822,-0.06022,0.12386,-0.99047,0.46754,0.73038,-0.49795,0.11063,0.46427,-0.87876,0.36999,0.78233,-0.50106,0.15551,0.68038,-0.71617,0.37025,0.82077,-0.43502,0.18334,0.72512,-0.66377,0.39079,0.83648,-0.38417,0.32755,0.78063,-0.53229,0.42923,0.84621,-0.31573
1.0,0.38145,0.79765,-0.46716,1,1,0.83742,0.26244,-0.47942,0.34613,0.8324,-0.4328,-0.52347,0.1329,-0.84162,0.15661,-1.81942,-0.55643,-0.03138,0.3863,-0.92184,0.40343,0.74797,-0.52706,0.9364,0.12288,0.32871,0.43125,0.74507,-0.50883,0.80204,-0.11977,0.58514,0.44966,0.77,-0.45267,0.81403,-0.26532,0.51668,0.43685,0.79407,-0.42262,0.82794,-0.4361,0.35262,0.40573,0.81666,-0.41042
1.0,0.24139,0.83416,-0.49589,1,0.8283,0.7076,0.47137,-0.52641,0.20648,0.86689,-0.45372,-0.59249,-0.01014,-0.80551,-0.01259,-1.55368,-0.63419,-0.23413,0.56432,-0.79166,0.26055,0.80832,-0.52795,0.75398,0.10178,0.64897,0.33649,0.80305,-0.49182,0.80226,0.06455,0.59348,0.31896,0.82279,-0.4704,0.86272,0.02404,0.50511,0.29035,0.84864,-0.44216,0.95128,-0.17798,0.25178,0.25624,0.86361,-0.43419
1.0,0.07225,0.89561,-0.43892,1,0.85614,0.47475,0.49847,-0.72536,0.06238,0.92451,-0.37603,-0.82112,-0.04584,-0.56892,-0.08039,-1.51503,-0.96488,-0.47764,0.22496,-0.84926,0.09762,0.84021,-0.53341,0.91774,0.29221,0.26902,0.15115,0.86994,-0.46942,0.95207,0.17897,0.24806,0.14743,0.88383,-0.44396,0.98434,0.08833,0.15256,0.12743,0.90361,-0.40896,0.99732,-0.05019,-0.05317,0.0945,0.91873,-0.38342
1.0,-0.03208,0.94029,-0.33885,0.96683,0.95232,0.55717,0.16581,-0.81367,-0.07151,0.9678,-0.24136,-0.8301,0.13728,-0.54045,0.24874,-1.73469,-0.99367,-0.52957,0.24874,-0.81098,-0.07409,0.91304,-0.40108,0.99334,0.06977,-0.09168,-0.00598,0.92141,-0.38853,0.98681,-0.06221,-0.14944,0.00562,0.92386,-0.38268,0.93966,-0.17792,-0.29221,0.00295,0.93565,-0.35292,0.69749,-0.2868,-0.65669,-0.02897,0.94252,-0.33289
1.0,-0.07321,0.96069,-0.26779,0.77776,1,0.51566,0.4345,-0.73845,-0.11064,0.97627,-0.18617,-0.80468,-0.05039,-0.59156,-0.08498,-1.50825,-0.93687,-0.52713,0.12433,-0.84064,-0.10279,0.93282,-0.34538,0.67149,0.4685,-0.57411,-0.07327,0.92639,-0.36936,0.79857,0.3004,-0.52158,-0.05979,0.93443,-0.35109,0.75955,0.21912,-0.61242,-0.06407,0.94536,-0.31966,0.68608,0.07178,-0.72397,-0.08539,0.95822,-0.27298
1.0,-0.07861,0.96219,-0.26077,0.62069,0.94812,0.44473,0.49471,-0.74664,-0.13196,0.98115,-0.14118,-0.77885,-0.19804,-0.59513,-0.32123,-1.32181,-0.91832,-0.59692,0.21043,-0.77421,-0.13056,0.94934,-0.28586,0.50125,0.52447,-0.68824,-0.10697,0.93772,-0.33052,0.60684,0.38768,-0.69386,-0.1041,0.94138,-0.32088,0.58082,0.31529,-0.7505,-0.11507,0.95117,-0.28641,0.58247,0.16505,-0.79592,-0.13297,0.96177,-0.2394
1.0,-0.04952,0.97202,-0.2296,0.1789,1,0.67966,0.24581,-0.69112,-0.14364,0.98288,-0.11539,-0.73336,0.20763,-0.64735,0.31037,-1.84669,-0.84761,-0.38002,0.35546,-0.85395,-0.1308,0.95493,-0.26646,0.41288,0.28733,-0.86427,-0.14059,0.94128,-0.30695,0.3268,0.20275,-0.92309,-0.14859,0.93734,-0.31514,0.23932,0.23906,-0.94105,-0.14668,0.9504,-0.27427,0.29038,0.13573,-0.94724,-0.12531,0.96689,-0.22229
1.0,-0.00013,0.96398,-0.26599,0,0.55981,0.59851,-0.16689,-0.78354,-0.13001,0.98499,-0.11353,-0.62837,0.50889,-0.58837,0.71309,-2.25152,-0.81826,-0.37197,0.40774,-0.8339,-0.16311,0.95316,-0.25473,0.20104,0.0815,-0.97619,-0.17084,0.93178,-0.3203,0.07079,0.12166,-0.99004,-0.1702,0.9363,-0.30721,0.01127,0.25631,-0.96653,-0.13536,0.95406,-0.26731,0.16111,-0.05612,-0.98534,-0.08083,0.96873,-0.23459
1.0,-0.02573,0.96158,-0.2733,0.49823,0.54425,0.5347,-0.01168,-0.84496,-0.09119,0.98678,-0.13401,-0.72952,0.49828,-0.46853,0.81615,-2.17003,-0.99989,-0.54296,0.20962,-0.81318,-0.15392,0.94022,-0.30381,0.39218,0.05238,-0.9184,-0.14423,0.93412,-0.32653,0.25917,-0.03758,-0.9651,-0.1382,0.93662,-0.32193,0.14902,0.02256,-0.98858,-0.11094,0.95176,-0.28608,0.13777,-0.07511,-0.98761,-0.06781,0.96901,-0.23754
1.0,-0.06758,0.9596,-0.27312,0.64655,1,0.40695,0.41103,-0.81575,-0.09327,0.97805,-0.18635,-0.9118,0.12904,-0.38984,0.31966,-1.71139,-1.16677,-0.6395,0.41374,-0.64797,-0.12121,0.9384,-0.32358,0.79362,0.32172,-0.51639,-0.08118,0.9327,-0.3514,0.82053,0.14745,-0.55227,-0.0699,0.93513,-0.34734,0.72982,0.08338,-0.67854,-0.06964,0.94998,-0.30445,0.34183,0.12656,-0.9312,-0.0838,0.96294,-0.25638
1.0,-0.06285,0.9441,-0.3236,0.53158,1,0.2586,0.44165,-0.85911,-0.06419,0.972,-0.22604,-0.9368,-0.1023,-0.33457,-0.29673,-1.46203,-1.22777,-0.68944,0.50084,-0.5233,-0.08507,0.94016,-0.32995,0.93599,0.32734,-0.12948,-0.01214,0.93135,-0.36393,0.96432,0.20153,-0.17166,-0.00885,0.93743,-0.34807,0.91368,0.09754,-0.39455,-0.02341,0.94535,-0.32523,-0.03739,0.22206,-0.97431,-0.14093,0.94458,-0.2965
1.0,-0.0301,0.92868,-0.36966,0.61484,0.84393,0.24839,0.41804,-0.87381,-0.02625,0.96092,-0.27558,-0.92189,-0.17489,-0.34573,-0.46832,-1.38332,-1.21201,-0.71176,0.30079,-0.63476,-0.05002,0.9129,-0.4051,0.9454,0.31829,-0.07003,0.04415,0.91083,-0.41042,0.96896,0.23493,-0.07703,0.04484,0.91941,-0.39074,0.94727,0.12613,-0.29457,0.01997,0.92867,-0.37037,0.13021,0.12964,-0.98297,-0.10385,0.92768,-0.35864
1.0,0.02976,0.9106,-0.41222,1,0.96767,0.25244,0.48116,-0.8395,0.04106,0.94103,-0.33582,-0.94028,-0.08276,-0.33018,-0.24559,-1.48301,-1.2331,-0.66415,0.25644,-0.70224,0.01759,0.8771,-0.47998,0.91384,0.39333,-0.10091,0.08265,0.89203,-0.44435,0.9612,0.22584,-0.15838,0.09032,0.89272,-0.44146,0.90346,0.16394,-0.39609,0.06151,0.905,-0.42094,0.63936,0.06479,-0.76617,0.01813,0.91919,-0.39339
1.0,0.10753,0.87688,-0.46853,1,0.89699,0.47864,0.3736,-0.79456,0.07608,0.92152,-0.38079,-0.87578,0.13868,-0.46236,0.29141,-1.72784,-1.08505,-0.44583,0.50585,-0.73848,0.10329,0.84096,-0.53114,0.9829,0.00094,0.18414,0.16674,0.84922,-0.50103,0.97582,-0.0633,0.20921,0.18237,0.86135,-0.47415,0.97952,-0.15786,0.12502,0.1841,0.87971,-0.43843,0.96851,-0.24245,-0.05672,0.16139,0.89751,-0.4104
1.0,0.23578,0.83375,-0.49927,1,0.82778,0.66936,0.23677,-0.7042,0.18589,0.8813,-0.43447,-0.74286,0.19897,-0.6392,0.30177,-1.83249,-0.86026,-0.19944,0.63535,-0.74603,0.24541,0.8093,-0.53367,0.90962,-0.04454,0.41304,0.30386,0.79868,-0.5194,0.90619,-0.20048,0.37232,0.30948,0.8092,-0.49941,0.90586,-0.27054,0.32591,0.30558,0.83381,-0.45976,0.88042,-0.42868,0.20272,0.2802,0.85602,-0.43442
1.0,0.36035,0.79615,-0.4861,1,1,0.7932,0.27626,-0.54269,0.31969,0.83455,-0.44869,-0.60158,0.21715,-0.76873,0.2753,-1.9172,-0.66401,-0.1254,0.63846,-0.75937,0.35902,0.77088,-0.52617,0.99381,0.09874,0.05087,0.38952,0.74519,-0.54126,0.85167,-0.09619,0.51518,0.42857,0.76964,-0.47326,0.91382,-0.23764,0.32935,0.40362,0.7924,-0.45738,0.91622,-0.39877,0.03911,0.37679,0.81405,-0.44199
1.0,0.46015,0.77504,-0.43309,0.03596,0.69176,0.83235,0.4045,-0.3789,0.44607,0.79151,-0.41778,-0.46205,0.12886,-0.87744,0.14582,-1.84278,-0.48469,-0.11172,0.45879,-0.88149,0.47489,0.72671,-0.49636,0.21814,0.41262,-0.8844,0.39052,0.73293,-0.55705,0.81028,-0.02322,0.58558,0.52425,0.73835,-0.42427,0.85077,-0.0839,0.5188,0.5065,0.76542,-0.39698,0.91568,-0.27041,0.29735,0.47819,0.78644,-0.39095
1.0,0.48082,0.78365,-0.39332,0,0,0.96997,-0.16061,-0.18265,0.52939,0.78755,-0.31545,-0.01878,0.69927,-0.71461,0.77455,-3.11475,-0.02627,0.13629,0.19647,-0.97099,0.55461,0.69129,-0.46317,0.28423,0.49517,-0.82098,0.46104,0.75394,-0.46799,0.40292,0.60643,-0.68549,0.47712,0.78302,-0.39904,0.07697,0.64328,-0.76176,0.48195,0.79098,-0.37693,-0.0497,0.69978,-0.71263,0.48845,0.80996,-0.32463
1.0,0.50135,0.7996,-0.33058,0,0,0.89279,-0.25318,-0.37259,0.54457,0.79337,-0.27204,-0.12395,0.65712,-0.74352,0.72379,-2.95516,-0.16518,0.01271,0.11958,-0.99274,0.5589,0.71215,-0.42482,0.10341,0.42172,-0.90081,0.45872,0.77667,-0.43169,0.12735,0.5011,-0.85597,0.45783,0.79628,-0.39538,0.15199,0.6029,-0.78321,0.47615,0.8105,-0.34114,0.16899,0.7779,-0.60524,0.50118,0.82189,-0.27077
1.0,0.46335,0.83167,-0.30598,0.08321,0,0.94716,-0.17459,-0.26906,0.53848,0.81092,-0.22902,-0.13224,0.55169,-0.8235,0.59026,-2.90633,-0.15922,0.06428,-0.04323,-0.997,0.58306,0.7299,-0.35676,0.13705,0.2517,-0.95805,0.47809,0.78305,-0.39784,0.14445,0.4228,-0.89464,0.46728,0.80669,-0.3618,0.14907,0.55053,-0.8214,0.47364,0.82452,-0.30957,0.16154,0.71461,-0.68062,0.48857,0.83778,-0.24376
1.0,0.4828,0.8302,-0.2787,0.05661,0,0.97052,-0.16864,-0.17219,0.53256,0.82296,-0.1978,-0.06182,0.51635,-0.85414,0.54374,-3.02243,-0.07226,0.17459,-0.13194,-0.97576,0.59459,0.74332,-0.30651,0.24869,0.24641,-0.93671,0.4953,0.79058,-0.36009,0.25812,0.38412,-0.88647,0.48197,0.81056,-0.33271,0.26453,0.47684,-0.83824,0.48293,0.82805,-0.28482,0.19478,0.68292,-0.70405,0.48503,0.84673,-0.21861
1.0,0.49762,0.83901,-0.22008,0,0,0.97539,-0.20232,-0.08769,0.522,0.8338,-0.17972,0.00962,0.43632,-0.89974,0.45152,3.11956,0.01069,0.46455,0.12572,-0.87658,0.59308,0.76238,-0.2589,0.34344,0.27973,-0.89655,0.49562,0.80179,-0.33389,0.29727,0.34573,-0.89,0.48116,0.81682,-0.31825,0.34059,0.39372,-0.8538,0.48826,0.82722,-0.27805,0.37486,0.52589,-0.76349,0.49427,0.84152,-0.21802
1.0,0.48681,0.84544,-0.21966,0,0,0.97631,-0.19988,-0.08286,0.52199,0.83405,-0.17857,0.00346,0.39732,-0.91767,0.40859,3.13289,0.00377,0.46331,0.12214,-0.87774,0.59309,0.76343,-0.25577,0.31408,0.29499,-0.9024,0.49446,0.80248,-0.33396,0.25229,0.35223,-0.90127,0.47856,0.81728,-0.32098,0.22166,0.40359,-0.88768,0.48333,0.82768,-0.2852,0.44944,0.4009,-0.7983,0.49633,0.83809,-0.22643
1.0,0.4744,0.84533,-0.24567,0,0,0.97264,-0.20677,-0.10589,0.52543,0.83091,-0.18309,-0.01536,0.39756,-0.91745,0.40891,-3.10296,-0.01675,0.43359,0.03993,-0.90022,0.59867,0.75647,-0.26335,0.25414,0.23122,-0.93912,0.49399,0.79849,-0.34408,0.24409,0.31182,-0.91825,0.47863,0.81509,-0.32639,0.25397,0.38389,-0.88777,0.48259,0.82773,-0.2863,0.27092,0.55478,-0.78665,0.48768,0.84285,-0.22754
1.0,0.47192,0.83563,-0.28108,0.06614,0,0.97317,-0.1629,-0.16248,0.53204,0.8226,-0.20066,-0.08689,0.39369,-0.91513,0.40627,-2.92437,-0.09466,0.29898,-0.05596,-0.95262,0.60279,0.74277,-0.29143,0.15662,0.13697,-0.97812,0.49372,0.78569,-0.37274,0.16148,0.27331,-0.94828,0.47558,0.80612,-0.35213,0.19336,0.36917,-0.90902,0.47891,0.82264,-0.30643,0.1977,0.57284,-0.79547,0.48409,0.84059,-0.24303
1.0,0.46271,0.83078,-0.30935,0.2204,0,0.97233,-0.09889,-0.21167,0.53436,0.81507,-0.22388,-0.15047,0.428,-0.89116,0.44774,-2.80353,-0.16727,0.12594,-0.13891,-0.98226,0.59863,0.73192,-0.32548,0.16175,0.12902,-0.97836,0.49063,0.7763,-0.39578,0.15849,0.3137,-0.9362,0.46931,0.80238,-0.3687,0.17975,0.43904,-0.8803,0.46969,0.82296,-0.31959,0.11369,0.65961,-0.74296,0.47433,0.8433,-0.2527
1.0,0.46789,0.82132,-0.32635,0.129,0,0.95298,-0.16416,-0.25473,0.53742,0.80477,-0.25204,-0.11492,0.58203,-0.80501,0.62601,-2.94666,-0.14179,0.08081,0.01444,-0.99663,0.57962,0.72057,-0.38056,0.16268,0.27358,-0.94799,0.47536,0.77406,-0.41818,0.18386,0.46294,-0.86711,0.46387,0.80091,-0.37864,0.23958,0.5714,-0.78492,0.47446,0.81858,-0.32375,0.22496,0.76598,-0.60222,0.49119,0.83367,-0.25243
1.0,0.43232,0.82575,-0.36226,0.27736,0,0.96581,-0.12478,-0.22727,0.52655,0.80566,-0.2714,-0.09599,0.64218,-0.76052,0.70123,-2.99322,-0.12555,0.12572,0.06942,-0.98963,0.57063,0.71231,-0.40865,0.21629,0.29089,-0.93199,0.46408,0.77156,-0.43512,0.22772,0.47996,-0.84722,0.45097,0.80277,-0.3901,0.23525,0.61365,-0.75372,0.45766,0.82522,-0.331,0.19036,0.79129,-0.58105,0.47227,0.84292,-0.25778
1.0,0.42394,0.82389,-0.37614,0.07097,0,0.96832,-0.13443,-0.21042,0.49889,0.81488,-0.2951,-0.08712,0.60786,-0.78925,0.65629,-2.99924,-0.10994,0.0785,0.04488,-0.9959,0.53685,0.71488,-0.44804,0.17683,0.29596,-0.93869,0.43525,0.76886,-0.46841,0.23327,0.47038,-0.85107,0.42651,0.80026,-0.42151,0.24849,0.5925,-0.76629,0.43516,0.82473,-0.36118,0.20736,0.78426,-0.58476,0.45041,0.8464,-0.28412
1.0,0.49275,0.77167,-0.40215,0,0,0.96372,-0.00113,-0.26693,0.43881,0.82439,-0.35754,-0.23916,0.44046,-0.86533,0.47082,-2.64415,-0.26965,-0.10586,0.03308,-0.99383,0.45931,0.72271,-0.51646,0.13755,0.44589,-0.88446,0.36647,0.76449,-0.53032,0.69544,-0.40559,0.59317,0.51606,0.75988,-0.39529,0.6382,-0.61233,0.46663,0.49625,0.78682,-0.36695,0.851,-0.49759,-0.16797,0.48972,0.79885,-0.34931
1.0,0.32588,0.8101,-0.48739,0,0.68829,0.82032,0.33531,-0.46329,0.29115,0.83943,-0.45889,-0.50585,0.04747,-0.86132,0.05505,-1.66436,-0.53103,-0.04185,0.40757,-0.91222,0.36248,0.76098,-0.53807,0.11816,0.3571,-0.92656,0.23649,0.72505,-0.64682,0.71211,-0.04406,0.70068,0.4058,0.79098,-0.4579,0.73798,-0.20015,0.64446,0.38727,0.81496,-0.43112,0.76418,-0.3967,0.50858,0.34884,0.83545,-0.42466
1.0,0.18884,0.85118,-0.48972,1,0.81919,0.68172,0.46527,-0.56461,0.15438,0.88287,-0.44351,-0.63522,-0.00646,-0.7723,-0.00836,-1.56063,-0.68832,-0.27162,0.3927,-0.87864,0.21258,0.81034,-0.54604,0.78956,0.11425,0.60295,0.27813,0.81942,-0.50119,0.78966,0.04286,0.61204,0.26606,0.84567,-0.46267,0.83705,-0.02412,0.5466,0.24464,0.86961,-0.42887,0.93341,-0.16082,0.32076,0.20559,0.88339,-0.42114
1.0,0.03963,0.89929,-0.43555,1,0.83798,0.49857,0.46938,-0.72877,0.02014,0.93035,-0.36613,-0.83238,0.02451,-0.55367,0.04423,-1.60023,-0.98383,-0.46999,0.29007,-0.83365,0.05747,0.85014,-0.52342,0.94986,0.18019,0.25552,0.1167,0.87899,-0.46234,0.97371,0.06311,0.21889,0.1183,0.89157,-0.43716,0.9879,-0.0262,0.15286,0.10835,0.91106,-0.39779,0.98928,-0.14175,-0.03517,0.07545,0.92507,-0.37222
1.0,-0.03012,0.92808,-0.37116,1,0.88817,0.5065,0.1233,-0.85338,-0.05586,0.95795,-0.28146,-0.86085,0.01613,-0.50861,0.03171,-1.58953,-1.03715,-0.48191,0.25462,-0.83841,-0.03472,0.89977,-0.43499,0.9898,0.05093,0.13306,0.02931,0.91293,-0.40707,0.98703,-0.01832,0.15949,0.04156,0.92105,-0.38723,0.98656,-0.13271,0.0953,0.04271,0.93254,-0.35852,0.94814,-0.29184,-0.12593,0.01431,0.94044,-0.33966
1.0,-0.08236,0.94796,-0.30757,1,0.88057,0.42581,0.27869,-0.86082,-0.10219,0.96987,-0.22114,-0.89904,0.02304,-0.43726,0.05265,-1.59642,-1.11812,-0.62544,0.31953,-0.71185,-0.11316,0.9256,-0.3612,0.96833,0.24643,-0.04015,-0.04135,0.93656,-0.34807,0.99508,0.09601,-0.02447,-0.03183,0.94241,-0.33294,0.98534,-0.05085,-0.16284,-0.03076,0.95088,-0.30804,0.90703,-0.21842,-0.35998,-0.04896,0.959,-0.27915
1.0,-0.12869,0.95309,-0.27395,1,1,0.11237,0.50212,-0.85747,-0.11713,0.97339,-0.19697,-0.85027,-0.39797,-0.34447,-0.85733,-1.13304,-1.18587,-0.79129,0.43905,-0.42555,-0.13589,0.95144,-0.27621,0.74077,0.66746,-0.07592,-0.06873,0.94652,-0.31523,0.84814,0.52958,0.01441,-0.06639,0.95521,-0.28838,0.90101,0.42092,-0.10495,-0.07819,0.96231,-0.26049,0.91156,0.25168,-0.32514,-0.10693,0.96632,-0.23407
1.0,-0.12238,0.95271,-0.27814,1,1,0.1315,0.48352,-0.8654,-0.11705,0.97529,-0.18736,-0.87265,-0.3577,-0.33246,-0.82196,-1.18178,-1.20679,-0.78104,0.45934,-0.42306,-0.13463,0.95475,-0.26521,0.74054,0.66673,-0.0841,-0.06779,0.94784,-0.31147,0.86006,0.51005,0.01211,-0.06262,0.95736,-0.28204,0.92074,0.37837,-0.0952,-0.07242,0.96477,-0.25293,0.91937,0.24145,-0.31058,-0.09823,0.96821,-0.23006
1.0,-0.1082,0.94957,-0.2943,1,1,0.14262,0.47067,-0.87071,-0.10416,0.97518,-0.19536,-0.90146,-0.30147,-0.31062,-0.77046,-1.24806,-1.23897,-0.77402,0.46468,-0.43007,-0.12384,0.95231,-0.27887,0.85036,0.52135,-0.07127,-0.05028,0.94484,-0.32364,0.93378,0.35699,-0.02478,-0.04532,0.95334,-0.29848,0.94863,0.25585,-0.18612,-0.05337,0.96121,-0.27062,0.87996,0.22134,-0.42033,-0.08692,0.96501,-0.24737
1.0,-0.08496,0.94172,-0.3255,1,1,0.18739,0.4156,-0.89004,-0.08213,0.97132,-0.22313,-0.91621,-0.25276,-0.31092,-0.68257,-1.30162,-1.24363,-0.75007,0.33394,-0.57086,-0.10348,0.93585,-0.33687,0.93033,0.36344,-0.04893,-0.01371,0.93469,-0.35519,0.95643,0.29024,-0.03157,-0.01434,0.94321,-0.33188,0.95235,0.22029,-0.21095,-0.0295,0.95209,-0.30438,0.83054,0.10772,-0.54644,-0.07498,0.95586,-0.28411
1.0,-0.01851,0.91725,-0.39788,1,0.75493,0.20595,0.41149,-0.88784,-0.01085,0.95216,-0.3054,-0.90224,-0.27143,-0.33509,-0.68082,-1.27857,-1.21519,-0.70562,0.19777,-0.68043,-0.02346,0.89434,-0.44677,0.89124,0.45351,0.00413,0.07035,0.90261,-0.42468,0.93131,0.36392,-0.01516,0.06531,0.91244,-0.40396,0.94306,0.24474,-0.22524,0.03585,0.92355,-0.38179,0.84652,0.10361,-0.52218,-0.02274,0.93232,-0.36092
1.0,0.0693,0.89129,-0.4481,1,0.87291,0.40232,0.46088,-0.79103,0.04849,0.93015,-0.36396,-0.90464,0.06745,-0.4208,0.15894,-1.64522,-1.13541,-0.55798,0.43283,-0.70804,0.06211,0.85315,-0.51795,0.98452,0.12766,0.1201,0.13231,0.8686,-0.47752,0.99221,0.04336,0.11678,0.14188,0.88006,-0.45318,0.99845,-0.05499,0.008,0.13493,0.89724,-0.42043,0.96974,-0.16111,-0.18344,0.10339,0.91424,-0.39177
1.0,0.20472,0.84584,-0.49259,1,0.75812,0.63576,0.30612,-0.70859,0.15529,0.88853,-0.43174,-0.77143,0.22064,-0.59683,0.3541,-1.84937,-0.91232,-0.25782,0.63113,-0.73158,0.21251,0.81411,-0.54043,0.88984,-0.0774,0.44966,0.27017,0.81165,-0.51792,0.86275,-0.14259,0.4851,0.28311,0.8283,-0.4835,0.88305,-0.27451,0.38063,0.27876,0.84808,-0.45062,0.89561,-0.38576,0.22153,0.24879,0.86926,-0.42718
1.0,0.35398,0.79467,-0.49315,0.11532,1,0.79437,0.2725,-0.54288,0.30685,0.83369,-0.45912,-0.60624,0.29975,-0.73663,0.38646,-2.02998,-0.68861,-0.11735,0.68913,-0.71507,0.34414,0.77269,-0.5334,0.98343,-0.03443,0.17797,0.38399,0.74515,-0.54526,-0.02093,0.4229,-0.90594,0.22368,0.77247,-0.59435,0.97512,-0.15958,-0.15389,0.36366,0.78678,-0.49872,0.89246,-0.28036,-0.35342,0.29098,0.8415,-0.45521
1.0,0.45624,0.75611,-0.46919,1,1,0.82923,0.38307,-0.40698,0.42662,0.79121,-0.43816,-0.50466,0.20026,-0.83977,0.2341,-1.94857,-0.54112,-0.17725,0.58022,-0.79494,0.44568,0.73141,-0.51615,0.95994,0.24026,0.14418,0.46437,0.71693,-0.51998,0.82305,-0.11917,0.55532,0.48242,0.74155,-0.46624,0.87084,-0.18583,0.45508,0.49128,0.76113,-0.42348,0.92637,-0.32097,0.19701,0.46264,0.78408,-0.41375
1.0,0.55466,0.7376,-0.38508,0,0,0.94867,-0.01172,-0.31604,0.50715,0.79284,-0.33793,-0.23181,0.65401,-0.72009,0.73735,-2.80097,-0.31144,-0.07638,0.27082,-0.95959,0.51373,0.70617,-0.48724,0.22812,0.61144,-0.7577,0.4613,0.75349,-0.46846,0.4037,0.57604,-0.71077,0.47054,0.77438,-0.42301,0.73525,0.15413,-0.66005,0.50088,0.7718,-0.39172,0.83974,-0.4735,-0.26575,0.52017,0.78816,-0.32897
1.0,0.45237,0.83026,-0.32562,0,0,0.8499,-0.27516,-0.44939,0.54265,0.78455,-0.30003,-0.12412,0.7243,-0.67823,0.81823,-2.97187,-0.181,0.00727,0.30014,-0.95387,0.53374,0.71322,-0.45436,0.01431,0.59078,-0.8067,0.43582,0.7846,-0.44098,0.01208,0.64874,-0.76092,0.43725,0.8028,-0.40537,0.04163,0.70936,-0.70361,0.45962,0.81396,-0.35527,0.13725,0.78857,-0.59944,0.50384,0.81179,-0.2952
1.0,0.50608,0.80058,-0.32087,0,0,0.86693,-0.2092,-0.4524,0.54827,0.79277,-0.26631,-0.24883,0.60481,-0.7565,0.67442,-2.75128,-0.31777,-0.10457,0.09178,-0.99027,0.55915,0.71945,-0.41199,-0.01544,0.43118,-0.90213,0.4485,0.78583,-0.42583,-0.0008,0.51372,-0.85796,0.44613,0.80335,-0.39445,0.01484,0.59003,-0.80724,0.46358,0.81535,-0.34683,0.0138,0.7654,-0.64341,0.49266,0.82414,-0.27944
1.0,0.48868,0.8165,-0.30744,0.10762,0,0.89284,-0.20075,-0.40317,0.54816,0.80231,-0.23625,-0.22704,0.57248,-0.78785,0.62838,-2.76403,-0.28057,-0.05761,-0.06489,-0.99623,0.58013,0.72265,-0.3758,0.0654,0.25918,-0.96361,0.47301,0.78367,-0.40264,0.09952,0.42917,-0.89772,0.46685,0.80441,-0.36738,0.14184,0.53678,-0.83172,0.48071,0.81764,-0.31682,0.14605,0.73238,-0.66504,0.50027,0.82929,-0.24903
1.0,0.48449,0.8244,-0.29263,0.13609,0,0.91466,-0.1897,-0.35694,0.5465,0.80756,-0.22177,-0.19498,0.56648,-0.80068,0.61574,-2.8101,-0.23887,-0.00374,-0.08121,-0.99669,0.58959,0.72894,-0.34789,0.13178,0.25514,-0.95788,0.48326,0.78721,-0.3831,0.14552,0.43921,-0.88652,0.47496,0.80814,-0.34831,0.20535,0.53445,-0.81987,0.48459,0.82235,-0.29819,0.18646,0.73832,-0.64816,0.50012,0.83445,-0.23147
1.0,0.47107,0.83224,-0.29235,0.20492,0,0.94002,-0.14819,-0.30724,0.54184,0.81196,-0.2171,-0.18636,0.53129,-0.82644,0.57134,-2.80423,-0.22179,0.04553,-0.09447,-0.99449,0.59329,0.73462,-0.32916,0.12309,0.23733,-0.9636,0.48468,0.78925,-0.37706,0.14795,0.4103,-0.89987,0.47238,0.81102,-0.34512,0.17955,0.52365,-0.8328,0.47844,0.82686,-0.29561,0.13834,0.72254,-0.67735,0.49082,0.84007,-0.23102
1.0,0.46997,0.83193,-0.29498,0.21729,0,0.93985,-0.14605,-0.30879,0.54241,0.81126,-0.2183,-0.19256,0.52013,-0.83209,0.55867,-2.78703,-0.22741,0.03565,-0.09974,-0.99437,0.59368,0.73415,-0.3295,0.11293,0.21589,-0.96987,0.4844,0.78767,-0.38069,0.13998,0.39057,-0.90987,0.4712,0.80976,-0.34967,0.17037,0.50622,-0.84541,0.47782,0.82574,-0.29973,0.11524,0.71733,-0.68714,0.4893,0.84003,-0.23437
1.0,0.46518,0.83073,-0.30577,0.24333,0,0.94243,-0.12777,-0.30904,0.54245,0.80987,-0.22329,-0.20163,0.52017,-0.82992,0.55988,-2.77181,-0.23833,0.01355,-0.11965,-0.99272,0.59425,0.73097,-0.33548,0.10854,0.18117,-0.97744,0.48483,0.78389,-0.3879,0.1256,0.373,-0.91929,0.46943,0.80787,-0.35633,0.16133,0.493,-0.85494,0.47554,0.8249,-0.30561,0.11022,0.70044,-0.70515,0.48621,0.84052,-0.23899
1.0,0.47355,0.82342,-0.31261,0.17319,0,0.94347,-0.1342,-0.30307,0.5419,0.80755,-0.23284,-0.18657,0.54075,-0.82023,0.58286,-2.80936,-0.22365,0.01184,-0.09051,-0.99582,0.5899,0.72701,-0.35139,0.11088,0.20609,-0.97223,0.4819,0.78008,-0.39905,0.13658,0.40503,-0.90404,0.46808,0.80501,-0.3645,0.19619,0.5149,-0.8345,0.47682,0.82151,-0.31267,0.16416,0.71847,-0.67591,0.48967,0.83682,-0.24484
1.0,0.46969,0.82013,-0.32677,0.18653,0,0.93217,-0.18478,-0.3113,0.54076,0.80318,-0.24996,-0.14668,0.5934,-0.79143,0.64336,-2.89927,-0.18325,0.01777,-0.00635,-0.99982,0.57718,0.72135,-0.38278,0.11602,0.24682,-0.96209,0.47151,0.77673,-0.41758,0.16552,0.43682,-0.88419,0.46372,0.8016,-0.37737,0.2383,0.53387,-0.81129,0.47796,0.81662,-0.32355,0.22128,0.74289,-0.63178,0.49601,0.83075,-0.25266
1.0,0.44497,0.82615,-0.34567,0.2661,0,0.93648,-0.18298,-0.2992,0.53507,0.80216,-0.26503,-0.12077,0.63269,-0.76493,0.69106,-2.95298,-0.15659,0.03872,0.058,-0.99757,0.56664,0.71725,-0.40556,0.14951,0.26567,-0.9524,0.46232,0.77412,-0.43244,0.18917,0.46132,-0.86683,0.45489,0.80191,-0.38732,0.23557,0.57869,-0.78078,0.46835,0.81977,-0.32958,0.22372,0.76869,-0.59922,0.48783,0.83451,-0.25615
1.0,0.42485,0.82626,-0.36986,0.29175,0,0.97046,-0.11014,-0.21464,0.52072,0.80774,-0.27642,-0.09149,0.65523,-0.74987,0.71815,-3.00286,-0.1214,0.11752,0.10509,-0.9875,0.56226,0.71297,-0.41896,0.2194,0.30652,-0.92623,0.45627,0.77191,-0.44268,0.25037,0.48415,-0.8384,0.44582,0.80316,-0.39521,0.27071,0.61189,-0.74317,0.45357,0.82639,-0.33371,0.20312,0.79233,-0.57529,0.46533,0.84637,-0.25906
1.0,0.5177,0.77919,-0.35335,0,0,0.95557,-0.13985,-0.25946,0.48213,0.81872,-0.31185,-0.13877,0.56315,-0.81462,0.60487,-2.89999,-0.16873,0.08111,0.10439,-0.99122,0.51757,0.71956,-0.46297,0.13673,0.38952,-0.91081,0.4112,0.77215,-0.48446,0.21929,0.50172,-0.83677,0.41081,0.79886,-0.43939,0.22177,0.5644,-0.79516,0.42247,0.81988,-0.38641,0.15741,0.74143,-0.65231,0.45678,0.84717,-0.27138
1.0,0.42683,0.79338,-0.43401,0,0.56749,0.893,0.35107,-0.2816,0.40049,0.81118,-0.42614,-0.34828,0.14276,-0.92646,0.15289,-1.95981,-0.35958,0.07067,0.34521,-0.93586,0.46184,0.72989,-0.50395,0.07076,0.36935,-0.92659,0.37141,0.71912,-0.58729,0.67456,-0.08923,0.73281,0.50396,0.7594,-0.41151,0.709,-0.23185,0.66601,0.48463,0.78444,-0.38703,0.76788,-0.41117,0.49123,0.4519,0.8063,-0.38167
1.0,0.32718,0.80757,-0.4907,1,0.78678,0.84041,0.31241,-0.44284,0.28233,0.84496,-0.45424,-0.49529,0.11107,-0.8616,0.1282,-1.79139,-0.52172,-0.01453,0.47649,-0.87906,0.35698,0.76726,-0.53281,0.64976,-0.02514,0.75973,0.40724,0.77582,-0.48194,0.65855,-0.09506,0.74651,0.40032,0.79844,-0.44971,0.69188,-0.24709,0.67841,0.38004,0.82181,-0.42451,0.74305,-0.35365,0.56816,0.3435,0.84402,-0.41187
1.0,0.18799,0.85859,-0.47696,1,0.80053,0.62265,0.61293,-0.48643,0.16694,0.87928,-0.4461,-0.57801,-0.05875,-0.81391,-0.07206,-1.4695,-0.61752,-0.25682,0.3892,-0.88463,0.23171,0.81109,-0.53707,0.61174,0.25587,0.74853,0.27683,0.83674,-0.47248,0.71465,0.24068,0.65678,0.26324,0.85334,-0.45002,0.84685,0.15311,0.50931,0.23336,0.87122,-0.43188,0.9251,0.02311,0.37902,0.20306,0.88984,-0.4086
1.0,0.05509,0.89755,-0.43746,1,0.76363,0.52507,0.4859,-0.69872,0.03346,0.92832,-0.37027,-0.8018,0.00718,-0.59754,0.01202,-1.57975,-0.93034,-0.42481,0.19464,-0.88411,0.08257,0.83835,-0.53884,0.91985,0.20087,0.33694,0.12895,0.87836,-0.46028,0.93383,0.11525,0.33864,0.12906,0.89335,-0.43042,0.96644,0.0076,0.25678,0.11604,0.91201,-0.39342,0.99098,-0.1013,0.0877,0.08409,0.92663,-0.36646
1.0,-0.01159,0.92559,-0.37834,1,0.89103,0.52353,0.29469,-0.79942,-0.03774,0.95263,-0.30179,-0.83181,-0.02629,-0.55444,-0.04739,-1.5392,-0.98288,-0.47199,0.24273,-0.84753,-0.00848,0.88754,-0.46064,0.9548,0.25749,0.1485,0.0579,0.9065,-0.41822,0.97513,0.12496,0.18303,0.06774,0.91645,-0.39437,0.99466,-0.01536,0.10204,0.06165,0.93003,-0.36228,0.9915,-0.12397,-0.03953,0.03207,0.94158,-0.33527
1.0,-0.05843,0.94387,-0.3251,1,0.87318,0.54535,0.19297,-0.81569,-0.09322,0.96727,-0.236,-0.8376,0.16262,-0.52152,0.30227,-1.76256,-1.01389,-0.4828,0.28798,-0.82703,-0.08632,0.91277,-0.39924,0.9837,-0.02,0.1787,-0.02231,0.93412,-0.35626,0.96868,-0.12201,0.21629,-0.00497,0.94241,-0.33442,0.96013,-0.24228,0.13947,0.00259,0.95275,-0.30376,0.94415,-0.32934,0.01085,-0.01148,0.9608,-0.27699
1.0,-0.08399,0.94936,-0.30276,1,0.87814,0.4266,0.29997,-0.85324,-0.10513,0.97068,-0.21617,-0.90029,0.05053,-0.43236,0.11635,-1.62687,-1.12308,-0.62509,0.30822,-0.71712,-0.11517,0.92564,-0.36044,0.95862,0.28256,0.03488,-0.04369,0.94022,-0.33775,0.99687,0.07604,0.0214,-0.0299,0.94611,-0.32247,0.99366,-0.07354,-0.08502,-0.03047,0.9553,-0.29407,0.95627,-0.16948,-0.23838,-0.04632,0.96328,-0.26447
1.0,-0.08037,0.9474,-0.30979,1,0.89615,0.3897,0.35225,-0.85091,-0.09812,0.96982,-0.22322,-0.90664,-0.01545,-0.42161,-0.03662,-1.55376,-1.13552,-0.62635,0.40493,-0.66612,-0.10469,0.92964,-0.35329,0.94845,0.30572,-0.08358,-0.04103,0.93506,-0.3521,0.98055,0.1725,-0.09357,-0.03108,0.94204,-0.33406,0.97386,0.03293,-0.22475,-0.03226,0.95208,-0.30415,0.88464,-0.06248,-0.46206,-0.04983,0.9598,-0.27624
1.0,-0.07285,0.9412,-0.3299,1,1,0.27554,0.45491,-0.84684,-0.07794,0.96831,-0.23726,-0.92134,-0.12634,-0.36765,-0.33099,-1.43453,-1.19112,-0.71215,0.41953,-0.56288,-0.09782,0.93106,-0.3515,0.89864,0.42464,-0.11018,-0.02286,0.92918,-0.36892,0.9407,0.28319,-0.18678,-0.0217,0.93487,-0.35434,0.87912,0.19298,-0.43578,-0.03584,0.9451,-0.32482,0.61842,0.09746,-0.77978,-0.07606,0.94958,-0.30415
1.0,-0.03591,0.92766,-0.37169,1,0.77788,0.27596,0.3947,-0.87639,-0.03335,0.95789,-0.2852,-0.92019,-0.1549,-0.35951,-0.40682,-1.40403,-1.19834,-0.71731,0.25092,-0.65001,-0.05238,0.90267,-0.42713,0.94309,0.32581,0.06659,0.03806,0.91316,-0.40582,0.97283,0.2284,0.03782,0.04094,0.92153,-0.38614,0.97898,0.13943,-0.14882,0.02204,0.93171,-0.36252,0.84168,-0.03245,-0.53899,-0.02714,0.93778,-0.34618
1.0,0.01042,0.91032,-0.41378,1,0.86741,0.26822,0.4667,-0.84276,0.0162,0.94277,-0.33306,-0.93905,-0.0686,-0.33685,-0.20089,-1.49788,-1.22638,-0.66902,0.2582,-0.69695,0.01131,0.86979,-0.4933,0.94907,0.31366,0.02977,0.08034,0.8909,-0.44704,0.97999,0.19819,-0.01869,0.08184,0.90088,-0.42628,0.98378,0.09563,-0.15179,0.06844,0.91614,-0.39498,0.92717,-0.03457,-0.37303,0.04191,0.92882,-0.36815
1.0,0.11779,0.87143,-0.47617,1,0.88034,0.50856,0.40721,-0.75865,0.08882,0.91215,-0.40011,-0.85282,0.11686,-0.50896,0.22569,-1.70698,-1.03274,-0.44489,0.46899,-0.76297,0.12006,0.83152,-0.54237,0.96248,0.02271,0.27041,0.18594,0.84464,-0.50201,0.95662,-0.0249,0.29027,0.19658,0.86046,-0.47007,0.97212,-0.14218,0.18647,0.19098,0.8794,-0.4361,0.97165,-0.23604,0.01346,0.16633,0.8969,-0.40976
1.0,0.26621,0.82337,-0.50119,1,0.80222,0.71209,0.3277,-0.62092,0.22373,0.86223,-0.45442,-0.69228,0.18036,-0.69873,0.25261,-1.82566,-0.78076,-0.19591,0.61246,-0.76584,0.28024,0.79305,-0.54087,0.85667,-0.017,0.51558,0.34118,0.78758,-0.51314,0.85201,-0.12141,0.50926,0.34599,0.80304,-0.4852,0.88932,-0.20914,0.40667,0.3308,0.82586,-0.45665,0.90569,-0.36881,0.20905,0.30288,0.84576,-0.43926
1.0,0.39583,0.77651,-0.49025,1,0.8872,0.81696,0.291,-0.4979,0.36017,0.81354,-0.45654,-0.56119,0.20225,-0.8026,0.24686,-1.91671,-0.6102,-0.14183,0.61115,-0.77871,0.39091,0.75348,-0.52864,0.78879,0.09948,0.60656,0.453,0.74218,-0.49392,0.78818,-0.08734,0.60922,0.45977,0.75662,-0.4649,0.83902,-0.22965,0.49327,0.44022,0.77966,-0.44535,0.89999,-0.37883,0.21563,0.41145,0.80015,-0.43642
1.0,0.50153,0.75406,-0.4241,1,0.99761,0.73005,0.53783,-0.42163,0.49796,0.77399,-0.39112,-0.54997,0.09613,-0.82963,0.11536,-1.74384,-0.58539,-0.22389,0.23488,-0.94589,0.52817,0.69147,-0.49286,0.86862,0.33066,0.369,0.52299,0.71694,-0.46096,0.78902,0.11961,0.60261,0.54794,0.73745,-0.39489,0.83549,-0.02903,0.54874,0.53448,0.76031,-0.36913,0.93978,-0.08341,0.33144,0.50128,0.7843,-0.36551
1.0,0.55296,0.74331,-0.37647,0,0,0.91699,-0.12536,-0.37869,0.53387,0.77815,-0.33087,-0.16788,0.73989,-0.65145,0.84887,-2.91847,-0.25221,-0.01819,0.33624,-0.9416,0.52905,0.69874,-0.48152,0.23338,0.58967,-0.77319,0.47151,0.75631,-0.45352,0.34632,0.60396,-0.71784,0.46793,0.78074,-0.41411,0.03326,0.70772,-0.70571,0.47304,0.79254,-0.38486,0.6104,-0.05275,-0.79033,0.52394,0.78355,-0.33398
1.0,0.51732,0.78361,-0.344,0,0,0.82267,-0.24314,-0.5139,0.55308,0.77907,-0.29522,-0.22672,0.68863,-0.68876,0.7853,-2.82353,-0.31801,-0.0595,0.27811,-0.9587,0.54566,0.71245,-0.4412,-0.03487,0.54563,-0.8373,0.44166,0.78361,-0.43691,-0.03266,0.59551,-0.80268,0.44297,0.79889,-0.40689,-0.02761,0.63422,-0.77266,0.46287,0.80802,-0.36449,-0.05019,0.7276,-0.68416,0.4951,0.81208,-0.30887
1.0,0.52201,0.79249,-0.3154,0,0,0.84287,-0.18869,-0.50396,0.55112,0.79303,-0.25957,-0.28685,0.63482,-0.71744,0.72438,-2.71719,-0.38036,-0.11644,0.10071,-0.98808,0.56487,0.72375,-0.39636,0.00344,0.42454,-0.9054,0.45779,0.79018,-0.40749,0.04243,0.50539,-0.86185,0.45618,0.80621,-0.37674,0.03143,0.6033,-0.79689,0.47047,0.81785,-0.33133,0.01552,0.79205,-0.61026,0.49844,0.82445,-0.26804
1.0,0.48774,0.82817,-0.27612,0,0,0.8741,-0.21559,-0.43527,0.54702,0.80644,-0.22456,-0.25873,0.55176,-0.79286,0.60798,-2.70311,-0.31543,0.01841,0.01471,-0.99972,0.58519,0.73547,-0.34151,0.02981,0.36811,-0.9293,0.46766,0.80059,-0.37464,0.04066,0.44457,-0.89482,0.4609,0.81529,-0.35054,0.04954,0.51891,-0.85339,0.47292,0.825,-0.30939,-0.18022,0.84228,-0.50802,0.49046,0.83695,-0.24283
1.0,0.47474,0.84486,-0.24662,0,0,0.86542,-0.29235,-0.40692,0.54663,0.81021,-0.21157,-0.22026,0.50748,-0.83303,0.54715,-2.73209,-0.2585,0.204,0.16131,-0.96559,0.58926,0.74439,-0.3141,-0.0231,0.38127,-0.92417,0.46389,0.80859,-0.36192,-0.01182,0.42869,-0.90338,0.45964,0.81973,-0.34172,-0.10188,0.58482,-0.80474,0.47147,0.82859,-0.30193,0.0099,0.68704,-0.72655,0.51791,0.81784,-0.25082
1.0,0.47616,0.84381,-0.2475,0,0,0.88637,-0.29839,-0.35399,0.54848,0.81136,-0.20215,-0.17971,0.48291,-0.85703,0.51312,-2.78533,-0.20669,0.22871,0.09828,-0.96852,0.59592,0.74325,-0.30406,0.01461,0.29992,-0.95385,0.47436,0.80446,-0.35752,-0.0167,0.42136,-0.90674,0.46499,0.81993,-0.33392,0.02091,0.48006,-0.87699,0.47919,0.82573,-0.29756,0.0796,0.677,-0.73166,0.5235,0.81655,-0.2433
1.0,0.46083,0.8541,-0.24114,0,0,0.88331,-0.30923,-0.35233,0.54768,0.81225,-0.20076,-0.18035,0.46958,-0.86427,0.4977,-2.7749,-0.20572,0.25127,0.13002,-0.95915,0.59482,0.74507,-0.30178,-0.07338,0.30929,-0.94813,0.46654,0.80897,-0.35764,-0.0612,0.42232,-0.90438,0.45764,0.82405,-0.33392,-0.02145,0.49389,-0.86926,0.47357,0.82942,-0.29631,0.09521,0.6958,-0.7119,0.52129,0.81838,-0.24189
1.0,0.46012,0.85083,-0.25375,0.06486,0,0.89134,-0.27964,-0.35682,0.54752,0.81201,-0.20214,-0.19634,0.47132,-0.85983,0.50142,-2.74689,-0.22449,0.23327,0.10284,-0.96696,0.59708,0.74204,-0.30476,-0.07247,0.23872,-0.96838,0.4689,0.80478,-0.36395,-0.06274,0.38547,-0.92058,0.45655,0.82316,-0.33759,-0.02237,0.49316,-0.86965,0.47143,0.8313,-0.29445,0.21093,0.5722,-0.79252,0.51392,0.82317,-0.24141
1.0,0.45756,0.8425,-0.28433,0.2268,0,0.90604,-0.18117,-0.38245,0.54797,0.80941,-0.21114,-0.25705,0.4823,-0.83744,0.52253,-2.65191,-0.29782,0.042,-0.09137,-0.99493,0.60002,0.73299,-0.32048,-0.04795,0.11893,-0.99174,0.47787,0.79299,-0.3779,-0.04924,0.33217,-0.94193,0.45877,0.81708,-0.34916,-0.02118,0.45414,-0.89068,0.46808,0.8301,-0.30305,0.0124,0.65976,-0.75137,0.48919,0.83888,-0.2387
1.0,0.4719,0.82897,-0.30021,0.21998,0,0.91112,-0.15108,-0.38344,0.5475,0.80678,-0.22216,-0.2647,0.49861,-0.82542,0.54341,-2.65356,-0.31032,-0.05349,-0.12277,-0.99099,0.59371,0.73048,-0.33751,0.00587,0.13284,-0.99112,0.48003,0.78531,-0.39097,0.03526,0.32969,-0.94343,0.46504,0.8082,-0.36132,0.08318,0.44919,-0.88956,0.4742,0.82286,-0.31312,0.03813,0.67285,-0.7388,0.48871,0.83683,-0.24672
1.0,0.47261,0.82437,-0.31154,0.17641,0,0.91256,-0.17643,-0.36892,0.54615,0.80396,-0.23529,-0.22241,0.54293,-0.80979,0.59063,-2.7528,-0.26804,-0.05874,-0.09979,-0.99327,0.58565,0.72446,-0.36355,0.03631,0.20546,-0.97799,0.47349,0.78249,-0.40437,0.06701,0.38327,-0.9212,0.46235,0.80533,-0.37105,0.11821,0.50404,-0.85555,0.47356,0.82052,-0.32013,0.12571,0.69579,-0.70715,0.49287,0.83249,-0.25306
1.0,0.47681,0.81693,-0.32446,0.01016,0,0.89712,-0.23425,-0.37456,0.5437,0.79944,-0.25549,-0.1687,0.60194,-0.78052,0.65693,-2.86834,-0.21287,-0.02276,-0.00352,-0.99973,0.57138,0.71697,-0.39934,0.05146,0.31669,-0.94713,0.46141,0.7808,-0.42125,0.08098,0.47578,-0.87583,0.45682,0.80251,-0.38378,0.1352,0.56292,-0.81538,0.47468,0.8147,-0.33307,0.17234,0.73371,-0.65724,0.49814,0.82572,-0.26466
1.0,0.4336,0.82621,-0.35967,0.24982,0,0.93454,-0.16073,-0.31748,0.53,0.80194,-0.27567,-0.14611,0.64019,-0.7542,0.70381,-2.9172,-0.19136,0.05168,0.07705,-0.99569,0.5638,0.71134,-0.41968,0.14453,0.30648,-0.94084,0.45331,0.77418,-0.44176,0.17316,0.47248,-0.86416,0.44519,0.80273,-0.39677,0.20428,0.5827,-0.78659,0.45757,0.82198,-0.33907,0.16761,0.75066,-0.63908,0.47643,0.83764,-0.26716
1.0,0.62133,0.67643,-0.39547,0,0,0.87688,-0.22554,-0.42452,0.47343,0.82209,-0.31626,-0.21637,0.60341,-0.76752,0.66626,-2.7973,-0.27478,-0.05498,0.24003,-0.96921,0.46964,0.74295,-0.47694,-0.00787,0.46507,-0.88524,0.36865,0.7923,-0.48616,0.00849,0.45293,-0.89151,0.37084,0.80534,-0.4625,0.01496,0.55092,-0.83443,0.39042,0.82626,-0.40604,0.06326,0.61371,-0.787,0.43034,0.83581,-0.34093
1.0,0.53434,0.76608,-0.35722,0,0,0.90086,-0.15114,-0.40694,0.42652,0.83478,-0.34817,-0.25938,0.56428,-0.78378,0.62398,-2.71073,-0.31959,-0.13653,0.14326,-0.98022,0.42758,0.74243,-0.51573,0.07119,0.55801,-0.82678,0.32902,0.79652,-0.50725,0.09773,0.56348,-0.82033,0.33227,0.81365,-0.47703,0.0982,0.60115,-0.79308,0.35877,0.82805,-0.43084,0.68231,-0.72781,0.0689,0.48948,0.79344,-0.36175
1.0,0.37769,0.80027,-0.46576,1,1,0.84706,0.3131,-0.42949,0.33859,0.83421,-0.43526,-0.48281,0.1154,-0.86809,0.13216,-1.80541,-0.50758,-0.00954,0.46424,-0.88566,0.40016,0.75845,-0.51442,0.89893,0.13155,0.41788,0.42173,0.7502,-0.50926,0.81851,-0.07143,0.57004,0.44884,0.77129,-0.45129,0.821,-0.18833,0.53898,0.42975,0.80025,-0.41823,0.82982,-0.40571,0.38314,0.3921,0.82408,-0.40884
1.0,0.26192,0.83416,-0.48537,1,0.8557,0.73066,0.46052,-0.50404,0.23059,0.86302,-0.44947,-0.58053,0.0305,-0.81367,0.03746,-1.62328,-0.61971,-0.183,0.49505,-0.84938,0.29427,0.79411,-0.53178,0.69238,0.27711,0.66619,0.35002,0.8066,-0.47631,0.76725,0.12386,0.62928,0.33961,0.82359,-0.45427,0.81945,-0.02527,0.5726,0.317,0.84673,-0.42728,0.91376,-0.13758,0.38225,0.28094,0.8647,-0.41637
1.0,0.08294,0.89597,-0.43631,1,0.81856,0.54085,0.52209,-0.65948,0.06364,0.92412,-0.37676,-0.76069,-0.03098,-0.64838,-0.04774,-1.5301,-0.86494,-0.38218,0.16773,-0.90874,0.12016,0.83232,-0.54111,0.89019,0.31083,0.33309,0.15654,0.87138,-0.46496,0.91938,0.20514,0.33564,0.15098,0.88638,-0.43764,0.95736,0.08593,0.27582,0.13131,0.90707,-0.39997,0.9981,-0.0453,0.04188,0.0992,0.92082,-0.37717
1.0,0.00884,0.92269,-0.38543,1,1,0.51422,0.36486,-0.77618,-0.01459,0.95177,-0.30645,-0.80899,-0.09418,-0.58023,-0.16091,-1.4549,-0.9486,-0.48265,0.14352,-0.86397,0.01363,0.88084,-0.47322,0.92577,0.37258,-0.06429,0.06629,0.89473,-0.44166,0.96692,0.21976,-0.12947,0.06719,0.89985,-0.431,0.93232,0.12524,-0.33925,0.04443,0.91176,-0.40831,0.82775,-0.05834,-0.55805,0.00237,0.92724,-0.37446
