1.0,0.39169,0.83425,-0.38808,1,0.6113,0.06612,0.96971,-0.23513,0.42983,0.82741,-0.36143,0.3703,-0.24266,-0.89666,-0.2643,0.9907,0.39164,0.55421,0.22355,-0.8018,0.51253,0.78791,-0.34134,-0.42711,0.70967,0.5603,0.43282,0.83911,-0.3295,-0.30198,0.54161,0.78451,0.40271,0.85982,-0.31392,-0.1818,0.46434,0.86679,0.36925,0.87227,-0.32063,0.01727,0.47938,0.87744,0.34463,0.87093,-0.3503
1.0,0.39107,0.83424,-0.38873,1,0.61499,0.07039,0.96902,-0.23672,0.42981,0.82744,-0.3614,0.3704,-0.24574,-0.89578,-0.26774,0.98504,0.39209,0.55266,0.22125,-0.8035,0.51243,0.78797,-0.34136,-0.42583,0.71409,0.55565,0.4328,0.83911,-0.32951,-0.30218,0.5493,0.77908,0.40269,0.85983,-0.31391,-0.18347,0.47245,0.86205,0.36923,0.87228,-0.32062,0.01752,0.48666,0.87341,0.34462,0.87093,-0.3503
1.0,0.39288,0.83369,-0.38808,1,0.60372,0.07155,0.96869,-0.23772,0.4298,0.82746,-0.36136,0.36957,-0.24712,-0.89574,-0.26918,0.98142,0.39131,0.5537,0.21932,-0.80331,0.5124,0.78799,-0.34136,-0.42516,0.70127,0.57224,0.43279,0.83912,-0.32949,-0.29899,0.54175,0.78556,0.40268,0.85984,-0.3139,-0.17814,0.46426,0.8676,0.36923,0.87228,-0.32062,0.02112,0.47764,0.8783,0.34463,0.87094,-0.35029
1.0,0.39165,0.83416,-0.38832,1,0.61165,0.07038,0.96985,-0.23331,0.42982,0.82746,-0.36135,0.37072,-0.24257,-0.89651,-0.26424,0.99139,0.3921,0.55358,0.22307,-0.80236,0.51236,0.78802,-0.34135,-0.42312,0.71069,0.56205,0.43278,0.83913,-0.32947,-0.30137,0.54546,0.78208,0.40267,0.85984,-0.3139,-0.18244,0.4679,0.86474,0.36922,0.87229,-0.32062,0.02196,0.48105,0.87642,0.34463,0.87094,-0.35029
1.0,0.39078,0.83411,-0.38929,1,0.62855,0.07248,0.96944,-0.23436,0.42984,0.82743,-0.36139,0.37145,-0.24431,-0.89573,-0.26627,0.98901,0.3931,0.55751,0.22427,-0.79931,0.51235,0.78801,-0.34136,-0.42003,0.73228,0.53605,0.43278,0.83913,-0.32948,-0.30652,0.54884,0.7777,0.40267,0.85984,-0.3139,-0.18855,0.4713,0.86158,0.36921,0.87229,-0.32062,0.00709,0.48684,0.87346,0.34463,0.87094,-0.35029
1.0,0.39351,0.83326,-0.38837,1,0.58548,0.07009,0.96778,-0.24183,0.42987,0.82741,-0.3614,0.37047,-0.25035,-0.89447,-0.2729,0.97654,0.39267,0.55703,0.21892,-0.80112,0.51236,0.78801,-0.34135,-0.42872,0.67988,0.59495,0.43278,0.83915,-0.32945,-0.29535,0.54686,0.7834,0.40268,0.85983,-0.31391,-0.17129,0.47728,0.8619,0.36922,0.87228,-0.32063,0.02502,0.49153,0.8705,0.34464,0.87092,-0.35031
1.0,0.39251,0.83378,-0.38825,1,0.59246,0.06819,0.96895,-0.23765,0.42984,0.82743,-0.36139,0.3699,-0.24578,-0.89597,-0.26774,0.98432,0.39154,0.56056,0.21913,-0.7986,0.51237,0.78802,-0.34133,-0.42362,0.69203,0.58451,0.43278,0.83915,-0.32943,-0.29774,0.54028,0.78705,0.40267,0.85983,-0.31392,-0.17376,0.4688,0.86604,0.36922,0.87227,-0.32065,0.02347,0.48203,0.87584,0.34464,0.87092,-0.35032
1.0,0.39175,0.83372,-0.38915,1,0.59548,0.0691,0.96798,-0.24133,0.42977,0.82745,-0.36141,0.36952,-0.24953,-0.89509,-0.27188,0.97685,0.39152,0.558,0.21721,-0.80091,0.51241,0.78799,-0.34134,-0.43305,0.69905,0.56903,0.43276,0.83917,-0.32941,-0.30639,0.54252,0.78217,0.40265,0.85984,-0.31393,-0.18598,0.46947,0.86314,0.3692,0.87228,-0.32066,0.00597,0.48802,0.87281,0.34462,0.87092,-0.35034
1.0,0.39002,0.83426,-0.38974,1,0.63077,0.07118,0.96858,-0.2383,0.42977,0.82745,-0.36142,0.37219,-0.24744,-0.89457,-0.26986,0.98406,0.39427,0.55785,0.22615,-0.79854,0.51239,0.78801,-0.34133,-0.42566,0.73206,0.53189,0.43275,0.83918,-0.32942,-0.31168,0.55094,0.77416,0.40263,0.85984,-0.31394,-0.19507,0.47224,0.85962,0.36917,0.87228,-0.32067,-0.00274,0.48965,0.87192,0.34458,0.87093,-0.35035
1.0,0.39085,0.83433,-0.38875,1,0.62881,0.07145,0.96897,-0.23661,0.42981,0.82745,-0.36139,0.37446,-0.24592,-0.89404,-0.26843,0.9897,0.39664,0.5536,0.2276,-0.80108,0.51233,0.78805,-0.3413,-0.42822,0.71938,0.54692,0.43274,0.83917,-0.32942,-0.3058,0.5503,0.77696,0.40263,0.85985,-0.31393,-0.18821,0.4705,0.86209,0.36917,0.87229,-0.32066,0.00658,0.4857,0.8741,0.34458,0.87093,-0.35034
1.0,0.39223,0.83405,-0.38797,1,0.60954,0.07256,0.96866,-0.23755,0.42981,0.82746,-0.36135,0.37154,-0.24728,-0.89488,-0.2696,0.98356,0.39353,0.55942,0.21835,-0.79961,0.5123,0.78809,-0.34128,-0.42251,0.71147,0.56152,0.43274,0.83918,-0.3294,-0.29979,0.54343,0.7841,0.40263,0.85985,-0.31392,-0.17935,0.46412,0.86743,0.36917,0.87229,-0.32065,0.01941,0.4771,0.87863,0.34459,0.87094,-0.35033
1.0,0.39223,0.83386,-0.38837,1,0.59438,0.07043,0.96845,-0.23903,0.42976,0.8275,-0.36132,0.36973,-0.24791,-0.89546,-0.27008,0.98013,0.39157,0.56275,0.21493,-0.7982,0.51232,0.78807,-0.34127,-0.427,0.70666,0.56419,0.43273,0.8392,-0.32939,-0.30442,0.53834,0.78582,0.40262,0.85986,-0.31391,-0.18383,0.46245,0.86738,0.36916,0.8723,-0.32064,0.0097,0.47903,0.87774,0.34458,0.87094,-0.35031
1.0,0.39269,0.83352,-0.38864,1,0.57959,0.07118,0.9674,-0.24306,0.42972,0.82753,-0.3613,0.36693,-0.25198,-0.89547,-0.2743,0.96903,0.38889,0.56135,0.21204,-0.79996,0.51247,0.78798,-0.34127,-0.42967,0.69327,0.57858,0.43271,0.83921,-0.32936,-0.30223,0.54111,0.78476,0.40261,0.85986,-0.31391,-0.18068,0.46835,0.86487,0.36916,0.8723,-0.32064,0.01055,0.48555,0.87414,0.34457,0.87095,-0.35031
1.0,0.39217,0.83398,-0.38817,1,0.59579,0.06865,0.96828,-0.24027,0.42973,0.82755,-0.36123,0.36914,-0.2484,-0.89557,-0.27056,0.97848,0.39096,0.55767,0.21741,-0.80108,0.51253,0.78795,-0.34124,-0.4301,0.69765,0.57296,0.4327,0.83923,-0.32935,-0.30288,0.5425,0.78355,0.4026,0.85987,-0.31391,-0.18194,0.46765,0.86499,0.36915,0.87231,-0.32064,0.0148,0.48341,0.87527,0.34455,0.87096,-0.35031
1.0,0.39092,0.83443,-0.38847,1,0.60734,0.06541,0.96903,-0.2381,0.42972,0.82759,-0.36116,0.37202,-0.24509,-0.89528,-0.26721,0.98824,0.39382,0.56342,0.22179,-0.79584,0.51256,0.78795,-0.34121,-0.43261,0.71569,0.5483,0.43269,0.83923,-0.32934,-0.31143,0.53995,0.78196,0.40258,0.85989,-0.31388,-0.19232,0.4641,0.86465,0.36913,0.87233,-0.32061,-0.00126,0.48343,0.87538,0.34453,0.87098,-0.35027
1.0,0.39207,0.8342,-0.38779,1,0.60111,0.06839,0.96879,-0.23826,0.42972,0.82763,-0.36107,0.3708,-0.24639,-0.89543,-0.26852,0.98431,0.39261,0.56388,0.21798,-0.79657,0.51258,0.78797,-0.34114,-0.42892,0.70985,0.5587,0.43268,0.83924,-0.32933,-0.30827,0.53499,0.78661,0.40256,0.85991,-0.31386,-0.18791,0.45841,0.86865,0.36911,0.87234,-0.32059,0.00429,0.47562,0.87964,0.34451,0.871,-0.35025
1.0,0.39243,0.83391,-0.38807,1,0.58759,0.06981,0.96855,-0.23882,0.42967,0.82768,-0.36101,0.36948,-0.24749,-0.89568,-0.26959,0.98061,0.39125,0.5681,0.21678,-0.7939,0.51269,0.78793,-0.34104,-0.43051,0.70129,0.5682,0.43267,0.83926,-0.32931,-0.30795,0.53252,0.78841,0.40255,0.85992,-0.31383,-0.18685,0.45933,0.86839,0.36909,0.87236,-0.32056,0.00313,0.47727,0.87875,0.34448,0.87102,-0.35022
1.0,0.39192,0.83413,-0.38811,1,0.60067,0.0686,0.96935,-0.23593,0.42962,0.8277,-0.36102,0.3706,-0.24433,-0.89608,-0.26619,0.98793,0.39215,0.56987,0.21882,-0.79207,0.51278,0.78792,-0.34095,-0.421,0.72115,0.55019,0.43266,0.83926,-0.32931,-0.31156,0.53289,0.78674,0.40253,0.85994,-0.31381,-0.19197,0.45573,0.86917,0.36907,0.87237,-0.32055,0.00286,0.4721,0.88154,0.34445,0.87104,-0.3502
1.0,0.39224,0.83366,-0.3888,1,0.59527,0.06828,0.96754,-0.24334,0.4296,0.82771,-0.36102,0.37157,-0.25102,-0.89383,-0.27379,0.97665,0.39397,0.56275,0.21309,-0.79869,0.5128,0.78793,-0.34089,-0.43276,0.70531,0.56148,0.43265,0.83927,-0.32931,-0.30786,0.54108,0.78259,0.40251,0.85994,-0.31382,-0.18771,0.46591,0.86469,0.36906,0.87238,-0.32056,0.00372,0.48355,0.87531,0.34444,0.87104,-0.35021
1.0,0.3907,0.83463,-0.38827,1,0.61666,0.06801,0.96934,-0.23614,0.42957,0.82774,-0.36101,0.37588,-0.24414,-0.89393,-0.26661,0.99476,0.39804,0.56697,0.21977,-0.79388,0.51281,0.78793,-0.34086,-0.42588,0.72457,0.54187,0.43263,0.83928,-0.32931,-0.31176,0.53685,0.78396,0.4025,0.85995,-0.31381,-0.19341,0.45743,0.86795,0.36904,0.87239,-0.32055,0.00007,0.47346,0.88082,0.34442,0.87105,-0.35021
1.0,0.38948,0.83487,-0.38897,1,0.64523,0.07203,0.96986,-0.23278,0.42956,0.82774,-0.361,0.38019,-0.24247,-0.89256,-0.26525,1.00308,0.40268,0.55674,0.2306,-0.79804,0.51263,0.78807,-0.34082,-0.42888,0.72912,0.53334,0.43263,0.83928,-0.32931,-0.31405,0.54826,0.7751,0.40249,0.85996,-0.3138,-0.19962,0.46714,0.86135,0.36903,0.8724,-0.32054,-0.00868,0.48558,0.87415,0.34441,0.87105,-0.35021
1.0,0.38864,0.83517,-0.38917,1,0.6749,0.07672,0.97056,-0.22831,0.42958,0.82773,-0.36101,0.38045,-0.24016,-0.89307,-0.2627,1.00772,0.40272,0.55817,0.23415,-0.796,0.51247,0.78818,-0.34082,-0.41329,0.75692,0.50622,0.43264,0.83927,-0.32932,-0.30918,0.55253,0.77403,0.40249,0.85997,-0.31378,-0.19508,0.46788,0.86199,0.36902,0.8724,-0.32053,-0.00196,0.48305,0.87559,0.34441,0.87106,-0.3502
1.0,0.38961,0.83464,-0.38934,1,0.66203,0.07521,0.96951,-0.23322,0.42961,0.82771,-0.36102,0.38271,-0.24403,-0.89105,-0.26732,1.00315,0.40568,0.55579,0.23372,-0.79779,0.51227,0.78831,-0.34082,-0.42264,0.74256,0.5196,0.43265,0.83925,-0.32936,-0.30826,0.55991,0.76908,0.40249,0.85997,-0.31376,-0.1936,0.47723,0.85719,0.36902,0.8724,-0.32052,-0.0009,0.4931,0.86997,0.34441,0.87106,-0.3502
1.0,0.38981,0.83419,-0.3901,1,0.65752,0.0772,0.9685,-0.23676,0.42965,0.82768,-0.36104,0.38673,-0.24796,-0.88823,-0.27223,1.00065,0.41064,0.55701,0.23441,-0.79674,0.51211,0.78842,-0.34081,-0.43055,0.73737,0.52049,0.43265,0.83925,-0.32935,-0.31273,0.56692,0.7621,0.40249,0.85997,-0.31376,-0.19947,0.48363,0.85224,0.36902,0.8724,-0.32052,-0.00572,0.49851,0.86687,0.34442,0.87105,-0.35021
1.0,0.38911,0.83455,-0.39003,1,0.68377,0.07594,0.96864,-0.23658,0.42972,0.82764,-0.36104,0.39169,-0.24717,-0.88627,-0.27198,1.00786,0.41614,0.56471,0.23841,-0.79011,0.51198,0.78852,-0.34077,-0.4234,0.76279,0.48876,0.43266,0.83924,-0.32936,-0.321,0.56765,0.75811,0.4025,0.85997,-0.31376,-0.20832,0.48229,0.85088,0.36903,0.8724,-0.32053,-0.01683,0.49726,0.86744,0.34443,0.87104,-0.35022
1.0,0.3901,0.83438,-0.38939,1,0.67625,0.07713,0.96793,-0.2391,0.4298,0.82761,-0.36101,0.39578,-0.24984,-0.88371,-0.27552,1.00771,0.42107,0.56165,0.241,-0.7915,0.51187,0.78861,-0.3407,-0.42806,0.75281,0.50004,0.43268,0.83923,-0.32938,-0.31723,0.57598,0.7534,0.40251,0.85997,-0.31374,-0.20463,0.48969,0.84754,0.36904,0.8724,-0.32052,-0.01108,0.50215,0.86471,0.34446,0.87103,-0.35023
1.0,0.38979,0.83468,-0.38906,1,0.6719,0.07745,0.96648,-0.24477,0.42986,0.82761,-0.36095,0.39843,-0.25506,-0.88102,-0.2818,1.00138,0.42472,0.55513,0.24146,-0.79594,0.51168,0.78878,-0.34059,-0.43585,0.74297,0.50797,0.43268,0.83923,-0.32935,-0.3161,0.58612,0.74602,0.40251,0.85998,-0.31371,-0.2056,0.4971,0.84298,0.36904,0.8724,-0.32049,-0.01053,0.50924,0.86056,0.3445,0.87102,-0.35022
1.0,0.39218,0.83482,-0.38635,1,0.64398,0.07891,0.96598,-0.24629,0.42992,0.82765,-0.36077,0.39756,-0.25706,-0.88083,-0.28395,0.99682,0.42397,0.569,0.23062,-0.78934,0.51153,0.78896,-0.34041,-0.42452,0.73524,0.52839,0.43268,0.83926,-0.3293,-0.31224,0.57254,0.75809,0.40251,0.86,-0.31365,-0.20005,0.48412,0.85182,0.36905,0.87242,-0.32045,-0.00837,0.49302,0.86998,0.34452,0.87102,-0.35018
1.0,0.39417,0.83443,-0.38517,1,0.62882,0.07512,0.96272,-0.25985,0.42997,0.82772,-0.36057,0.40113,-0.26774,-0.87602,-0.29662,0.98224,0.4294,0.57778,0.22261,-0.78525,0.51146,0.7891,-0.34019,-0.42686,0.72553,0.53981,0.43268,0.83929,-0.32921,-0.30989,0.57477,0.75737,0.40252,0.86003,-0.31357,-0.19912,0.49331,0.84676,0.36906,0.87244,-0.32038,-0.02043,0.50749,0.86142,0.34454,0.87104,-0.35012
1.0,0.39462,0.83359,-0.38652,1,0.61707,0.07588,0.95158,-0.29788,0.43,0.82779,-0.36037,0.40787,-0.30223,-0.86157,-0.33738,0.93308,0.44214,0.56636,0.20162,-0.79912,0.51141,0.78925,-0.33993,-0.43506,0.71683,0.54486,0.43268,0.83934,-0.32909,-0.31184,0.61438,0.72477,0.40253,0.86004,-0.31352,-0.20364,0.53979,0.8168,0.36906,0.87245,-0.32034,-0.03794,0.55966,0.82785,0.34454,0.87105,-0.35008
1.0,0.3929,0.83202,-0.39164,1,0.65271,0.0779,0.93501,-0.34597,0.43005,0.82787,-0.36012,0.41706,-0.34576,-0.84054,-0.39026,0.87859,0.46059,0.55212,0.17193,-0.81585,0.51129,0.78935,-0.33986,-0.43183,0.75326,0.4961,0.43267,0.83937,-0.32902,-0.31623,0.66815,0.67348,0.40253,0.86005,-0.31352,-0.21261,0.59595,0.77436,0.36906,0.87245,-0.32034,-0.06163,0.61842,0.78343,0.34453,0.87106,-0.35009
1.0,0.39465,0.82972,-0.39474,1,0.67532,0.06921,0.91354,-0.40083,0.43019,0.82814,-0.35934,0.42068,-0.39104,-0.8186,-0.44565,0.82189,0.4747,0.56938,0.11822,-0.81353,0.51103,0.78951,-0.33987,-0.40896,0.80565,0.42858,0.43266,0.83939,-0.32899,-0.31291,0.70043,0.64148,0.40252,0.86003,-0.31356,-0.20958,0.62776,0.74966,0.36904,0.87244,-0.3204,-0.07423,0.64984,0.75644,0.34448,0.87104,-0.35018
1.0,0.40001,0.82579,-0.39757,1,0.65152,0.06048,0.8745,-0.48124,0.43036,0.82883,-0.35754,0.43486,-0.45705,-0.77589,-0.53234,0.76053,0.51085,0.60049,0.04792,-0.7982,0.51101,0.78954,-0.33984,-0.41782,0.8298,0.36994,0.43267,0.83936,-0.32906,-0.3427,0.7435,0.57425,0.4025,0.86001,-0.31365,-0.23583,0.69209,0.6822,0.36902,0.8724,-0.32053,-0.11673,0.72382,0.68004,0.34439,0.87097,-0.35044
1.0,0.41245,0.81589,-0.40523,1,0.62045,0.11512,0.74855,-0.653,0.43062,0.82941,-0.35588,0.43044,-0.63004,-0.64635,-0.77262,0.59935,0.5875,0.58115,-0.14741,-0.80033,0.51262,0.78784,-0.34136,-0.41363,0.85197,0.32103,0.43299,0.83899,-0.32956,-0.34788,0.85569,0.38312,0.40255,0.85981,-0.31413,-0.23244,0.85051,0.47181,0.36903,0.87229,-0.32083,-0.10552,0.87688,0.46899,0.34441,0.87069,-0.35111
1.0,0.41865,0.81104,-0.40859,1,0.61893,0.16773,0.66442,-0.7283,0.4307,0.82976,-0.35495,0.43302,-0.71334,-0.55104,-0.91306,0.54557,0.66603,0.5869,-0.2521,-0.76941,0.51546,0.78406,-0.34576,-0.41869,0.88659,0.19662,0.43341,0.83855,-0.33013,-0.33023,0.91186,0.24383,0.40272,0.85937,-0.31513,-0.20459,0.92203,0.32864,0.36912,0.87202,-0.32145,-0.07676,0.94132,0.32866,0.3446,0.87018,-0.3522
1.0,0.42651,0.8094,-0.40368,1,0.6397,0.19774,0.61713,-0.76161,0.43072,0.83001,-0.35435,0.43273,-0.7521,-0.49708,-0.98678,0.5221,0.7163,0.56624,-0.31554,-0.76145,0.51801,0.78149,-0.34775,-0.41307,0.88609,0.21028,0.43402,0.83811,-0.33045,-0.33594,0.91063,0.24063,0.40347,0.858,-0.31789,-0.21045,0.92695,0.3106,0.36976,0.87066,-0.32439,-0.06757,0.94864,0.30906,0.34552,0.86847,-0.35549
1.0,0.42504,0.8094,-0.40523,1,0.65724,0.21411,0.59922,-0.77143,0.43066,0.83071,-0.35277,0.4309,-0.76669,-0.47594,-1.01524,0.51203,0.73577,0.54897,-0.33468,-0.76591,0.51916,0.77964,-0.35018,-0.40619,0.89728,0.17294,0.43493,0.83751,-0.33079,-0.3129,0.92636,0.20966,0.40475,0.85583,-0.32206,-0.18125,0.94455,0.27382,0.37073,0.86873,-0.32842,-0.02855,0.96057,0.27658,0.34682,0.86629,-0.35954
1.0,0.40443,0.81705,-0.41093,1,0.70687,0.17418,0.63269,-0.75457,0.4293,0.83325,-0.34843,0.40402,-0.74473,-0.53118,-0.95123,0.49707,0.65026,0.49641,-0.29943,-0.81481,0.51576,0.77994,-0.35453,-0.37365,0.91732,0.1375,0.43465,0.83702,-0.33237,-0.23431,0.95511,0.18131,0.40497,0.85369,-0.32743,-0.07868,0.9718,0.2223,0.37095,0.86681,-0.33321,0.12356,0.96743,0.22095,0.34722,0.86434,-0.36381
1.0,0.36271,0.83188,-0.42003,1,0.81699,0.10237,0.70068,-0.70609,0.41735,0.84298,-0.33941,0.37292,-0.68509,-0.62577,-0.83062,0.49849,0.53743,0.4282,-0.20353,-0.88047,0.48327,0.79055,-0.37613,-0.33455,0.939,0.07968,0.42417,0.83847,-0.34211,-0.15302,0.97165,0.18022,0.39658,0.85108,-0.34407,0.01304,0.98116,0.19278,0.36309,0.86338,-0.35036,0.25368,0.9561,0.14672,0.33855,0.8621,-0.37706
1.0,0.32096,0.84592,-0.42591,1,0.90719,0.06772,0.76927,-0.63532,0.38567,0.85865,-0.33761,0.33939,-0.61657,-0.71039,-0.71481,0.50319,0.4457,0.44477,-0.12358,-0.88708,0.45453,0.80324,-0.38497,-0.2855,0.95834,0.00793,0.39679,0.84336,-0.36236,-0.1085,0.98189,0.15532,0.36521,0.8541,-0.37032,0.03498,0.97948,0.19847,0.32684,0.86668,-0.37689,0.27167,0.94611,0.17624,0.29984,0.86924,-0.39309
1.0,0.30207,0.85579,-0.41997,0.83868,1,0.18372,0.85059,-0.4927,0.36303,0.86659,-0.34239,0.33262,-0.52545,-0.78311,-0.59099,0.56435,0.40166,0.43621,-0.00774,-0.89981,0.44189,0.80979,-0.38598,0.07526,0.94246,-0.32573,0.39666,0.83383,-0.3839,0.25068,0.929,-0.27226,0.36622,0.84297,-0.39405,0.29908,0.94312,-0.14517,0.32264,0.86044,-0.3944,0.45166,0.89006,0.06172,0.29113,0.86823,-0.40176
1.0,0.32711,0.85536,-0.4017,0.44707,0.87887,0.11249,0.90529,-0.40963,0.36607,0.86375,-0.34631,0.37923,-0.42015,-0.82441,-0.47133,0.73425,0.43113,0.3051,0.15013,-0.94041,0.41066,0.82384,-0.39071,0.18668,0.8312,-0.52369,0.42627,0.80068,-0.42095,0.29306,0.80661,-0.51332,0.38454,0.81467,-0.4341,0.31483,0.84505,-0.43217,0.33232,0.84339,-0.4222,0.41137,0.91007,-0.05054,0.29903,0.86031,-0.41285
1.0,0.33008,0.85721,-0.39526,0.39405,0.69466,0.05251,0.95275,-0.29919,0.38445,0.85544,-0.34701,0.40857,-0.29387,-0.86412,-0.32781,0.94726,0.44167,0.30582,0.26459,-0.91458,0.41498,0.82718,-0.37889,0.17938,0.8396,-0.51273,0.44872,0.78399,-0.42895,0.2672,0.83497,-0.48107,0.40344,0.79483,-0.45329,0.2745,0.88426,-0.3778,0.34562,0.82838,-0.44083,0.34871,0.93693,0.02359,0.31041,0.85573,-0.41397
1.0,0.32742,0.85724,-0.39742,0.57686,0.4848,0.01885,0.97393,-0.22607,0.40879,0.84486,-0.3451,0.42016,-0.21289,-0.88212,-0.23681,1.10182,0.44452,0.53007,0.31755,-0.78625,0.46739,0.81718,-0.33727,0.15638,0.85396,-0.49628,0.4671,0.77447,-0.42663,0.24473,0.87795,-0.41148,0.42492,0.7831,-0.4541,0.24384,0.92291,-0.29796,0.36411,0.81642,-0.4482,0.34047,0.93491,-0.10012,0.32885,0.84401,-0.42367
1.0,0.32717,0.85867,-0.39453,0.55147,0.42414,0.02047,0.97699,-0.21232,0.41988,0.83979,-0.34417,0.40415,-0.20233,-0.89203,-0.22304,1.10665,0.4254,0.54129,0.32355,-0.77609,0.48804,0.8106,-0.32363,0.16779,0.84458,-0.50846,0.47134,0.77238,-0.42575,0.24858,0.87418,-0.41715,0.43251,0.78062,-0.45119,0.24292,0.92551,-0.29056,0.37367,0.81226,-0.44788,0.34188,0.93662,-0.07653,0.33775,0.83924,-0.42616
1.0,0.31245,0.86489,-0.39286,0.46281,0.34881,-0.00175,0.98152,-0.19136,0.42276,0.83786,-0.34534,0.37959,-0.17639,-0.90819,-0.19183,1.1358,0.39589,0.52054,0.33561,-0.78512,0.48665,0.81076,-0.32535,0.15389,0.82322,-0.54646,0.47016,0.77074,-0.43001,0.22803,0.85522,-0.46541,0.43091,0.77887,-0.45571,0.22881,0.90307,-0.36347,0.37441,0.80977,-0.45176,0.32628,0.92819,-0.17892,0.33645,0.83727,-0.43102
1.0,0.31216,0.86649,-0.38956,0.46976,0.45088,0.013,0.98812,-0.1531,0.42232,0.83713,-0.34766,0.36024,-0.14746,-0.92113,-0.15874,1.18226,0.37279,0.50497,0.33994,-0.79338,0.48615,0.80859,-0.33143,0.13831,0.87166,-0.4702,0.46329,0.77212,-0.43496,0.22787,0.88402,-0.40815,0.42393,0.78017,-0.46002,0.23626,0.92156,-0.30807,0.3713,0.80909,-0.45554,0.34034,0.93887,-0.05192,0.33372,0.83824,-0.43126
1.0,0.31694,0.86938,-0.37911,0.3984,0.51941,-0.00453,0.9933,-0.11545,0.42228,0.83638,-0.34949,0.35758,-0.10621,-0.92782,-0.11398,1.28207,0.36785,0.52313,0.36406,-0.77058,0.48829,0.80698,-0.33219,0.10723,0.92119,-0.37405,0.45735,0.77892,-0.42909,0.22573,0.88597,-0.40511,0.42041,0.78337,-0.4578,0.23129,0.91656,-0.32622,0.36953,0.80993,-0.45548,0.32304,0.93736,-0.13036,0.33274,0.8387,-0.43111
1.0,0.32766,0.86673,-0.37605,0.32722,0.77531,-0.01414,0.9935,-0.11299,0.42283,0.83547,-0.35102,0.35951,-0.10039,-0.92773,-0.10779,1.29849,0.3697,0.50343,0.37507,-0.77839,0.48807,0.80773,-0.33069,0.00203,0.98774,-0.15612,0.45173,0.78833,-0.41771,0.20685,0.91414,-0.34865,0.41803,0.78656,-0.4545,0.22369,0.92334,-0.31209,0.36817,0.81108,-0.45454,0.31098,0.93802,-0.15298,0.33168,0.83909,-0.43118
1.0,0.35378,0.85666,-0.37548,0.94581,0.96467,0.03777,0.99691,-0.06884,0.42348,0.83423,-0.35315,0.3535,-0.07776,-0.9322,-0.08322,1.35427,0.36245,0.43466,0.39807,-0.80785,0.48491,0.80607,-0.33928,-0.17719,0.93726,0.30025,0.44718,0.79909,-0.40185,0.05928,0.95874,0.27803,0.4162,0.79665,-0.43832,0.1563,0.94773,0.27817,0.36835,0.81656,-0.44446,0.34273,0.8637,0.36953,0.33163,0.83989,-0.42966
1.0,0.37256,0.8459,-0.38163,1,0.84104,0.0727,0.99286,-0.09456,0.42393,0.83323,-0.35499,0.34267,-0.1139,-0.93253,-0.12154,1.24989,0.35215,0.48043,0.37996,-0.79045,0.48734,0.80423,-0.34016,-0.25132,0.84591,0.4704,0.44397,0.80763,-0.3881,-0.10062,0.73676,0.66863,0.41417,0.81025,-0.41467,0.01156,0.65572,0.75491,0.369,0.82797,-0.42226,0.24585,0.60544,0.75697,0.33269,0.84194,-0.4248
1.0,0.37783,0.84254,-0.38388,1,0.74056,0.10342,0.99076,-0.08772,0.42409,0.83254,-0.35641,0.3227,-0.11684,-0.93926,-0.12376,1.22341,0.33093,0.4943,0.34777,-0.7967,0.49989,0.79436,-0.34511,-0.28739,0.77076,0.56863,0.43952,0.8217,-0.36281,-0.166,0.58096,0.79682,0.41154,0.833,-0.36979,-0.07089,0.4459,0.89227,0.37125,0.8512,-0.371,0.16841,0.43671,0.8837,0.33628,0.84922,-0.40711
1.0,0.37317,0.84451,-0.38413,1,0.76314,0.10478,0.99219,-0.06761,0.42398,0.83196,-0.3579,0.32693,-0.09857,-0.93989,-0.10449,1.27795,0.33474,0.49005,0.35792,-0.79482,0.49836,0.79371,-0.34881,-0.29048,0.75453,0.58847,0.43608,0.83115,-0.34501,-0.16543,0.56206,0.81038,0.4083,0.85033,-0.33201,-0.08435,0.41817,0.90445,0.37116,0.86675,-0.33314,0.14221,0.409,0.90139,0.33994,0.85868,-0.38355
1.0,0.37316,0.84414,-0.38494,1,0.72749,0.10835,0.99131,-0.07454,0.4234,0.83129,-0.36013,0.33525,-0.10703,-0.93603,-0.11385,1.26178,0.34393,0.52086,0.33585,-0.7848,0.49865,0.79339,-0.34912,-0.30175,0.74769,0.59153,0.43316,0.8366,-0.33537,-0.1984,0.52366,0.8285,0.40408,0.859,-0.31437,-0.11529,0.39132,0.913,0.36749,0.87391,-0.31818,0.09693,0.38554,0.91758,0.3404,0.86727,-0.36328
1.0,0.3735,0.84448,-0.38386,1,0.73338,0.10821,0.99132,-0.0747,0.42283,0.83094,-0.36159,0.3404,-0.10754,-0.93411,-0.11462,1.26479,0.34945,0.54639,0.32627,-0.77137,0.49993,0.7931,-0.34795,-0.29054,0.78229,0.551,0.4321,0.838,-0.33324,-0.21761,0.5106,0.83183,0.40171,0.86153,-0.31047,-0.13174,0.38552,0.91325,0.36498,0.87583,-0.31578,0.08214,0.38446,0.91948,0.33917,0.87171,-0.35367
1.0,0.37599,0.84415,-0.38215,1,0.722,0.10876,0.99157,-0.07043,0.42234,0.83072,-0.36268,0.33872,-0.10357,-0.93517,-0.11031,1.27405,0.34751,0.56743,0.31539,-0.76063,0.50217,0.79228,-0.34657,-0.26982,0.80749,0.52456,0.43198,0.83809,-0.33316,-0.22626,0.4802,0.84748,0.40118,0.86216,-0.30941,-0.13335,0.36217,0.92252,0.36451,0.87626,-0.31511,0.07335,0.36046,0.92989,0.33848,0.87352,-0.34985
1.0,0.3743,0.84515,-0.38161,1,0.75881,0.10353,0.99249,-0.06513,0.42193,0.83058,-0.36347,0.34144,-0.09697,-0.93489,-0.10335,1.29408,0.35017,0.56835,0.32288,-0.75679,0.50349,0.79191,-0.3455,-0.25045,0.84067,0.48016,0.43196,0.83802,-0.33335,-0.22856,0.47764,0.8483,0.40083,0.86248,-0.30898,-0.13531,0.36183,0.92237,0.36418,0.87647,-0.31493,0.07059,0.36366,0.92885,0.33801,0.87421,-0.34858
1.0,0.37548,0.84483,-0.38114,1,0.76926,0.10326,0.99266,-0.06291,0.42165,0.83049,-0.36402,0.34531,-0.09509,-0.93366,-0.1015,1.30208,0.35425,0.58044,0.31716,-0.75,0.50422,0.79181,-0.34467,-0.22357,0.87228,0.4349,0.43202,0.83786,-0.33368,-0.23436,0.46867,0.85172,0.4006,0.86266,-0.30876,-0.13849,0.35472,0.92466,0.36399,0.87656,-0.31487,0.06547,0.35625,0.9321,0.33774,0.87453,-0.34804
1.0,0.37525,0.84474,-0.38157,1,0.77956,0.1012,0.99275,-0.06489,0.42136,0.83038,-0.36458,0.34713,-0.09636,-0.93285,-0.10293,1.30002,0.35624,0.58077,0.3193,-0.74883,0.50502,0.79165,-0.34387,-0.21386,0.88356,0.41663,0.43214,0.83763,-0.3341,-0.23513,0.47441,0.84832,0.40047,0.86274,-0.3087,-0.13899,0.3616,0.92191,0.36391,0.87658,-0.31491,0.06602,0.36367,0.92919,0.33759,0.87469,-0.34779
1.0,0.37504,0.84474,-0.38179,1,0.78013,0.10619,0.99236,-0.06283,0.42108,0.83028,-0.36514,0.34425,-0.09597,-0.93396,-0.1024,1.29892,0.35314,0.57783,0.3167,-0.7522,0.50579,0.79129,-0.34357,-0.20812,0.88332,0.42004,0.43228,0.83735,-0.33463,-0.23181,0.47539,0.84869,0.40041,0.86274,-0.30879,-0.13594,0.36193,0.92224,0.36386,0.87657,-0.31501,0.07075,0.36308,0.92907,0.33749,0.87478,-0.34765
1.0,0.37498,0.84472,-0.38188,1,0.78193,0.1062,0.99246,-0.06121,0.42078,0.83017,-0.36574,0.34557,-0.09456,-0.93362,-0.10094,1.3037,0.35451,0.57785,0.31843,-0.75146,0.50613,0.79113,-0.34344,-0.21135,0.8796,0.42618,0.43246,0.83704,-0.33517,-0.23323,0.47435,0.84888,0.40041,0.8627,-0.3089,-0.13915,0.36067,0.92225,0.36383,0.87653,-0.31514,0.06749,0.3627,0.92946,0.33739,0.87489,-0.34748
1.0,0.37528,0.84422,-0.38271,1,0.78329,0.10498,0.9926,-0.06109,0.42054,0.83004,-0.36631,0.35107,-0.09446,-0.93157,-0.10106,1.30795,0.3604,0.57678,0.32056,-0.75138,0.50628,0.79104,-0.34343,-0.21865,0.87652,0.42883,0.43259,0.8368,-0.33561,-0.23497,0.48529,0.84219,0.40041,0.86261,-0.30915,-0.14126,0.37296,0.91703,0.36381,0.87645,-0.31541,0.07352,0.37772,0.923,0.33733,0.87492,-0.34744
1.0,0.37506,0.84433,-0.38266,1,0.81256,0.10373,0.99282,-0.05955,0.42036,0.82991,-0.36681,0.3586,-0.09318,-0.92883,-0.09998,1.31659,0.36845,0.57969,0.33037,-0.74486,0.50637,0.79106,-0.34325,-0.20808,0.8912,0.40308,0.43281,0.83649,-0.33611,-0.24202,0.49249,0.83599,0.40046,0.86252,-0.30933,-0.14907,0.37771,0.91385,0.36383,0.87636,-0.31562,0.06422,0.37882,0.92324,0.33733,0.87493,-0.34743
1.0,0.37556,0.84384,-0.38325,1,0.80202,0.10776,0.99258,-0.05637,0.42026,0.82982,-0.36712,0.36637,-0.09236,-0.92587,-0.09943,1.32384,0.37679,0.59041,0.32476,-0.73889,0.50645,0.79112,-0.34298,-0.2088,0.89096,0.40323,0.43298,0.83626,-0.33643,-0.2535,0.49056,0.83372,0.40048,0.86246,-0.30948,-0.16073,0.37373,0.9135,0.36384,0.87628,-0.31583,0.05337,0.37208,0.92667,0.33735,0.87491,-0.34746
1.0,0.37648,0.84354,-0.38301,1,0.79729,0.11175,0.99243,-0.05083,0.42021,0.82978,-0.36726,0.37069,-0.08909,-0.92447,-0.09608,1.33493,0.38135,0.60088,0.3212,-0.73197,0.50656,0.79112,-0.34281,-0.19952,0.89591,0.3969,0.43317,0.83604,-0.33674,-0.26451,0.47531,0.83911,0.40046,0.86244,-0.30955,-0.17132,0.35376,0.91951,0.36381,0.87624,-0.31597,0.03964,0.35011,0.93587,0.33734,0.8749,-0.34748
1.0,0.37754,0.84334,-0.38241,1,0.75057,0.11529,0.99253,-0.03985,0.42016,0.82973,-0.36744,0.37171,-0.08031,-0.92487,-0.08661,1.35802,0.38214,0.61135,0.30911,-0.72849,0.50707,0.79087,-0.34265,-0.19942,0.88525,0.4202,0.43337,0.83583,-0.337,-0.26581,0.4655,0.84419,0.40047,0.86243,-0.30956,-0.18023,0.33745,0.92393,0.3638,0.87622,-0.31605,0.02516,0.3331,0.94255,0.33734,0.87491,-0.34748
1.0,0.37762,0.84308,-0.38291,1,0.73606,0.11539,0.99251,-0.04019,0.42011,0.82969,-0.36758,0.37697,-0.08119,-0.92266,-0.08777,1.35867,0.38787,0.61423,0.31061,-0.72543,0.50772,0.79052,-0.34248,-0.22016,0.86903,0.44307,0.43347,0.83575,-0.33709,-0.27698,0.46441,0.8412,0.40048,0.86243,-0.30956,-0.19189,0.33592,0.92214,0.36378,0.87622,-0.31609,0.00838,0.33394,0.94256,0.33732,0.87492,-0.34747
1.0,0.3772,0.84307,-0.38336,1,0.76878,0.11612,0.99246,-0.03924,0.42005,0.82961,-0.36784,0.3843,-0.08132,-0.91962,-0.0882,1.36226,0.39583,0.61804,0.32036,-0.71791,0.50815,0.79036,-0.34222,-0.21203,0.88225,0.42034,0.43355,0.83568,-0.33716,-0.28407,0.47244,0.83433,0.40047,0.86243,-0.30957,-0.19721,0.34044,0.91935,0.36374,0.8762,-0.31616,0.00261,0.33784,0.9412,0.33729,0.87492,-0.34749
1.0,0.37532,0.8442,-0.3827,1,0.81646,0.11157,0.99325,-0.03177,0.41996,0.82949,-0.36821,0.3899,-0.07316,-0.91795,-0.07953,1.38532,0.40166,0.61602,0.33591,-0.71252,0.50836,0.79043,-0.34174,-0.18957,0.90326,0.38496,0.43377,0.83549,-0.33736,-0.28057,0.48467,0.82848,0.40046,0.86243,-0.30958,-0.19713,0.34936,0.91602,0.36371,0.87618,-0.31626,0.00887,0.34104,0.94001,0.33728,0.87491,-0.34752
1.0,0.37568,0.84422,-0.3823,1,0.81175,0.11287,0.99325,-0.02681,0.41987,0.82938,-0.36856,0.3905,-0.06915,-0.918,-0.07519,1.39553,0.40219,0.61808,0.33512,-0.71111,0.50856,0.79049,-0.3413,-0.17603,0.91018,0.37494,0.43407,0.83521,-0.33765,-0.27978,0.47882,0.83213,0.40046,0.86244,-0.30955,-0.1978,0.34412,0.91785,0.36368,0.87618,-0.31631,0.01057,0.33606,0.94178,0.33728,0.87491,-0.34753
1.0,0.37615,0.84394,-0.38246,1,0.7885,0.11449,0.99292,-0.03171,0.41979,0.82928,-0.36888,0.38872,-0.07415,-0.91837,-0.08057,1.38229,0.4004,0.61704,0.32771,-0.71545,0.5087,0.79052,-0.34103,-0.19475,0.89614,0.39875,0.43428,0.83503,-0.33783,-0.28173,0.47451,0.83395,0.40046,0.86245,-0.30953,-0.19835,0.34233,0.9184,0.36365,0.87617,-0.31636,0.00658,0.33788,0.94117,0.33728,0.8749,-0.34755
1.0,0.37748,0.84355,-0.382,1,0.74379,0.11906,0.99229,-0.03444,0.41971,0.82922,-0.36911,0.3844,-0.07805,-0.91986,-0.08465,1.37047,0.39583,0.62063,0.31317,-0.71885,0.50891,0.79045,-0.34088,-0.20814,0.87976,0.42743,0.43438,0.83495,-0.3379,-0.28574,0.4555,0.84313,0.40045,0.86246,-0.30951,-0.20071,0.32692,0.92349,0.36363,0.87617,-0.31637,0.0021,0.32621,0.94529,0.33726,0.87491,-0.34755
1.0,0.3777,0.84366,-0.38154,1,0.71733,0.12472,0.99155,-0.03569,0.41958,0.82916,-0.36938,0.37864,-0.08081,-0.92201,-0.08742,1.36053,0.38967,0.61378,0.299,-0.73066,0.50931,0.79021,-0.34085,-0.21245,0.86717,0.45043,0.43446,0.83489,-0.33795,-0.2763,0.44839,0.85006,0.40043,0.86248,-0.30948,-0.18897,0.32109,0.928,0.36361,0.87618,-0.31637,0.01537,0.3226,0.94641,0.33724,0.87492,-0.34754
1.0,0.37755,0.84218,-0.38495,1,0.65039,0.1242,0.99037,-0.06122,0.41942,0.82912,-0.36965,0.38099,-0.10456,-0.91865,-0.11333,1.30294,0.39314,0.6005,0.29428,-0.74351,0.50952,0.79003,-0.34095,-0.31288,0.7766,0.54681,0.43435,0.83505,-0.33769,-0.29518,0.46537,0.83445,0.40039,0.8625,-0.30948,-0.19925,0.34491,0.91724,0.36357,0.8762,-0.31639,-0.01088,0.35848,0.93347,0.33717,0.87494,-0.34756
1.0,0.37388,0.84379,-0.38501,1,0.72007,0.12681,0.98999,-0.0619,0.4193,0.8291,-0.36983,0.37751,-0.10587,-0.91993,-0.11458,1.29737,0.38941,0.57077,0.31423,-0.7586,0.5092,0.79012,-0.34122,-0.29997,0.79142,0.53261,0.43414,0.8353,-0.33733,-0.26753,0.50411,0.82116,0.40032,0.86252,-0.30952,-0.18005,0.37702,0.90854,0.3635,0.87621,-0.31643,0.03378,0.37728,0.92548,0.33711,0.87495,-0.34758
1.0,0.37496,0.84388,-0.38376,1,0.69161,0.12709,0.99048,-0.05296,0.41913,0.82909,-0.37005,0.37075,-0.09696,-0.92366,-0.10459,1.315,0.3817,0.56265,0.30906,-0.76675,0.50862,0.79024,-0.34179,-0.30583,0.76086,0.57233,0.43391,0.8356,-0.33688,-0.26521,0.47866,0.83699,0.40025,0.86256,-0.30952,-0.17274,0.35763,0.91775,0.36343,0.87623,-0.31644,0.04198,0.36008,0.93198,0.33704,0.87498,-0.34758
1.0,0.37564,0.8433,-0.38436,1,0.66946,0.12973,0.99027,-0.0503,0.41896,0.82908,-0.37027,0.36983,-0.0954,-0.92419,-0.10286,1.31835,0.38065,0.55923,0.30928,-0.76916,0.50824,0.79023,-0.34239,-0.32067,0.73435,0.59824,0.43367,0.83591,-0.33644,-0.26844,0.47124,0.84016,0.40019,0.86258,-0.30953,-0.17584,0.35277,0.91904,0.36338,0.87625,-0.31647,0.03867,0.35875,0.93263,0.33698,0.875,-0.3476
1.0,0.37415,0.844,-0.38429,1,0.67766,0.13341,0.99003,-0.04514,0.4188,0.82907,-0.37048,0.36646,-0.0916,-0.92591,-0.09861,1.32586,0.37687,0.54736,0.31054,-0.77715,0.50796,0.79016,-0.34297,-0.31671,0.73528,0.59922,0.43345,0.8362,-0.33599,-0.25743,0.48681,0.83472,0.40014,0.86259,-0.30955,-0.16621,0.36619,0.91558,0.36333,0.87626,-0.31649,0.05217,0.37041,0.9274,0.33694,0.87501,-0.34761
1.0,0.3718,0.84432,-0.38586,1,0.70191,0.13746,0.98956,-0.04338,0.41862,0.82904,-0.37074,0.37065,-0.092,-0.9242,-0.09922,1.3275,0.38141,0.54008,0.32166,-0.77772,0.50759,0.79016,-0.34352,-0.32006,0.74146,0.58974,0.43316,0.83659,-0.33541,-0.25379,0.50986,0.82197,0.40007,0.86261,-0.3096,-0.16287,0.37969,0.91066,0.36326,0.87627,-0.31653,0.05375,0.38297,0.92219,0.33688,0.87502,-0.34764
1.0,0.36656,0.84566,-0.38793,1,0.79872,0.16068,0.98641,-0.03428,0.41825,0.829,-0.37124,0.3883,-0.09511,-0.91661,-0.10339,1.3306,0.40071,0.53089,0.34409,-0.77444,0.50621,0.79059,-0.34457,-0.29689,0.78941,0.5373,0.43297,0.83684,-0.33501,-0.22995,0.57388,0.78599,0.40001,0.86261,-0.30967,-0.15599,0.41314,0.89721,0.36319,0.87628,-0.3166,0.06004,0.41122,0.90956,0.33682,0.87502,-0.34768
1.0,0.36668,0.8456,-0.38795,1,0.91463,0.20793,0.97773,-0.02855,0.4176,0.829,-0.37199,0.41262,-0.11414,-0.90373,-0.12563,1.30093,0.42831,0.53207,0.36565,-0.76367,0.50397,0.79166,-0.34538,-0.28002,0.81238,0.5115,0.43297,0.83705,-0.33449,-0.19431,0.63322,0.74919,0.40011,0.8625,-0.30984,-0.14186,0.45938,0.87684,0.36315,0.87626,-0.3167,0.08432,0.45038,0.88885,0.33677,0.87501,-0.34778
1.0,0.37516,0.84213,-0.38739,1,1,0.28529,0.9584,-0.0089,0.41691,0.829,-0.37275,0.4387,-0.13883,-0.88784,-0.15511,1.26431,0.45894,0.48422,0.40123,-0.77753,0.49684,0.79539,-0.34715,-0.29531,0.77791,0.55466,0.43333,0.83728,-0.33344,-0.1432,0.67603,0.72283,0.40167,0.86161,-0.3103,-0.09922,0.51573,0.85098,0.36378,0.87585,-0.3171,0.13722,0.49523,0.85786,0.33722,0.87464,-0.34827
1.0,0.38707,0.83881,-0.38286,1,1,0.353,0.93511,0.03104,0.41565,0.829,-0.37415,0.44451,-0.13843,-0.88501,-0.15516,1.2689,0.46546,0.4394,0.44664,-0.77938,0.48196,0.80272,-0.35123,-0.28121,0.72282,0.63123,0.43473,0.83758,-0.33085,-0.12524,0.61458,0.77885,0.40504,0.86025,-0.30971,-0.06814,0.48058,0.8743,0.3655,0.87515,-0.31706,0.19549,0.45054,0.87109,0.33932,0.87364,-0.34875
1.0,0.39259,0.83749,-0.38012,1,0.99801,0.38383,0.92241,0.04282,0.4144,0.82903,-0.37547,0.44172,-0.14269,-0.88573,-0.15972,1.25835,0.46261,0.42138,0.46182,-0.78049,0.47144,0.80777,-0.35391,-0.26594,0.70576,0.65664,0.43649,0.8378,-0.32796,-0.10707,0.59577,0.79599,0.40823,0.85909,-0.30873,-0.03002,0.47939,0.87709,0.3676,0.87435,-0.31685,0.23463,0.45033,0.86148,0.34129,0.87274,-0.34907
1.0,0.39442,0.83721,-0.37884,1,1,0.38099,0.92341,0.04642,0.41369,0.82905,-0.37621,0.43982,-0.13685,-0.8876,-0.15297,1.26915,0.46006,0.43326,0.46223,-0.77371,0.46818,0.80949,-0.3543,-0.2457,0.71257,0.65717,0.4381,0.83787,-0.32565,-0.0893,0.59354,0.79983,0.41016,0.85844,-0.30797,-0.02119,0.46571,0.88468,0.3688,0.87393,-0.31658,0.23526,0.43308,0.87011,0.34222,0.87237,-0.34907
1.0,0.4052,0.83118,-0.38073,1,1,0.35889,0.93191,0.05232,0.41296,0.82867,-0.37786,0.45223,-0.12457,-0.88316,-0.14013,1.302,0.47324,0.40077,0.48013,-0.78029,0.4664,0.81032,-0.35475,-0.23061,0.74121,0.63042,0.4412,0.83743,-0.32258,-0.04463,0.64457,0.76325,0.41412,0.85682,-0.30719,0.02745,0.53303,0.84565,0.37194,0.87269,-0.31635,0.30317,0.48996,0.81733,0.34484,0.87127,-0.34925
1.0,0.40174,0.82747,-0.3923,0.64986,1,0.27425,0.95818,-0.0817,0.41354,0.82694,-0.381,0.48232,-0.21055,-0.85032,-0.24273,1.1592,0.51597,0.39764,0.36479,-0.84191,0.46454,0.80974,-0.35849,-0.22797,0.84986,0.47515,0.44331,0.83644,-0.32227,0.03575,0.86687,0.49725,0.41705,0.85453,-0.30958,0.36916,0.9118,0.17983,0.37983,0.86428,-0.32977,0.56154,0.82728,0.01702,0.34887,0.86612,-0.35794
1.0,0.38054,0.83509,-0.39725,0.61633,1,0.22118,0.96818,-0.11711,0.41385,0.82603,-0.38263,0.47804,-0.2123,-0.85229,-0.24412,1.15285,0.51116,0.41943,0.31239,-0.85234,0.46332,0.80868,-0.36244,-0.23913,0.86471,0.4417,0.44369,0.83575,-0.32351,0.08101,0.92347,0.37502,0.41808,0.85301,-0.31239,0.38027,0.92487,-0.00185,0.38613,0.85243,-0.35251,0.50804,0.86029,0.04232,0.35097,0.85744,-0.37632
1.0,0.35393,0.8529,-0.38379,0.4934,1,0.19323,0.98029,-0.04115,0.4116,0.82705,-0.38285,0.45212,-0.12618,-0.88298,-0.14195,1.29863,0.47323,0.44671,0.37064,-0.81429,0.46153,0.80892,-0.3642,-0.14619,0.9094,0.38939,0.44226,0.83537,-0.32644,0.1965,0.94709,0.25379,0.41896,0.85048,-0.31806,0.40115,0.91262,-0.0788,0.38807,0.8403,-0.37856,0.48993,0.8709,-0.03864,0.34536,0.84649,-0.40519
1.0,0.35476,0.84725,-0.39537,1,0.93253,0.17414,0.98123,-0.08283,0.40837,0.82849,-0.38318,0.41341,-0.14919,-0.89824,-0.16459,1.22446,0.43134,0.49267,0.33944,-0.80128,0.46449,0.80768,-0.36318,-0.22077,0.85645,0.46664,0.43474,0.8382,-0.32927,-0.01067,0.83649,0.54787,0.41573,0.84857,-0.32725,0.0888,0.77979,0.61971,0.38058,0.84297,-0.38022,0.31783,0.715,0.62271,0.34046,0.84772,-0.40676
1.0,0.35969,0.84239,-0.40125,1,0.83364,0.182,0.97578,-0.12141,0.40694,0.82899,-0.38363,0.3888,-0.18482,-0.90259,-0.20197,1.12706,0.40674,0.49576,0.29938,-0.81522,0.47112,0.80371,-0.36345,-0.26995,0.82525,0.49608,0.42773,0.84123,-0.33073,-0.06303,0.79503,0.60329,0.4087,0.85047,-0.33114,0.02068,0.70916,0.70474,0.37293,0.85287,-0.36542,0.27914,0.67218,0.68575,0.33984,0.85022,-0.40203
1.0,0.36228,0.84278,-0.39809,1,0.82554,0.18027,0.98027,-0.08104,0.40651,0.82897,-0.38413,0.36214,-0.14274,-0.92113,-0.15374,1.19533,0.37458,0.50399,0.31818,-0.80297,0.47668,0.8,-0.36437,-0.25266,0.81558,0.52056,0.42674,0.84098,-0.33264,-0.11685,0.67314,0.73022,0.40524,0.85225,-0.33083,-0.03682,0.53751,0.84246,0.36742,0.86101,-0.35165,0.22116,0.51568,0.82775,0.3392,0.85307,-0.3965
1.0,0.36065,0.844,-0.39699,1,0.77034,0.16856,0.98433,-0.05179,0.40618,0.82883,-0.38479,0.34918,-0.10877,-0.93072,-0.11633,1.26883,0.35892,0.50639,0.32445,-0.79894,0.48122,0.79698,-0.36503,-0.26013,0.7923,0.5519,0.4263,0.8404,-0.33465,-0.15738,0.59713,0.78655,0.40252,0.85429,-0.32888,-0.08034,0.45465,0.88704,0.36249,0.86786,-0.33973,0.16614,0.44481,0.88008,0.33751,0.85768,-0.3879
1.0,0.36354,0.84326,-0.39592,1,0.68325,0.15854,0.98693,-0.029,0.40584,0.8287,-0.38541,0.34424,-0.08278,-0.93522,-0.08829,1.3348,0.3527,0.50954,0.32635,-0.79615,0.48413,0.7948,-0.36594,-0.30705,0.71688,0.62594,0.42524,0.84073,-0.33518,-0.19393,0.53269,0.82379,0.39936,0.85662,-0.32666,-0.10948,0.39816,0.91076,0.35835,0.87211,-0.33318,0.13408,0.39775,0.90765,0.33517,0.86219,-0.37986
1.0,0.36775,0.84129,-0.39622,1,0.62862,0.1517,0.98792,-0.03172,0.40563,0.82858,-0.38589,0.34673,-0.08324,-0.93427,-0.08886,1.33518,0.35537,0.52039,0.3227,-0.79061,0.48717,0.79289,-0.36604,-0.3407,0.66597,0.66364,0.42427,0.84129,-0.335,-0.2277,0.48674,0.84334,0.3963,0.85861,-0.32517,-0.13514,0.36338,0.92179,0.35598,0.87362,-0.33178,0.09778,0.36959,0.92404,0.33318,0.86492,-0.37537
1.0,0.36912,0.84078,-0.39603,1,0.60648,0.15413,0.98766,-0.02772,0.40537,0.82846,-0.38643,0.34451,-0.08002,-0.93537,-0.08534,1.34258,0.35289,0.51913,0.32007,-0.7925,0.48908,0.79176,-0.36594,-0.35116,0.63705,0.68618,0.42343,0.84182,-0.33474,-0.23554,0.46918,0.85111,0.39408,0.85992,-0.32441,-0.13808,0.35069,0.92626,0.35457,0.87431,-0.33145,0.09685,0.35985,0.92797,0.33163,0.86673,-0.37255
1.0,0.37244,0.83881,-0.39709,1,0.56868,0.15465,0.98689,-0.04612,0.40512,0.82836,-0.38691,0.34749,-0.09803,-0.93255,-0.10474,1.29583,0.35669,0.52446,0.30882,-0.79346,0.49061,0.79086,-0.36584,-0.39146,0.57532,0.71817,0.42259,0.84238,-0.33439,-0.2601,0.44836,0.85518,0.39256,0.8606,-0.32445,-0.15207,0.34536,0.92607,0.35394,0.87447,-0.3317,0.06842,0.36467,0.92862,0.33074,0.86758,-0.37138
1.0,0.3718,0.83888,-0.39755,1,0.57496,0.15926,0.98604,-0.0485,0.4049,0.82829,-0.38729,0.34561,-0.10171,-0.93285,-0.1086,1.2846,0.35481,0.52525,0.3016,-0.79571,0.49127,0.79047,-0.3658,-0.38158,0.59559,0.70688,0.42217,0.84263,-0.33428,-0.25753,0.45184,0.85412,0.39195,0.86083,-0.32457,-0.14973,0.34662,0.92598,0.35365,0.87451,-0.3319,0.07604,0.36319,0.92861,0.33026,0.868,-0.37083
1.0,0.36899,0.83982,-0.39818,1,0.61218,0.16803,0.98453,-0.04975,0.40456,0.82822,-0.3878,0.34814,-0.10648,-0.93138,-0.11383,1.27399,0.35771,0.52976,0.30772,-0.79036,0.49167,0.79024,-0.36575,-0.36662,0.63725,0.67786,0.42195,0.84274,-0.33429,-0.25553,0.46991,0.84492,0.39148,0.86101,-0.32468,-0.14697,0.35615,0.9228,0.35336,0.87457,-0.33206,0.06941,0.37075,0.92614,0.32966,0.8685,-0.37018
1.0,0.36912,0.83904,-0.39971,1,0.6098,0.17814,0.98183,-0.06539,0.40416,0.82819,-0.38827,0.34583,-0.12469,-0.92998,-0.13328,1.22476,0.35602,0.5318,0.29152,-0.79511,0.49206,0.79,-0.36576,-0.36263,0.64297,0.6746,0.42168,0.84283,-0.3344,-0.24894,0.47939,0.84155,0.39125,0.86105,-0.32482,-0.14236,0.37156,0.91743,0.35313,0.87459,-0.33224,0.07903,0.38491,0.91956,0.32929,0.86878,-0.36985
1.0,0.37037,0.83871,-0.39925,1,0.60629,0.17658,0.98176,-0.07049,0.40388,0.82818,-0.38859,0.34501,-0.1288,-0.92972,-0.13766,1.21349,0.35534,0.5257,0.29407,-0.79822,0.49255,0.78971,-0.36573,-0.37345,0.63404,0.67714,0.42148,0.84289,-0.3345,-0.25252,0.4819,0.83905,0.39109,0.86109,-0.32491,-0.14236,0.37506,0.91601,0.35297,0.87461,-0.33237,0.08481,0.3898,0.91698,0.32904,0.86898,-0.3696
1.0,0.36554,0.84155,-0.39772,1,0.69554,0.17569,0.98306,-0.0523,0.40365,0.82817,-0.38883,0.35123,-0.11222,-0.92954,-0.12015,1.26154,0.36127,0.52031,0.32517,-0.78965,0.4927,0.78972,-0.3655,-0.33782,0.70061,0.62851,0.42131,0.84292,-0.33462,-0.24151,0.50544,0.82837,0.39099,0.86114,-0.32489,-0.13881,0.37895,0.91495,0.35291,0.87464,-0.33235,0.08395,0.38696,0.91827,0.3289,0.86912,-0.3694
1.0,0.36685,0.84134,-0.39696,1,0.65682,0.17531,0.98314,-0.05194,0.40334,0.82819,-0.38912,0.35456,-0.11226,-0.92827,-0.12035,1.26416,0.36486,0.53842,0.31182,-0.78286,0.49279,0.78984,-0.36512,-0.34935,0.67705,0.64774,0.42118,0.84294,-0.33475,-0.25463,0.4796,0.83973,0.39092,0.86121,-0.3248,-0.15204,0.35958,0.92065,0.35286,0.87469,-0.33227,0.06386,0.37115,0.92637,0.3288,0.86923,-0.36923
1.0,0.36952,0.84005,-0.39721,1,0.62195,0.19063,0.97917,-0.06986,0.403,0.82825,-0.38935,0.35792,-0.13559,-0.92385,-0.14573,1.20867,0.36962,0.56583,0.27991,-0.77556,0.49336,0.78972,-0.36461,-0.34953,0.6796,0.64496,0.42102,0.843,-0.33481,-0.27018,0.47589,0.83698,0.39084,0.86126,-0.32477,-0.15855,0.36616,0.91694,0.35281,0.87472,-0.33226,0.04286,0.38035,0.92385,0.32869,0.86932,-0.36912
1.0,0.36946,0.84029,-0.39676,1,0.63052,0.19905,0.97597,-0.0887,0.40277,0.82833,-0.38942,0.36506,-0.15784,-0.91751,-0.17037,1.1627,0.37868,0.57436,0.26613,-0.77414,0.4938,0.78964,-0.36418,-0.35132,0.69537,0.62693,0.42095,0.84302,-0.33483,-0.27289,0.49782,0.82323,0.39077,0.86131,-0.32473,-0.16163,0.39073,0.9062,0.35275,0.87476,-0.33222,0.03438,0.4069,0.91282,0.32855,0.86943,-0.36897
1.0,0.36417,0.84426,-0.39319,1,0.71561,0.19535,0.97754,-0.07907,0.40253,0.82846,-0.38938,0.37834,-0.14949,-0.91352,-0.16221,1.19449,0.39265,0.58759,0.28568,-0.75705,0.49405,0.78979,-0.36351,-0.31353,0.75466,0.57636,0.42098,0.84301,-0.33482,-0.27603,0.50967,0.81489,0.39068,0.86139,-0.32461,-0.17161,0.39161,0.90399,0.35265,0.87484,-0.33209,0.01807,0.40297,0.91504,0.32836,0.86961,-0.36873
1.0,0.36414,0.84481,-0.39204,1,0.71087,0.19193,0.97699,-0.09299,0.40233,0.82861,-0.38927,0.38798,-0.16257,-0.90722,-0.17731,1.174,0.40412,0.59555,0.26457,-0.7585,0.49416,0.79002,-0.36286,-0.31324,0.74722,0.58613,0.42098,0.84305,-0.33472,-0.2816,0.50124,0.8182,0.39059,0.86149,-0.32447,-0.18212,0.39491,0.90049,0.35249,0.87498,-0.33191,0.01975,0.41314,0.91045,0.32809,0.86984,-0.36843
1.0,0.36437,0.84484,-0.39178,1,0.70773,0.19724,0.97475,-0.10466,0.40195,0.82889,-0.38906,0.40224,-0.17782,-0.8981,-0.19547,1.15455,0.42109,0.60292,0.24815,-0.75823,0.49424,0.7903,-0.36215,-0.32554,0.73479,0.59506,0.42091,0.84316,-0.33455,-0.28968,0.50856,0.81084,0.39044,0.86161,-0.32432,-0.18914,0.40986,0.89232,0.35224,0.87513,-0.33176,0.01214,0.43166,0.90195,0.32777,0.87007,-0.36816
1.0,0.36536,0.844,-0.39265,1,0.7071,0.19799,0.97172,-0.12865,0.40177,0.82904,-0.38894,0.40861,-0.20112,-0.89027,-0.22218,1.1134,0.43029,0.60583,0.24012,-0.75849,0.49425,0.79065,-0.36139,-0.33647,0.72457,0.60149,0.42079,0.84331,-0.3343,-0.28471,0.53196,0.79747,0.39026,0.86175,-0.32417,-0.18506,0.43712,0.88016,0.35199,0.87528,-0.33164,0.00488,0.45369,0.89114,0.32737,0.87034,-0.36788
1.0,0.36727,0.84277,-0.39351,1,0.67801,0.20455,0.96845,-0.14233,0.40148,0.82928,-0.38873,0.40479,-0.21607,-0.88852,-0.23855,1.08048,0.42748,0.60051,0.22543,-0.76719,0.49428,0.79091,-0.36075,-0.34113,0.6853,0.64343,0.42066,0.84352,-0.33394,-0.27067,0.53673,0.79916,0.39004,0.86192,-0.32399,-0.1647,0.44698,0.87925,0.35171,0.87544,-0.33151,0.02113,0.44922,0.89317,0.32692,0.87065,-0.36755
1.0,0.36862,0.84129,-0.39542,1,0.66707,0.20384,0.96559,-0.1615,0.4011,0.8296,-0.38844,0.40266,-0.23305,-0.88518,-0.25744,1.04612,0.42691,0.59352,0.21248,-0.77627,0.49429,0.79107,-0.36039,-0.3475,0.68043,0.64518,0.4205,0.84378,-0.3335,-0.26713,0.551,0.7906,0.38992,0.862,-0.32391,-0.15905,0.46441,0.87122,0.35157,0.87552,-0.33147,0.02944,0.46181,0.88649,0.32655,0.8709,-0.36728
1.0,0.36914,0.84085,-0.39586,1,0.66032,0.20206,0.96549,-0.1643,0.40081,0.82984,-0.38823,0.40095,-0.23461,-0.88555,-0.25898,1.04139,0.42516,0.5926,0.21206,-0.77708,0.49433,0.79121,-0.36003,-0.35119,0.67536,0.64851,0.4204,0.84392,-0.33327,-0.27081,0.55033,0.78981,0.38984,0.86205,-0.32388,-0.16143,0.46367,0.87118,0.35148,0.87556,-0.33145,0.02902,0.45947,0.88772,0.32628,0.87108,-0.3671
1.0,0.36938,0.84076,-0.39584,1,0.66167,0.20161,0.96633,-0.15989,0.40062,0.83,-0.38808,0.39845,-0.23004,-0.88787,-0.25351,1.04722,0.42183,0.5931,0.20853,-0.77765,0.49437,0.79132,-0.35973,-0.34079,0.68304,0.646,0.42035,0.84399,-0.33315,-0.26867,0.53895,0.79834,0.38977,0.86209,-0.32386,-0.15658,0.44904,0.87969,0.3514,0.8756,-0.33143,0.03901,0.44353,0.89541,0.32606,0.87123,-0.36693
1.0,0.36884,0.84085,-0.39614,1,0.65997,0.20269,0.96594,-0.16085,0.40044,0.83014,-0.38796,0.40118,-0.23175,-0.8862,-0.25579,1.04695,0.42509,0.59118,0.21037,-0.77862,0.49441,0.79141,-0.35948,-0.35004,0.68008,0.64418,0.42031,0.84404,-0.33306,-0.27337,0.54719,0.79111,0.38968,0.86214,-0.32382,-0.16387,0.45975,0.8728,0.35129,0.87565,-0.33141,0.02994,0.45646,0.88924,0.32583,0.8714,-0.36675
1.0,0.36848,0.8411,-0.39594,1,0.66566,0.20524,0.96556,-0.15992,0.40021,0.83034,-0.38778,0.40296,-0.23227,-0.88525,-0.2566,1.0479,0.42717,0.59343,0.20961,-0.77711,0.49445,0.7915,-0.35923,-0.3501,0.6878,0.63589,0.42026,0.84412,-0.33292,-0.27347,0.55146,0.7881,0.38959,0.8622,-0.32378,-0.16545,0.4628,0.87089,0.35119,0.8757,-0.33139,0.02964,0.46009,0.88738,0.32562,0.87154,-0.36659
1.0,0.36872,0.8413,-0.39529,1,0.6712,0.20495,0.96466,-0.16558,0.39998,0.83055,-0.38757,0.40966,-0.23818,-0.88059,-0.26416,1.04415,0.43543,0.60384,0.20762,-0.76959,0.49448,0.79157,-0.35903,-0.35028,0.70343,0.61845,0.42021,0.84423,-0.33271,-0.27636,0.55815,0.78236,0.38949,0.86227,-0.32371,-0.16903,0.46876,0.867,0.35107,0.87577,-0.33133,0.02116,0.465,0.88506,0.32538,0.87173,-0.36635
1.0,0.36773,0.8424,-0.39388,1,0.67267,0.19804,0.96295,-0.18303,0.39982,0.83071,-0.38737,0.41767,-0.25183,-0.873,-0.28084,1.02821,0.44624,0.61376,0.20797,-0.76161,0.4945,0.79173,-0.35866,-0.35911,0.70803,0.60806,0.42013,0.84437,-0.33247,-0.28598,0.56696,0.77251,0.38938,0.86236,-0.3236,-0.18133,0.48031,0.85815,0.35096,0.87584,-0.33125,-0.00329,0.48,0.87726,0.32513,0.87192,-0.36612
1.0,0.36675,0.84203,-0.39557,1,0.67324,0.19772,0.95035,-0.2403,0.39962,0.83097,-0.38702,0.43106,-0.30446,-0.84941,-0.34417,0.95585,0.46962,0.62107,0.18404,-0.76184,0.49428,0.79245,-0.35737,-0.36735,0.71573,0.59396,0.41993,0.84462,-0.33206,-0.29033,0.61075,0.73668,0.38917,0.86253,-0.32342,-0.19599,0.53773,0.82002,0.35072,0.87599,-0.33112,-0.04397,0.55116,0.83324,0.32474,0.87219,-0.36583
1.0,0.36941,0.83889,-0.39976,1,0.64781,0.20252,0.92552,-0.31999,0.3995,0.83115,-0.38676,0.42776,-0.37754,-0.82127,-0.4309,0.84768,0.4802,0.63048,0.11547,-0.76757,0.49415,0.79306,-0.35618,-0.36302,0.73472,0.57306,0.41972,0.84487,-0.33172,-0.28808,0.65631,0.69733,0.38903,0.8626,-0.32338,-0.19765,0.59864,0.77625,0.35057,0.87605,-0.33112,-0.06905,0.62573,0.77698,0.3244,0.87236,-0.36572
1.0,0.37797,0.83396,-0.40205,1,0.61995,0.20385,0.89111,-0.40541,0.39938,0.83134,-0.38649,0.41068,-0.45375,-0.79086,-0.52089,0.73562,0.47896,0.61778,0.03294,-0.78566,0.49435,0.7936,-0.35471,-0.34357,0.75382,0.5601,0.41941,0.84513,-0.33143,-0.26422,0.70533,0.6578,0.38895,0.86262,-0.32344,-0.16618,0.65571,0.7365,0.35047,0.87606,-0.33119,-0.03168,0.67472,0.73739,0.32396,0.8725,-0.36577
1.0,0.38318,0.82946,-0.40641,1,0.60022,0.19465,0.84589,-0.49658,0.3993,0.83149,-0.38625,0.40191,-0.53059,-0.74628,-0.61806,0.64827,0.49401,0.6052,-0.0437,-0.79488,0.49481,0.79362,-0.35401,-0.34546,0.78038,0.52121,0.41914,0.84524,-0.33149,-0.27618,0.75076,0.60007,0.38887,0.8626,-0.32359,-0.16725,0.71902,0.67457,0.3504,0.87604,-0.33131,-0.03788,0.74108,0.67035,0.32353,0.87254,-0.36606
1.0,0.3846,0.82615,-0.41178,1,0.58192,0.18493,0.80271,-0.56697,0.39921,0.83169,-0.38591,0.40462,-0.58794,-0.70043,-0.69831,0.60276,0.52384,0.60157,-0.11311,-0.79077,0.49538,0.7933,-0.35395,-0.38013,0.81554,0.43633,0.41897,0.84525,-0.33169,-0.31222,0.79209,0.52451,0.38875,0.86255,-0.32385,-0.19688,0.76914,0.608,0.3503,0.876,-0.33154,-0.0742,0.79379,0.60365,0.3229,0.8725,-0.36672
1.0,0.38562,0.82373,-0.41565,1,0.58084,0.18286,0.76524,-0.61723,0.39917,0.8318,-0.3857,0.39871,-0.63159,-0.66492,-0.75969,0.56311,0.54015,0.58269,-0.16745,-0.79525,0.49608,0.79269,-0.35433,-0.39882,0.83541,0.3782,0.41885,0.84522,-0.33192,-0.33152,0.82544,0.45689,0.38865,0.8625,-0.32409,-0.21441,0.80597,0.55177,0.35015,0.87592,-0.33191,-0.08462,0.82775,0.55467,0.32193,0.87232,-0.36799
1.0,0.38846,0.82138,-0.41765,1,0.58516,0.18135,0.73279,-0.65584,0.39914,0.83194,-0.38544,0.38197,-0.66703,-0.63967,-0.80634,0.52006,0.53831,0.56092,-0.20804,-0.8013,0.49684,0.79186,-0.35511,-0.39535,0.8482,0.3525,0.4187,0.84508,-0.33246,-0.32182,0.84974,0.41759,0.3885,0.86237,-0.32464,-0.19669,0.83491,0.51404,0.34987,0.87568,-0.33283,-0.07057,0.85581,0.51246,0.32097,0.872,-0.36958
1.0,0.38778,0.82248,-0.41612,1,0.57106,0.15646,0.73719,-0.65732,0.39914,0.83207,-0.38516,0.35666,-0.66278,-0.65842,-0.7887,0.49368,0.49644,0.53295,-0.20052,-0.82205,0.49759,0.7909,-0.3562,-0.3833,0.84676,0.3689,0.41853,0.84484,-0.33328,-0.29999,0.84619,0.44043,0.38828,0.86213,-0.32554,-0.17851,0.82836,0.53099,0.34964,0.87544,-0.33369,-0.03978,0.84535,0.53272,0.32054,0.87185,-0.37031
1.0,0.38626,0.82502,-0.4125,1,0.58918,0.1326,0.75218,-0.64548,0.39922,0.83239,-0.38439,0.32833,-0.6478,-0.68743,-0.75573,0.46911,0.44559,0.49702,-0.17588,-0.84973,0.49786,0.79035,-0.35704,-0.35794,0.84173,0.40418,0.41842,0.84458,-0.33406,-0.27096,0.84299,0.4647,0.38805,0.86182,-0.32661,-0.14617,0.82405,0.54734,0.34949,0.87524,-0.33437,-0.00403,0.8381,0.5455,0.32037,0.87183,-0.3705
1.0,0.38658,0.82721,-0.40778,1,0.57481,0.10309,0.78286,-0.6136,0.39933,0.83274,-0.3835,0.30017,-0.61261,-0.73117,-0.6974,0.4556,0.38956,0.48361,-0.1403,-0.86397,0.49804,0.78999,-0.35759,-0.32149,0.82145,0.47102,0.41842,0.84444,-0.33443,-0.24297,0.81355,0.5283,0.38795,0.86167,-0.32714,-0.10666,0.79252,0.60044,0.34944,0.87514,-0.33469,0.04286,0.80365,0.59355,0.32032,0.87185,-0.3705
1.0,0.38013,0.83021,-0.40775,1,0.58051,0.08344,0.8068,-0.5849,0.39944,0.83305,-0.38271,0.29039,-0.58116,-0.76022,-0.6527,0.46338,0.36487,0.45745,-0.11291,-0.88204,0.49809,0.78973,-0.35809,-0.31979,0.81484,0.4835,0.41831,0.84432,-0.33487,-0.23507,0.79053,0.56551,0.38787,0.86162,-0.32737,-0.10019,0.76507,0.6361,0.34942,0.87512,-0.33476,0.0492,0.77845,0.62578,0.3203,0.87188,-0.37046
1.0,0.37323,0.83405,-0.40627,1,0.57496,0.08527,0.84984,-0.52009,0.3995,0.8332,-0.38234,0.29463,-0.52016,-0.80164,-0.57558,0.51537,0.35221,0.46678,-0.06009,-0.88233,0.498,0.78954,-0.35863,-0.32795,0.80361,0.49665,0.41796,0.84428,-0.3354,-0.24488,0.74677,0.61836,0.38777,0.8616,-0.32753,-0.12024,0.70984,0.69402,0.34939,0.87512,-0.33479,0.03699,0.7258,0.68691,0.32026,0.87192,-0.37038
1.0,0.36804,0.8384,-0.40204,1,0.59925,0.10549,0.90262,-0.41732,0.39951,0.83323,-0.38226,0.3081,-0.42868,-0.8493,-0.46744,0.62318,0.348,0.47852,0.025,-0.87772,0.4978,0.78941,-0.35921,-0.34847,0.7795,0.52052,0.4174,0.84442,-0.33576,-0.24504,0.68351,0.68758,0.3877,0.86163,-0.32754,-0.12504,0.62584,0.76987,0.34937,0.87514,-0.33477,0.04984,0.63412,0.77163,0.32021,0.87207,-0.37008
1.0,0.37323,0.84011,-0.39358,1,0.56693,0.11784,0.93688,-0.3292,0.39951,0.83323,-0.38224,0.30637,-0.34963,-0.88538,-0.3761,0.71955,0.33314,0.49419,0.10038,-0.86354,0.4977,0.78939,-0.35938,-0.33782,0.68429,0.64625,0.41733,0.84452,-0.33559,-0.21687,0.61589,0.7574,0.38767,0.86167,-0.32747,-0.09244,0.55909,0.82393,0.34936,0.87521,-0.3346,0.09162,0.56007,0.82336,0.32026,0.87253,-0.36894
1.0,0.3723,0.84009,-0.39451,1,0.57217,0.12404,0.94993,-0.2868,0.39952,0.83324,-0.38221,0.3107,-0.31168,-0.89795,-0.33409,0.78382,0.33311,0.50244,0.13956,-0.85328,0.49768,0.78945,-0.35928,-0.33308,0.67109,0.66234,0.41737,0.8446,-0.33534,-0.22247,0.6019,0.76696,0.38765,0.86175,-0.32729,-0.10004,0.53741,0.83737,0.3494,0.8753,-0.33432,0.09842,0.53808,0.83713,0.32042,0.87297,-0.36778
1.0,0.37223,0.84183,-0.39085,1,0.59252,0.12507,0.96688,-0.22248,0.39955,0.83327,-0.38214,0.3141,-0.25129,-0.91553,-0.26788,0.89604,0.3305,0.51469,0.19484,-0.83495,0.49778,0.78946,-0.35913,-0.33036,0.67287,0.6619,0.41745,0.84467,-0.33506,-0.21654,0.55444,0.80356,0.38768,0.86182,-0.32705,-0.09611,0.47225,0.87621,0.34949,0.87539,-0.33399,0.10204,0.46791,0.87786,0.32069,0.8733,-0.36676
1.0,0.36804,0.844,-0.39013,1,0.64291,0.11631,0.9785,-0.17031,0.39959,0.83328,-0.38206,0.31744,-0.1991,-0.92714,-0.21154,1.01062,0.32988,0.52375,0.24442,-0.81606,0.4978,0.78968,-0.3586,-0.32018,0.71919,0.61665,0.41759,0.84473,-0.33474,-0.22732,0.52265,0.82168,0.38773,0.86193,-0.32671,-0.12024,0.41938,0.89981,0.3496,0.87551,-0.33355,0.06948,0.41919,0.90523,0.32095,0.87368,-0.36562
1.0,0.36724,0.84351,-0.39195,1,0.65924,0.11004,0.98322,-0.14547,0.39962,0.83329,-0.38201,0.31392,-0.17325,-0.93351,-0.1835,1.06651,0.3244,0.53108,0.24591,-0.81085,0.49789,0.78976,-0.3583,-0.28734,0.77264,0.5661,0.41771,0.84465,-0.33479,-0.22167,0.50695,0.83299,0.38777,0.86204,-0.32637,-0.11883,0.39249,0.91205,0.34972,0.87565,-0.33306,0.07957,0.40021,0.91296,0.32114,0.87396,-0.36478
1.0,0.36672,0.84225,-0.39514,1,0.70473,0.10241,0.98411,-0.14507,0.39966,0.83328,-0.382,0.31586,-0.17046,-0.93337,-0.18064,1.07592,0.32631,0.55134,0.23873,-0.7994,0.49805,0.7896,-0.35843,-0.22787,0.86857,0.44007,0.4178,0.84449,-0.3351,-0.22757,0.50253,0.83407,0.3878,0.86209,-0.32621,-0.12705,0.38893,0.91247,0.34978,0.87571,-0.33284,0.07328,0.40936,0.90943,0.32123,0.87406,-0.36447
1.0,0.36493,0.84365,-0.3938,1,0.82978,0.1027,0.98683,-0.125,0.3997,0.83326,-0.38199,0.31726,-0.1516,-0.93614,-0.16055,1.12504,0.32676,0.5682,0.25453,-0.78254,0.49817,0.78946,-0.35857,-0.10537,0.9644,0.24255,0.41819,0.84381,-0.33632,-0.20902,0.52238,0.8267,0.38782,0.86213,-0.32609,-0.10147,0.40563,0.90839,0.34985,0.87575,-0.33267,0.11592,0.41458,0.9026,0.32131,0.87411,-0.36427
1.0,0.368,0.84153,-0.39548,1,0.81788,0.10944,0.9853,-0.13115,0.39979,0.83322,-0.38199,0.32225,-0.15998,-0.93304,-0.16981,1.10998,0.33255,0.56981,0.24147,-0.7855,0.49827,0.7893,-0.3588,-0.10806,0.96109,0.25422,0.41907,0.84234,-0.33887,-0.19513,0.53815,0.81995,0.38794,0.86217,-0.32584,-0.08448,0.42345,0.90197,0.35014,0.87578,-0.33228,0.12327,0.42965,0.89454,0.32154,0.87415,-0.36397
1.0,0.3689,0.84038,-0.39708,0.99499,0.82389,0.12354,0.98284,-0.13698,0.39987,0.83317,-0.38202,0.31872,-0.17002,-0.93248,-0.18035,1.08074,0.32935,0.56915,0.22226,-0.79162,0.49838,0.7891,-0.35907,-0.05123,0.98266,0.17818,0.41991,0.841,-0.34117,-0.17979,0.54965,0.81582,0.38809,0.86215,-0.32569,-0.06389,0.43728,0.89705,0.35047,0.87576,-0.33198,0.15294,0.44247,0.88365,0.32181,0.87415,-0.36372
1.0,0.36581,0.84154,-0.39749,0.86523,0.82289,0.13258,0.98299,-0.12712,0.39994,0.83311,-0.38207,0.3195,-0.1638,-0.93332,-0.17373,1.09708,0.32983,0.55841,0.21874,-0.80021,0.49847,0.78882,-0.35956,0.05396,0.99842,0.01582,0.42036,0.84028,-0.34239,-0.1677,0.56472,0.80806,0.3882,0.86214,-0.3256,-0.04754,0.45668,0.88836,0.35076,0.87573,-0.33175,0.17857,0.45667,0.87153,0.32208,0.87414,-0.36352
1.0,0.36106,0.844,-0.39662,0.48297,0.65704,0.14021,0.98434,-0.10683,0.40003,0.83303,-0.38214,0.32877,-0.14806,-0.93273,-0.15742,1.14766,0.33888,0.55479,0.22226,-0.80175,0.49857,0.78831,-0.36055,0.20527,0.94459,-0.25616,0.42243,0.83707,-0.34765,-0.17931,0.5442,0.81957,0.38825,0.86215,-0.32552,-0.05203,0.44313,0.89495,0.35098,0.87574,-0.33149,0.18182,0.44119,0.8788,0.32249,0.87414,-0.36317
1.0,0.36772,0.84178,-0.39521,0.84702,0.82849,0.14628,0.98373,-0.10427,0.40012,0.83295,-0.38224,0.32513,-0.14736,-0.93412,-0.15646,1.14526,0.33494,0.58179,0.23755,-0.77788,0.4987,0.78798,-0.36108,0.05747,0.99686,0.05443,0.42448,0.83398,-0.35254,-0.17413,0.52163,0.83521,0.38838,0.86215,-0.32536,-0.06457,0.40801,0.91069,0.35131,0.87574,-0.33114,0.14098,0.41043,0.90093,0.32297,0.87415,-0.3627
1.0,0.37048,0.84098,-0.39434,1,0.79103,0.1399,0.98551,-0.09588,0.40018,0.83289,-0.38229,0.32768,-0.13745,-0.93474,-0.146,1.17362,0.33717,0.59262,0.24564,-0.76711,0.49905,0.7877,-0.36123,-0.09494,0.94862,0.30183,0.42507,0.83317,-0.35376,-0.21249,0.47726,0.85268,0.38864,0.86215,-0.32505,-0.11687,0.35067,0.92918,0.35184,0.87576,-0.33053,0.08045,0.35915,0.92981,0.32345,0.87425,-0.36204
1.0,0.36733,0.84267,-0.39368,1,0.74716,0.13143,0.98797,-0.08155,0.40027,0.83281,-0.38237,0.34016,-0.12222,-0.93239,-0.13034,1.22587,0.34982,0.5545,0.30057,-0.77601,0.49921,0.78768,-0.36104,-0.25106,0.82955,0.49881,0.42521,0.83311,-0.35373,-0.23556,0.49854,0.83425,0.38892,0.86221,-0.32455,-0.14661,0.37276,0.91627,0.35226,0.87588,-0.32978,0.06509,0.3703,0.92663,0.32382,0.87442,-0.36129
1.0,0.36914,0.84379,-0.38957,1,0.68567,0.11896,0.99134,-0.05556,0.40038,0.83273,-0.38243,0.34532,-0.09377,-0.93379,-0.10008,1.30564,0.35421,0.55393,0.32582,-0.76616,0.49922,0.78784,-0.36067,-0.30151,0.74983,0.58894,0.42518,0.83333,-0.35326,-0.23898,0.48395,0.84183,0.38907,0.8623,-0.32414,-0.14428,0.36711,0.91892,0.35242,0.87599,-0.32932,0.0749,0.35993,0.92997,0.32407,0.87453,-0.36081
1.0,0.37259,0.84147,-0.39127,1,0.63649,0.1225,0.99035,-0.06486,0.40051,0.83264,-0.3825,0.34494,-0.10376,-0.93287,-0.11077,1.2786,0.35417,0.5471,0.32286,-0.7723,0.49938,0.78799,-0.36012,-0.33683,0.68539,0.64559,0.42503,0.83399,-0.35186,-0.25209,0.46865,0.84665,0.38917,0.86236,-0.32386,-0.15418,0.36042,0.91996,0.35248,0.87601,-0.32918,0.06014,0.35995,0.93103,0.32416,0.87456,-0.36064
1.0,0.37309,0.84174,-0.39023,1,0.64341,0.116,0.99164,-0.05651,0.40069,0.83251,-0.3826,0.34365,-0.09345,-0.93444,-0.09967,1.30529,0.35241,0.53558,0.33271,-0.77618,0.49956,0.78813,-0.35958,-0.33632,0.6794,0.65215,0.42471,0.83566,-0.34826,-0.24626,0.46816,0.84863,0.38934,0.8624,-0.32353,-0.14765,0.35835,0.92184,0.35258,0.87603,-0.32902,0.0729,0.35743,0.93109,0.32432,0.87458,-0.36045
1.0,0.37292,0.84212,-0.38956,1,0.64583,0.1134,0.99227,-0.0504,0.40089,0.83237,-0.38269,0.34909,-0.08728,-0.93301,-0.09328,1.32579,0.35803,0.53983,0.33515,-0.77217,0.49967,0.78823,-0.35921,-0.33816,0.68047,0.65009,0.42462,0.83642,-0.34656,-0.25379,0.45884,0.8515,0.38945,0.86243,-0.32333,-0.15713,0.34622,0.9249,0.35267,0.87604,-0.3289,0.06064,0.34846,0.93536,0.32445,0.87459,-0.3603
1.0,0.37187,0.84225,-0.39029,1,0.64628,0.11182,0.99224,-0.05431,0.40114,0.8322,-0.38279,0.35331,-0.09078,-0.93109,-0.09719,1.31929,0.36268,0.54689,0.33123,-0.76889,0.49984,0.78834,-0.35873,-0.34031,0.69607,0.6322,0.42456,0.8371,-0.34498,-0.2608,0.46561,0.84569,0.38956,0.86247,-0.32309,-0.16714,0.35025,0.92162,0.35277,0.87606,-0.32874,0.04515,0.35437,0.93401,0.3246,0.87461,-0.36012
1.0,0.37268,0.84161,-0.3909,1,0.65585,0.11126,0.99191,-0.06111,0.40142,0.83203,-0.38288,0.35295,-0.09692,-0.93061,-0.10378,1.30279,0.36251,0.54244,0.33064,-0.77229,0.49996,0.78843,-0.35834,-0.33755,0.70797,0.62035,0.42454,0.83766,-0.34364,-0.25512,0.48266,0.83783,0.38964,0.86248,-0.32296,-0.16223,0.36688,0.91601,0.35287,0.87607,-0.32862,0.05685,0.36714,0.92843,0.32477,0.87462,-0.35995
1.0,0.37098,0.84218,-0.39128,1,0.69933,0.1132,0.99205,-0.05491,0.40173,0.83183,-0.38298,0.35209,-0.09173,-0.93146,-0.09817,1.31592,0.36139,0.54348,0.33829,-0.76824,0.50007,0.78849,-0.35806,-0.3108,0.75729,0.57438,0.42459,0.83792,-0.34295,-0.2365,0.51698,0.82268,0.38975,0.86248,-0.32284,-0.14719,0.39391,0.90729,0.35301,0.87606,-0.3285,0.08176,0.38891,0.91764,0.32506,0.8746,-0.35974
1.0,0.36634,0.8439,-0.39196,1,0.7841,0.12624,0.99131,-0.03687,0.40207,0.8316,-0.38313,0.3541,-0.07975,-0.9318,-0.08538,1.34927,0.36316,0.53854,0.35321,-0.765,0.50007,0.7886,-0.35784,-0.26084,0.8104,0.52461,0.4248,0.83796,-0.34261,-0.19877,0.56073,0.80379,0.39002,0.86242,-0.32268,-0.12591,0.42129,0.89814,0.35323,0.87601,-0.32837,0.12,0.40782,0.90514,0.32542,0.87455,-0.35953
1.0,0.36128,0.84526,-0.39371,1,0.85179,0.15919,0.98712,-0.01577,0.40227,0.83139,-0.38337,0.35109,-0.07154,-0.93361,-0.07647,1.36979,0.35969,0.50367,0.3684,-0.78141,0.49943,0.78894,-0.35798,-0.22708,0.81555,0.53227,0.42499,0.83791,-0.34248,-0.13567,0.61672,0.7754,0.39049,0.86221,-0.32267,-0.07443,0.46223,0.88363,0.35357,0.87589,-0.32833,0.17686,0.43792,0.88145,0.32583,0.87445,-0.3594
1.0,0.36144,0.84456,-0.39506,1,0.86643,0.18102,0.98345,-0.0076,0.40232,0.83126,-0.38359,0.34923,-0.0715,-0.9343,-0.07638,1.36884,0.35771,0.47959,0.38213,-0.78992,0.49825,0.78939,-0.35861,-0.23532,0.78964,0.56665,0.42514,0.83789,-0.34233,-0.11236,0.62753,0.77044,0.39089,0.86201,-0.32273,-0.05744,0.4641,0.88392,0.35381,0.87579,-0.32834,0.19599,0.43608,0.87831,0.3261,0.87437,-0.35937
1.0,0.36344,0.84369,-0.3951,1,0.88033,0.18862,0.98201,-0.00829,0.40237,0.8311,-0.38389,0.34446,-0.07406,-0.93588,-0.07897,1.35902,0.35267,0.47983,0.38279,-0.78945,0.497,0.78985,-0.35933,-0.22096,0.79455,0.56556,0.42532,0.83785,-0.3422,-0.10779,0.62199,0.77557,0.39158,0.86164,-0.32288,-0.04854,0.46062,0.88627,0.35421,0.87561,-0.3284,0.20702,0.43197,0.87781,0.32649,0.87422,-0.35937
1.0,0.36646,0.84316,-0.39342,1,0.84731,0.18741,0.98228,-0.00259,0.40244,0.83086,-0.38432,0.33895,-0.06715,-0.9384,-0.07143,1.37523,0.34662,0.47514,0.38384,-0.79178,0.49603,0.79018,-0.35995,-0.23444,0.76943,0.59415,0.42548,0.83782,-0.34208,-0.11682,0.59907,0.79213,0.39219,0.86131,-0.32299,-0.04748,0.44201,0.89575,0.3546,0.87543,-0.32847,0.21756,0.41933,0.88138,0.32684,0.87408,-0.35938
1.0,0.36729,0.84321,-0.39256,1,0.83144,0.18334,0.98304,0.00355,0.40253,0.83064,-0.38472,0.33821,-0.05969,-0.93918,-0.06347,1.39611,0.34565,0.48805,0.38187,-0.78485,0.49553,0.79034,-0.36029,-0.2322,0.77012,0.59414,0.42559,0.83781,-0.34199,-0.13248,0.57835,0.80496,0.39253,0.86115,-0.323,-0.06088,0.42417,0.90353,0.35484,0.87533,-0.32847,0.19795,0.40291,0.89358,0.32705,0.87401,-0.35936
1.0,0.36907,0.84201,-0.39345,1,0.77223,0.18192,0.98331,0.00013,0.40262,0.83043,-0.38509,0.33946,-0.06268,-0.93853,-0.06668,1.38822,0.34706,0.49395,0.37562,-0.78417,0.49528,0.79037,-0.36058,-0.2748,0.72487,0.6317,0.42568,0.83781,-0.34187,-0.16923,0.53653,0.82674,0.3929,0.861,-0.32297,-0.09308,0.38748,0.91717,0.35515,0.8752,-0.32846,0.15265,0.37361,0.91494,0.32733,0.87393,-0.35931
1.0,0.37108,0.84121,-0.39327,1,0.73009,0.18297,0.98311,0.00439,0.40269,0.83021,-0.38547,0.34288,-0.05963,-0.93748,-0.06353,1.3986,0.35064,0.51089,0.36369,-0.77893,0.49526,0.79027,-0.36081,-0.28808,0.70411,0.64903,0.42581,0.83785,-0.3416,-0.19882,0.49411,0.84636,0.39321,0.86089,-0.32289,-0.11514,0.35151,0.92908,0.35543,0.8751,-0.32843,0.1193,0.34296,0.93174,0.3276,0.87386,-0.35924
1.0,0.37099,0.84116,-0.39347,1,0.71633,0.18323,0.98303,-0.00921,0.40274,0.83002,-0.38582,0.35514,-0.07492,-0.93181,-0.08023,1.36288,0.36413,0.53367,0.34594,-0.7717,0.49545,0.79015,-0.36083,-0.30288,0.7102,0.63552,0.42591,0.83791,-0.34133,-0.23051,0.47874,0.84716,0.3935,0.8608,-0.32278,-0.14149,0.33881,0.93015,0.35566,0.87502,-0.32841,0.07459,0.34253,0.93654,0.3278,0.87381,-0.35918
1.0,0.37035,0.84114,-0.39411,1,0.72853,0.18913,0.9815,-0.02983,0.40276,0.82993,-0.386,0.36568,-0.09859,-0.92551,-0.10613,1.30744,0.37628,0.5559,0.32518,-0.76501,0.4957,0.79004,-0.36072,-0.29601,0.74621,0.59628,0.42599,0.83795,-0.34114,-0.24762,0.49263,0.83427,0.39366,0.86075,-0.3227,-0.15444,0.35354,0.92258,0.35577,0.87498,-0.3284,0.04385,0.36186,0.9312,0.32788,0.87379,-0.35914
1.0,0.36978,0.84183,-0.39316,1,0.73938,0.19665,0.97905,-0.05277,0.40276,0.82991,-0.38605,0.37693,-0.12517,-0.91774,-0.13556,1.25017,0.38971,0.57061,0.29952,-0.76465,0.49585,0.79001,-0.36058,-0.28539,0.77675,0.56144,0.42611,0.83799,-0.34089,-0.25203,0.5226,0.81447,0.3938,0.86073,-0.3226,-0.16011,0.38538,0.90876,0.35586,0.87495,-0.32836,0.03518,0.39165,0.91944,0.32792,0.8738,-0.35908
1.0,0.36976,0.84238,-0.392,1,0.77105,0.19471,0.97826,-0.07142,0.40276,0.82991,-0.38605,0.39605,-0.14502,-0.90671,-0.1586,1.21978,0.41182,0.59436,0.29938,-0.7464,0.49594,0.79004,-0.36039,-0.29737,0.78951,0.53688,0.42633,0.838,-0.3406,-0.27605,0.53263,0.80006,0.39385,0.86075,-0.32249,-0.18201,0.40181,0.89745,0.35589,0.87496,-0.32829,-0.01051,0.41157,0.91132,0.32791,0.87385,-0.35898
1.0,0.36848,0.84323,-0.39138,1,0.79011,0.19375,0.97653,-0.09405,0.40277,0.82991,-0.38604,0.40953,-0.16762,-0.89677,-0.18478,1.18231,0.42839,0.59765,0.28316,-0.75009,0.49604,0.79014,-0.36003,-0.31025,0.7882,0.53149,0.42649,0.83807,-0.34022,-0.28418,0.54634,0.78788,0.39387,0.86077,-0.3224,-0.19604,0.42435,0.88402,0.3559,0.87499,-0.32822,-0.00644,0.43989,0.89803,0.32789,0.87389,-0.35889
1.0,0.36711,0.84412,-0.39076,1,0.81867,0.19301,0.97256,-0.1299,0.40277,0.82992,-0.38601,0.42769,-0.20254,-0.88094,-0.22599,1.12851,0.45197,0.60162,0.27354,-0.75049,0.49604,0.79051,-0.3592,-0.32662,0.79936,0.50432,0.42656,0.83815,-0.33991,-0.28648,0.5932,0.75236,0.39388,0.86081,-0.32229,-0.20264,0.48032,0.85336,0.35589,0.87502,-0.32815,-0.01447,0.48927,0.87201,0.32786,0.87393,-0.35882
1.0,0.36707,0.84458,-0.3898,1,0.75292,0.19832,0.96406,-0.17679,0.40274,0.83,-0.38588,0.4393,-0.24867,-0.86324,-0.28048,1.05571,0.47075,0.60455,0.2336,-0.76155,0.49587,0.79121,-0.35791,-0.36155,0.75055,0.55314,0.4265,0.83848,-0.33919,-0.29069,0.60656,0.73999,0.3938,0.86094,-0.32202,-0.20306,0.51376,0.83356,0.35576,0.87514,-0.32796,-0.02586,0.51553,0.85648,0.32776,0.87404,-0.35866
1.0,0.3625,0.84463,-0.39396,1,0.72462,0.19518,0.94292,-0.26983,0.40266,0.83019,-0.38555,0.44561,-0.33034,-0.83205,-0.37794,0.93287,0.49169,0.59936,0.17327,-0.7815,0.49512,0.79247,-0.35616,-0.38395,0.75217,0.53555,0.42589,0.83948,-0.33747,-0.30272,0.66156,0.68608,0.39345,0.86126,-0.32159,-0.22255,0.58945,0.77655,0.35525,0.87546,-0.32766,-0.06905,0.60624,0.79228,0.32729,0.87432,-0.35839
1.0,0.37158,0.83869,-0.39816,1,0.6632,0.16838,0.89421,-0.41478,0.40252,0.83047,-0.3851,0.4233,-0.44561,-0.78883,-0.51421,0.75972,0.49251,0.60807,0.05176,-0.7922,0.49454,0.79344,-0.3548,-0.35154,0.78863,0.50446,0.42516,0.84024,-0.33651,-0.27166,0.73549,0.62069,0.39315,0.86142,-0.32155,-0.18471,0.68269,0.70697,0.35488,0.8756,-0.32768,-0.05886,0.69814,0.71354,0.32653,0.87459,-0.35843
1.0,0.37413,0.831,-0.41166,1,0.71351,0.17656,0.78548,-0.59316,0.40232,0.83083,-0.38451,0.39372,-0.60868,-0.68884,-0.7237,0.57415,0.51925,0.5781,-0.13165,-0.80527,0.49436,0.7942,-0.35335,-0.32256,0.90782,0.26798,0.42458,0.84043,-0.33676,-0.23924,0.89971,0.36508,0.3929,0.86136,-0.322,-0.1371,0.87608,0.46226,0.35466,0.87557,-0.32802,-0.02072,0.8773,0.4795,0.32501,0.87457,-0.35986
1.0,0.37313,0.82787,-0.41882,1,0.79063,0.20358,0.72145,-0.66186,0.40204,0.83139,-0.38361,0.38373,-0.68073,-0.62399,-0.82886,0.5133,0.55135,0.52536,-0.21336,-0.8237,0.49194,0.79318,-0.35897,-0.29961,0.94022,0.16193,0.42381,0.84018,-0.33835,-0.18922,0.94988,0.24885,0.39248,0.86071,-0.32424,-0.08557,0.93764,0.33691,0.35433,0.87525,-0.32923,0.05387,0.92645,0.37253,0.32316,0.87364,-0.36375
1.0,0.36362,0.83004,-0.42287,1,0.80275,0.19386,0.70595,-0.68122,0.40096,0.83309,-0.38105,0.39599,-0.69162,-0.60403,-0.8529,0.51999,0.58028,0.51406,-0.21706,-0.82984,0.48526,0.79377,-0.36669,-0.31414,0.94102,0.1257,0.42162,0.84012,-0.34123,-0.18579,0.9575,0.22063,0.39112,0.8595,-0.32906,-0.07178,0.9499,0.30421,0.35329,0.87444,-0.33247,0.08598,0.93442,0.34563,0.3211,0.87255,-0.36817
1.0,0.34118,0.83765,-0.42653,1,0.84672,0.19651,0.74437,-0.6382,0.39578,0.83856,-0.37439,0.3879,-0.65681,-0.64663,-0.79321,0.53346,0.54033,0.52738,-0.1837,-0.82953,0.47678,0.79668,-0.37145,-0.29329,0.95271,0.0795,0.41702,0.84072,-0.34538,-0.17368,0.95761,0.22982,0.38583,0.85837,-0.33814,-0.06717,0.94456,0.3214,0.3477,0.87329,-0.34127,0.10816,0.92002,0.37666,0.31466,0.8722,-0.37449
1.0,0.32565,0.85099,-0.41203,1,1,0.28147,0.86302,-0.41948,0.38047,0.8489,-0.36689,0.38433,-0.50196,-0.77481,-0.57486,0.65345,0.46047,0.44989,0.01981,-0.89286,0.44063,0.81013,-0.3867,-0.03842,0.99926,0.00328,0.415,0.84003,-0.34946,0.0362,0.95786,0.28495,0.38033,0.8572,-0.34721,0.14352,0.92579,0.34974,0.33774,0.87192,-0.35453,0.34053,0.83473,0.43274,0.30367,0.87366,-0.38014
1.0,0.32855,0.86053,-0.38928,1,1,0.32356,0.92629,-0.19313,0.36533,0.85571,-0.36645,0.37344,-0.31255,-0.87342,-0.34364,0.87393,0.40403,0.43097,0.22427,-0.87405,0.40695,0.82844,-0.38481,-0.06499,0.93797,0.34057,0.41326,0.84037,-0.35072,0.01437,0.78537,0.61886,0.37646,0.85953,-0.34567,0.13257,0.72013,0.68105,0.33271,0.87483,-0.3521,0.34703,0.61488,0.70816,0.2991,0.87786,-0.37405
1.0,0.3265,0.86212,-0.38749,1,1,0.30004,0.94714,-0.11359,0.36158,0.85675,-0.36774,0.3808,-0.2281,-0.89608,-0.24926,1.03111,0.40184,0.45346,0.30005,-0.83925,0.41316,0.82908,-0.37674,-0.13387,0.87242,0.47006,0.41275,0.84079,-0.3503,-0.03388,0.71727,0.69597,0.37532,0.86118,-0.3428,0.05952,0.63465,0.77051,0.33159,0.87644,-0.34914,0.26575,0.56567,0.78064,0.29763,0.87994,-0.37031
1.0,0.33052,0.86101,-0.38654,1,1,0.22891,0.97189,-0.05512,0.3595,0.85589,-0.37176,0.39002,-0.14345,-0.90956,-0.15643,1.21835,0.40509,0.41721,0.38549,-0.823,0.42093,0.8288,-0.36865,-0.20973,0.81384,0.54192,0.41171,0.84203,-0.34855,-0.06963,0.69157,0.71895,0.37408,0.86455,-0.33558,0.00038,0.58118,0.81378,0.331,0.87816,-0.34537,0.26007,0.57181,0.77807,0.29752,0.8821,-0.36522
1.0,0.33798,0.8598,-0.38278,1,1,0.17174,0.98455,-0.03421,0.3658,0.85088,-0.3771,0.39414,-0.1005,-0.91354,-0.10957,1.32113,0.40731,0.37862,0.44993,-0.80883,0.42554,0.82904,-0.36277,-0.15729,0.89214,0.4235,0.41067,0.84459,-0.34355,0.06235,0.85708,0.5114,0.37824,0.86411,-0.33203,0.14584,0.79241,0.59229,0.33503,0.8782,-0.34136,0.38654,0.73592,0.55589,0.30281,0.88051,-0.3647
1.0,0.35955,0.85942,-0.36348,0.67273,1,0.1101,0.99385,-0.01218,0.37777,0.84454,-0.37953,0.39765,-0.05528,-0.91587,-0.06028,1.43267,0.40962,0.36284,0.50255,-0.78472,0.42219,0.83313,-0.35727,0.00436,0.98956,0.14409,0.41716,0.84028,-0.34628,0.24146,0.9696,0.0398,0.39194,0.84529,-0.36315,0.32251,0.9423,-0.08983,0.34511,0.86155,-0.37233,0.40528,0.9103,-0.08424,0.3063,0.87336,-0.37872
1.0,0.35586,0.85923,-0.36754,0.6842,1,0.11456,0.99333,-0.01284,0.39096,0.83852,-0.37951,0.40201,-0.05818,-0.91378,-0.06358,1.42708,0.41446,0.35494,0.49515,-0.793,0.4297,0.83076,-0.35383,-0.00281,0.98728,0.15898,0.42625,0.83393,-0.35054,0.25049,0.9678,0.02471,0.40151,0.83347,-0.37964,0.31787,0.94727,-0.04038,0.35321,0.84856,-0.39395,0.41637,0.90909,-0.01421,0.30745,0.86947,-0.38664
1.0,0.3455,0.85808,-0.37992,0.9386,1,0.157,0.98759,-0.00477,0.39525,0.83659,-0.37934,0.40324,-0.06851,-0.91253,-0.07494,1.4025,0.41609,0.44983,0.43777,-0.77847,0.4535,0.81862,-0.35243,-0.04868,0.95594,0.28949,0.42876,0.83322,-0.34916,0.15126,0.93021,0.33442,0.40401,0.83275,-0.37855,0.22835,0.895,0.38318,0.35539,0.84776,-0.3937,0.41504,0.79356,0.44497,0.30876,0.86859,-0.38758
1.0,0.36244,0.84758,-0.38762,1,1,0.24346,0.96991,-0.00058,0.39583,0.83571,-0.38067,0.41527,-0.10478,-0.90365,-0.11544,1.32364,0.43076,0.46136,0.40975,-0.78693,0.46371,0.81154,-0.3555,-0.22915,0.79373,0.56346,0.42999,0.8359,-0.34114,-0.0615,0.72478,0.68624,0.40488,0.8366,-0.369,-0.01152,0.60157,0.79874,0.3571,0.85142,-0.38414,0.28136,0.59353,0.75403,0.31055,0.86856,-0.38621
1.0,0.36845,0.84522,-0.38709,1,0.99362,0.27215,0.96189,0.02643,0.39579,0.83508,-0.38209,0.40825,-0.09055,-0.90837,-0.09935,1.35254,0.42238,0.44602,0.43938,-0.77975,0.46774,0.80855,-0.35703,-0.27222,0.73266,0.62379,0.43137,0.83894,-0.33182,-0.10154,0.64987,0.75323,0.40595,0.84266,-0.35373,-0.04328,0.51631,0.85531,0.36,0.85864,-0.36489,0.23611,0.49434,0.83659,0.31426,0.86875,-0.38278
1.0,0.37688,0.84337,-0.38299,1,1,0.2712,0.95963,0.07456,0.39662,0.8336,-0.38445,0.40489,-0.04346,-0.91333,-0.04755,1.46386,0.41728,0.43889,0.48657,-0.7554,0.47013,0.80805,-0.35502,-0.25145,0.71677,0.6504,0.43587,0.83985,-0.32351,-0.07905,0.63132,0.77148,0.41053,0.84871,-0.33339,-0.03345,0.48138,0.87587,0.3677,0.86599,-0.3389,0.25407,0.45503,0.85346,0.32175,0.86873,-0.37655
1.0,0.37951,0.8429,-0.38143,1,1,0.21409,0.97299,0.08636,0.4007,0.83032,-0.38731,0.39397,-0.00511,-0.91911,-0.00556,1.55783,0.40496,0.43744,0.514,-0.73787,0.47708,0.80564,-0.35119,-0.19398,0.76824,0.61006,0.44377,0.83679,-0.32071,-0.02721,0.67884,0.73378,0.41876,0.84922,-0.32167,0.00714,0.51364,0.85798,0.37728,0.86582,-0.32864,0.28225,0.48621,0.82701,0.33316,0.86727,-0.36993
1.0,0.37296,0.85162,-0.36831,0.82391,1,0.16803,0.97878,0.1173,0.40947,0.82554,-0.38836,0.39367,0.04246,-0.91827,0.04621,1.67824,0.40501,0.44513,0.54596,-0.70978,0.48119,0.80626,-0.34408,-0.01819,0.92093,0.3893,0.45552,0.82797,-0.32706,0.18117,0.89086,0.41659,0.43025,0.83948,-0.33189,0.2704,0.86543,0.42179,0.38959,0.85435,-0.34395,0.4504,0.77521,0.44293,0.34773,0.86141,-0.37021
1.0,0.36774,0.85244,-0.37163,0.75432,1,0.15153,0.9833,0.10076,0.41612,0.82274,-0.38722,0.39317,0.03357,-0.91885,0.03652,1.65597,0.40432,0.45602,0.52862,-0.71596,0.483,0.80724,-0.33922,0.00688,0.94888,0.31556,0.45904,0.82249,-0.33585,0.18591,0.91234,0.36479,0.43346,0.83184,-0.34664,0.2766,0.89512,0.34966,0.39144,0.84452,-0.36546,0.44988,0.82476,0.34262,0.35215,0.85433,-0.38225
1.0,0.36365,0.85302,-0.37433,0.74286,1,0.12619,0.98795,0.08957,0.41835,0.82145,-0.38756,0.36022,0.03849,-0.93207,0.04128,1.67726,0.36879,0.49322,0.47863,-0.7264,0.48743,0.80339,-0.34201,-0.00199,0.95358,0.30114,0.45766,0.82138,-0.3404,0.16152,0.91303,0.37454,0.43036,0.83077,-0.353,0.25992,0.90283,0.34256,0.38742,0.84305,-0.37305,0.43559,0.83253,0.34228,0.35084,0.85247,-0.38756
1.0,0.36237,0.85298,-0.37564,0.77264,0.96054,0.10969,0.99049,0.08305,0.41981,0.82053,-0.38793,0.35575,0.0389,-0.93377,0.04163,1.67971,0.36401,0.50704,0.47016,-0.7224,0.49215,0.79977,-0.34374,0.003,0.96546,0.26055,0.45645,0.82086,-0.3433,0.15724,0.92526,0.34521,0.42705,0.83099,-0.35649,0.25018,0.91347,0.3209,0.38435,0.84372,-0.3747,0.42145,0.83864,0.34506,0.35018,0.85244,-0.38823
1.0,0.36444,0.85037,-0.37955,0.84335,0.94155,0.09763,0.99354,0.05781,0.42094,0.81987,-0.3881,0.36417,0.01839,-0.93115,0.01975,1.62126,0.37281,0.51656,0.45113,-0.72776,0.49498,0.79786,-0.3441,-0.0596,0.94751,0.31413,0.45521,0.82078,-0.34511,0.0844,0.89154,0.44502,0.42536,0.83171,-0.35684,0.18602,0.87107,0.45456,0.3831,0.84457,-0.37408,0.38789,0.79747,0.46216,0.34989,0.85254,-0.38827
1.0,0.36966,0.84665,-0.3828,0.91438,0.86638,0.10105,0.99429,0.0344,0.4218,0.8194,-0.38815,0.35986,-0.0043,-0.933,-0.00461,1.55886,0.36812,0.52314,0.41035,-0.74695,0.49703,0.79616,-0.34508,-0.10037,0.92792,0.35901,0.45323,0.82155,-0.34589,0.02887,0.84677,0.53117,0.424,0.83322,-0.35493,0.14418,0.82392,0.54806,0.38248,0.84577,-0.372,0.35723,0.72812,0.585,0.34987,0.85278,-0.38775
1.0,0.3733,0.84511,-0.38266,0.84889,0.77608,0.10297,0.99408,0.03466,0.42207,0.8192,-0.38828,0.35248,-0.00388,-0.93581,-0.00414,1.5598,0.36022,0.53924,0.36693,-0.75801,0.50213,0.79138,-0.34869,-0.0782,0.93764,0.33868,0.45184,0.82199,-0.34666,-0.02197,0.77623,0.63007,0.42212,0.83574,-0.3512,0.08211,0.71277,0.69657,0.3817,0.8478,-0.36815,0.32783,0.6549,0.68091,0.34991,0.8533,-0.38658
1.0,0.37375,0.84539,-0.3816,0.81273,0.76824,0.09943,0.99437,0.03664,0.42223,0.81909,-0.38835,0.35158,-0.00066,-0.93616,-0.00071,1.56891,0.35926,0.54553,0.3683,-0.75283,0.50489,0.7889,-0.35032,-0.06909,0.94467,0.32065,0.45103,0.82207,-0.34753,-0.02554,0.77287,0.63406,0.42002,0.83848,-0.34717,0.07969,0.70914,0.70055,0.38041,0.85103,-0.36199,0.32401,0.64989,0.68751,0.34993,0.85424,-0.38447
1.0,0.37572,0.84404,-0.38265,0.83487,0.7558,0.1066,0.99389,0.02855,0.42232,0.81903,-0.38838,0.35155,-0.01082,-0.93611,-0.01155,1.54004,0.35925,0.55027,0.357,-0.75482,0.50694,0.78724,-0.35108,-0.06784,0.94459,0.32117,0.4506,0.82204,-0.34814,-0.05848,0.72672,0.68444,0.41918,0.83968,-0.34529,0.04686,0.64952,0.7589,0.37981,0.85268,-0.35873,0.29337,0.59465,0.74855,0.34995,0.8548,-0.38321
1.0,0.37679,0.84335,-0.38314,0.86442,0.76057,0.10914,0.99384,0.01909,0.42237,0.819,-0.3884,0.35011,-0.02045,-0.93649,-0.02184,1.51244,0.35777,0.54549,0.3558,-0.75884,0.5079,0.78639,-0.35161,-0.07882,0.93886,0.33515,0.45012,0.8221,-0.34863,-0.07936,0.69972,0.70999,0.41833,0.84098,-0.34315,0.02298,0.61002,0.79206,0.37919,0.85452,-0.35498,0.27494,0.56651,0.77684,0.34998,0.85552,-0.38158
1.0,0.38278,0.84099,-0.38238,0.92399,0.70283,0.11177,0.99362,0.01514,0.42239,0.81899,-0.38839,0.3475,-0.02481,-0.93735,-0.02646,1.49952,0.35501,0.55039,0.33314,-0.76556,0.50891,0.78562,-0.35187,-0.12882,0.89924,0.41807,0.4498,0.82221,-0.34877,-0.1205,0.62492,0.77134,0.41765,0.84209,-0.34127,-0.01914,0.51163,0.85899,0.37862,0.8563,-0.35128,0.25098,0.49062,0.83445,0.35001,0.85617,-0.38008
1.0,0.38532,0.839,-0.3842,1,0.68501,0.11747,0.99307,0.00464,0.42241,0.81898,-0.38839,0.34231,-0.0361,-0.93889,-0.03843,1.46572,0.34962,0.52612,0.33296,-0.78252,0.51037,0.78416,-0.35301,-0.20446,0.8189,0.53627,0.44921,0.82274,-0.34829,-0.1547,0.57172,0.80573,0.41662,0.84388,-0.33807,-0.05604,0.45294,0.88978,0.37786,0.8588,-0.34595,0.213,0.45369,0.86533,0.35004,0.85704,-0.37809
1.0,0.38484,0.83923,-0.38418,1,0.6887,0.11723,0.9931,0.00324,0.42241,0.81897,-0.3884,0.34255,-0.03737,-0.93875,-0.03979,1.46213,0.34989,0.5311,0.32819,-0.78117,0.51135,0.78302,-0.35412,-0.203,0.82285,0.53076,0.44868,0.82327,-0.34774,-0.16507,0.55789,0.81333,0.41552,0.84571,-0.33485,-0.06608,0.43693,0.89707,0.3771,0.86091,-0.34152,0.20569,0.44251,0.87286,0.35001,0.85794,-0.37607
1.0,0.38596,0.83821,-0.38527,1,0.65135,0.12532,0.99211,-0.00192,0.4224,0.81897,-0.38841,0.34048,-0.04483,-0.93918,-0.04769,1.43989,0.34779,0.5284,0.3186,-0.78695,0.51188,0.78242,-0.35468,-0.23876,0.77811,0.58098,0.44827,0.82366,-0.34733,-0.18472,0.51733,0.83561,0.41471,0.84701,-0.33254,-0.08654,0.39248,0.91568,0.37646,0.86248,-0.33823,0.18091,0.4001,0.89844,0.34994,0.85861,-0.37459
1.0,0.38362,0.83955,-0.38469,1,0.68621,0.13782,0.99045,0.00462,0.42231,0.81901,-0.38842,0.34358,-0.04343,-0.93812,-0.04626,1.44506,0.35107,0.51695,0.33857,-0.78622,0.51187,0.78224,-0.3551,-0.27319,0.73463,0.62104,0.44774,0.82427,-0.34657,-0.18969,0.51197,0.8378,0.41401,0.84809,-0.33067,-0.09214,0.38431,0.9186,0.37588,0.8636,-0.33602,0.18138,0.39038,0.90261,0.34982,0.85921,-0.37335
1.0,0.38256,0.83899,-0.38697,1,0.68605,0.15347,0.98814,-0.00539,0.42213,0.81909,-0.38846,0.34483,-0.05866,-0.93683,-0.06254,1.40229,0.3527,0.5155,0.33699,-0.78784,0.51149,0.78228,-0.35554,-0.29292,0.7131,0.63694,0.44713,0.825,-0.34562,-0.19705,0.50756,0.83878,0.41342,0.84899,-0.32909,-0.10474,0.37787,0.91991,0.37532,0.86453,-0.33424,0.14965,0.3774,0.91388,0.34959,0.85988,-0.37201
