1.0,-0.01907,0.9716,-0.23586,0.2748,0,0.85237,0.47851,-0.21096,-0.14095,0.97633,-0.16408,-0.29335,0.10355,-0.95038,0.10853,-1.91013,-0.29939,0.29982,-0.10607,-0.94808,-0.01666,0.95178,-0.30634,0.51611,0.36429,-0.77519,-0.0957,0.9226,-0.3737,0.51633,0.32107,-0.79393,-0.11067,0.92431,-0.36523,0.44599,0.37625,-0.81211,-0.13431,0.94117,-0.3101,0.3901,0.43621,-0.81089,-0.14303,0.9639,-0.22458
1.0,-0.02211,0.97025,-0.2411,0.29147,0,0.83932,0.49521,-0.22432,-0.14148,0.97598,-0.16567,-0.29136,0.06138,-0.95464,0.06421,-1.77843,-0.29622,0.30328,-0.11402,-0.94605,-0.01644,0.9517,-0.30658,0.5776,0.38767,-0.71839,-0.09249,0.92229,-0.37526,0.6061,0.31446,-0.73059,-0.1025,0.92361,-0.36937,0.5223,0.34746,-0.77876,-0.12852,0.93893,-0.3192,0.46774,0.37453,-0.80059,-0.14233,0.96116,-0.23646
1.0,-0.02555,0.96892,-0.24605,0.3067,0.03176,0.82713,0.50913,-0.23802,-0.14169,0.97584,-0.16633,-0.28602,0.01676,-0.95808,0.01749,-1.62933,-0.29011,0.29802,-0.13566,-0.94487,-0.01636,0.95163,-0.30682,0.59175,0.40539,-0.69677,-0.08904,0.92207,-0.37664,0.64967,0.32114,-0.68905,-0.09294,0.92324,-0.37282,0.58265,0.33196,-0.74183,-0.12038,0.93668,-0.32886,0.52474,0.33571,-0.78227,-0.14099,0.95856,-0.24757
1.0,-0.02946,0.96825,-0.24824,0.32034,0.04319,0.81929,0.51862,-0.24453,-0.14222,0.97545,-0.16816,-0.27435,-0.01992,-0.96142,-0.02072,-1.49831,-0.27797,0.2913,-0.12184,-0.94884,-0.0162,0.95142,-0.30745,0.57311,0.4162,-0.70592,-0.08599,0.92168,-0.37831,0.67709,0.33599,-0.65472,-0.0824,0.92307,-0.3757,0.64096,0.3305,-0.69277,-0.10767,0.93485,-0.33834,0.59042,0.30729,-0.74631,-0.1364,0.954,-0.26699
1.0,-0.03169,0.96716,-0.2522,0.32322,0.02601,0.81364,0.52516,-0.24938,-0.14302,0.97481,-0.17114,-0.26394,-0.04853,-0.96332,-0.05033,-1.38898,-0.26743,0.29622,-0.15026,-0.94323,-0.01554,0.9508,-0.30942,0.57554,0.42395,-0.6993,-0.08306,0.92119,-0.38015,0.69394,0.34477,-0.63212,-0.07533,0.92286,-0.3777,0.67272,0.33427,-0.66009,-0.09961,0.93407,-0.34291,0.62686,0.29978,-0.71915,-0.13165,0.95048,-0.28154
1.0,-0.03537,0.96587,-0.25659,0.33612,0,0.80382,0.53791,-0.25402,-0.14382,0.97414,-0.17425,-0.25673,-0.0715,-0.96383,-0.07405,-1.29917,-0.26032,0.30771,-0.18533,-0.93326,-0.01406,0.94986,-0.31235,0.58134,0.43978,-0.68457,-0.08004,0.92075,-0.38185,0.70883,0.36114,-0.60591,-0.07048,0.92294,-0.37843,0.70089,0.34674,-0.62332,-0.09417,0.93415,-0.34424,0.66393,0.30068,-0.68468,-0.12742,0.94847,-0.29011
1.0,-0.03999,0.96344,-0.26493,0.3385,0,0.79165,0.55018,-0.26569,-0.14531,0.97286,-0.1801,-0.24865,-0.10711,-0.96265,-0.11081,-1.16407,-0.25277,0.33688,-0.2244,-0.91442,-0.00971,0.94856,-0.31646,0.60708,0.46598,-0.64367,-0.07526,0.92037,-0.38374,0.72204,0.37378,-0.58219,-0.06496,0.92251,-0.38046,0.74403,0.35735,-0.56455,-0.08795,0.93426,-0.34558,0.72197,0.2887,-0.62881,-0.122,0.94662,-0.29837
1.0,-0.04231,0.96166,-0.27097,0.38651,0,0.78693,0.5565,-0.26654,-0.1466,0.97161,-0.1857,-0.24499,-0.11467,-0.96272,-0.11855,-1.13304,-0.24919,0.35279,-0.24252,-0.90373,-0.00523,0.94753,-0.31961,0.64348,0.48626,-0.59117,-0.07107,0.92029,-0.38473,0.75221,0.38386,-0.53557,-0.0611,0.92219,-0.38187,0.78783,0.36489,-0.49616,-0.08389,0.93463,-0.34559,0.76838,0.28041,-0.57529,-0.1188,0.94596,-0.30174
1.0,-0.04517,0.96032,-0.27522,0.48024,0.04481,0.78348,0.56093,-0.26743,-0.148,0.97013,-0.19221,-0.23775,-0.12705,-0.96298,-0.13118,-1.08001,-0.24204,0.36622,-0.25132,-0.89595,-0.00141,0.94687,-0.32161,0.6784,0.50299,-0.53551,-0.06634,0.92067,-0.38467,0.79328,0.39967,-0.45931,-0.05722,0.92281,-0.38098,0.8193,0.37112,-0.43706,-0.07977,0.93549,-0.34423,0.80351,0.27446,-0.52824,-0.11512,0.94588,-0.30341
1.0,-0.04317,0.95936,-0.27888,0.47719,0.00806,0.77856,0.56953,-0.26358,-0.14898,0.96885,-0.19782,-0.22909,-0.1331,-0.96426,-0.13717,-1.04446,-0.23325,0.38443,-0.27357,-0.88169,0.00287,0.94627,-0.32337,0.6832,0.51127,-0.52139,-0.06078,0.92095,-0.38492,0.80022,0.41088,-0.43684,-0.05383,0.92345,-0.37993,0.81826,0.37951,-0.43177,-0.07649,0.93579,-0.34415,0.80151,0.28333,-0.5266,-0.1133,0.94552,-0.30522
1.0,-0.04524,0.95803,-0.28307,0.51952,0.00362,0.77177,0.58082,-0.2589,-0.14985,0.96718,-0.20522,-0.21904,-0.1394,-0.96571,-0.14336,-1.00403,-0.22305,0.40157,-0.27678,-0.87301,0.00854,0.9455,-0.32552,0.68964,0.52897,-0.49456,-0.05401,0.92104,-0.38571,0.81387,0.43143,-0.38921,-0.05033,0.92414,-0.37873,0.84747,0.3972,-0.35218,-0.07317,0.93628,-0.34356,0.85072,0.28477,-0.44179,-0.11044,0.94553,-0.30623
1.0,-0.04371,0.9576,-0.28478,0.52451,0,0.77088,0.58405,-0.25422,-0.1502,0.96638,-0.20867,-0.21388,-0.13859,-0.96698,-0.14236,-0.99583,-0.21768,0.4141,-0.2884,-0.86333,0.01132,0.94521,-0.32627,0.69266,0.52934,-0.48992,-0.05117,0.92103,-0.38611,0.81483,0.4325,-0.38599,-0.04883,0.92442,-0.37825,0.84675,0.39904,-0.35183,-0.07229,0.93646,-0.34326,0.84779,0.28839,-0.44506,-0.10961,0.94555,-0.30646
1.0,-0.04093,0.95724,-0.28638,0.51042,0,0.77207,0.58423,-0.25016,-0.15051,0.96563,-0.21191,-0.21089,-0.1358,-0.96803,-0.13938,-0.99869,-0.2145,0.42177,-0.29622,-0.85695,0.01389,0.94484,-0.32723,0.69375,0.52485,-0.49319,-0.04868,0.92085,-0.38687,0.81201,0.4277,-0.39713,-0.04741,0.92449,-0.37824,0.83571,0.39559,-0.38091,-0.07184,0.93643,-0.34343,0.82811,0.29267,-0.4781,-0.10944,0.94541,-0.30697
1.0,-0.03959,0.95662,-0.28865,0.52195,0,0.77059,0.58753,-0.24697,-0.1507,0.96501,-0.21459,-0.20615,-0.1369,-0.9689,-0.14036,-0.98459,-0.20964,0.43421,-0.30366,-0.84809,0.0166,0.94444,-0.32826,0.69849,0.52739,-0.4837,-0.04614,0.92055,-0.38789,0.81463,0.43006,-0.38914,-0.04563,0.92442,-0.37863,0.83531,0.39813,-0.37915,-0.0712,0.93628,-0.34397,0.82894,0.29622,-0.47446,-0.1092,0.94513,-0.3079
1.0,-0.03919,0.95552,-0.2923,0.55271,0,0.76665,0.59514,-0.24095,-0.15077,0.96428,-0.2178,-0.20044,-0.13467,-0.97041,-0.1379,-0.97921,-0.20369,0.44828,-0.30427,-0.84051,0.02054,0.94381,-0.32986,0.70216,0.54043,-0.46358,-0.04315,0.92016,-0.38917,0.82092,0.44373,-0.35944,-0.04344,0.92435,-0.37906,0.84204,0.40886,-0.35186,-0.06997,0.93604,-0.34486,0.84601,0.30195,-0.43943,-0.10845,0.94475,-0.30935
1.0,-0.04051,0.95485,-0.29432,0.55154,0,0.76572,0.59731,-0.23852,-0.15072,0.96393,-0.21938,-0.19463,-0.13827,-0.97108,-0.14144,-0.95311,-0.1978,0.4532,-0.28703,-0.84393,0.02201,0.94352,-0.33057,0.70239,0.54306,-0.46016,-0.04173,0.9199,-0.38993,0.8267,0.45086,-0.33659,-0.04198,0.9243,-0.37935,0.85965,0.41566,-0.29702,-0.06913,0.93601,-0.34512,0.88087,0.29673,-0.36882,-0.1075,0.94465,-0.30997
1.0,-0.0402,0.95421,-0.29642,0.54366,0,0.76415,0.59962,-0.23777,-0.15066,0.96369,-0.22048,-0.18889,-0.14444,-0.97132,-0.14763,-0.91795,-0.19207,0.46151,-0.29136,-0.83793,0.02351,0.94325,-0.33124,0.70158,0.54251,-0.46203,-0.04053,0.91963,-0.39068,0.82851,0.45436,-0.32731,-0.04052,0.92424,-0.37965,0.8679,0.42028,-0.2648,-0.06838,0.93605,-0.34515,0.89817,0.29505,-0.32594,-0.1064,0.94467,-0.31029
1.0,-0.03919,0.95332,-0.29939,0.55113,0,0.76615,0.5988,-0.23336,-0.15044,0.96323,-0.22262,-0.18162,-0.14656,-0.97238,-0.1496,-0.89183,-0.18465,0.46894,-0.28281,-0.83673,0.02566,0.94285,-0.33222,0.70541,0.53585,-0.46396,-0.03822,0.91893,-0.39256,0.83352,0.4539,-0.31499,-0.03813,0.92396,-0.38059,0.87928,0.42163,-0.22158,-0.06671,0.93614,-0.34525,0.92392,0.28729,-0.25267,-0.10437,0.9448,-0.31057
1.0,-0.03701,0.95207,-0.30364,0.53868,0,0.76017,0.60937,-0.22541,-0.14964,0.96238,-0.22679,-0.16873,-0.14987,-0.9742,-0.15265,-0.84452,-0.1715,0.47787,-0.2594,-0.83926,0.02856,0.94227,-0.33363,0.69706,0.53387,-0.47864,-0.03444,0.91749,-0.39627,0.83028,0.46395,-0.30885,-0.03434,0.9233,-0.38254,0.88519,0.43698,-0.15961,-0.06436,0.93638,-0.34504,0.94794,0.28972,-0.1322,-0.10151,0.94532,-0.30995
1.0,-0.02841,0.95042,-0.30966,0.46566,0,0.75169,0.6271,-0.20423,-0.14582,0.95977,-0.23995,-0.13942,-0.15157,-0.97856,-0.15367,-0.74369,-0.14153,0.50568,-0.23829,-0.82916,0.03956,0.94024,-0.33821,0.68273,0.52472,-0.50847,-0.02401,0.91267,-0.408,0.81511,0.46679,-0.34308,-0.02585,0.92029,-0.39038,0.87645,0.45598,-0.15466,-0.05584,0.9362,-0.347,0.95134,0.30532,-0.04151,-0.09267,0.94638,-0.30949
1.0,-0.02633,0.94974,-0.31194,0.45552,0,0.74596,0.63713,-0.19391,-0.14372,0.95832,-0.24691,-0.12509,-0.15194,-0.98044,-0.15375,-0.68876,-0.1269,0.52007,-0.23072,-0.82237,0.04649,0.93891,-0.341,0.67983,0.53587,-0.50068,-0.01903,0.91039,-0.41331,0.80929,0.47467,-0.34604,-0.02228,0.91876,-0.39418,0.87011,0.46664,-0.15861,-0.05241,0.93576,-0.34873,0.94574,0.32024,-0.05502,-0.08955,0.94635,-0.3105
1.0,-0.02584,0.94929,-0.31334,0.47157,0,0.7457,0.64053,-0.18345,-0.1429,0.9577,-0.24976,-0.11324,-0.14949,-0.98226,-0.15103,-0.64831,-0.11478,0.53338,-0.22764,-0.81467,0.05058,0.93808,-0.34272,0.68956,0.54992,-0.47126,-0.01448,0.90885,-0.41688,0.81435,0.48282,-0.32204,-0.01849,0.91737,-0.39759,0.87004,0.47067,-0.14661,-0.05033,0.93539,-0.35001,0.94289,0.32635,-0.06672,-0.08876,0.94623,-0.31108
1.0,-0.02437,0.94819,-0.31678,0.50934,0,0.74232,0.64546,-0.17987,-0.14236,0.95721,-0.25196,-0.10244,-0.15597,-0.98244,-0.15744,-0.58113,-0.10389,0.54948,-0.24949,-0.79739,0.05438,0.93732,-0.3442,0.69962,0.56692,-0.43489,-0.01132,0.90819,-0.4184,0.8206,0.49545,-0.28486,-0.01568,0.91665,-0.39939,0.86995,0.47805,-0.12104,-0.04798,0.93498,-0.35144,0.94116,0.3335,-0.05467,-0.08791,0.94602,-0.31197
1.0,-0.01739,0.94459,-0.3278,0.57027,0,0.72496,0.66411,-0.18273,-0.14183,0.95675,-0.254,-0.08921,-0.17252,-0.98096,-0.17409,-0.47723,-0.09069,0.61287,-0.33252,-0.71682,0.07237,0.93535,-0.34623,0.70182,0.60545,-0.37534,-0.0068,0.90778,-0.4194,0.8136,0.52628,-0.24717,-0.01163,0.91589,-0.40127,0.86067,0.5057,-0.05933,-0.04534,0.93474,-0.35242,0.93554,0.34663,0.06785,-0.08663,0.94587,-0.31279
1.0,-0.01438,0.94342,-0.33129,0.54599,0,0.72594,0.66387,-0.17971,-0.14132,0.95632,-0.25588,-0.08036,-0.17764,-0.98081,-0.17917,-0.42482,-0.08175,0.61966,-0.34511,-0.70493,0.08222,0.93397,-0.34776,0.70607,0.60451,-0.36882,-0.0031,0.90724,-0.4206,0.81575,0.52667,-0.23909,-0.0085,0.9152,-0.40291,0.86118,0.50706,-0.03558,-0.04247,0.93448,-0.35347,0.93369,0.3463,0.09104,-0.08473,0.94567,-0.31388
1.0,-0.01382,0.94262,-0.33358,0.55674,0,0.72425,0.66573,-0.17964,-0.1405,0.95566,-0.25879,-0.07468,-0.18325,-0.98023,-0.18481,-0.387,-0.07604,0.62203,-0.35032,-0.70025,0.08786,0.93292,-0.34921,0.70745,0.61442,-0.34929,0.0001,0.90686,-0.42144,0.81721,0.53644,-0.21071,-0.00611,0.91483,-0.40379,0.85845,0.51212,0.02823,-0.04103,0.93446,-0.35369,0.92782,0.34536,0.141,-0.08294,0.94556,-0.31471
1.0,-0.01352,0.9423,-0.33449,0.56639,0,0.72201,0.66887,-0.17696,-0.13965,0.95498,-0.26174,-0.06917,-0.1847,-0.98036,-0.18622,-0.35833,-0.07044,0.62593,-0.35018,-0.69684,0.09106,0.93227,-0.35012,0.70714,0.62198,-0.3363,0.00221,0.90665,-0.42187,0.81661,0.54385,-0.19335,-0.00495,0.9147,-0.40411,0.85456,0.51621,0.05697,-0.0405,0.93448,-0.3537,0.92438,0.34774,0.15685,-0.08116,0.94544,-0.31553
1.0,-0.01238,0.94188,-0.33572,0.57173,0,0.72246,0.66942,-0.17299,-0.13886,0.95434,-0.2645,-0.06473,-0.18362,-0.98086,-0.18506,-0.33891,-0.0659,0.6298,-0.35083,-0.69301,0.09304,0.93184,-0.35073,0.70921,0.6228,-0.33035,0.00391,0.90649,-0.42222,0.81738,0.54418,-0.1891,-0.00378,0.91456,-0.40444,0.85435,0.51664,0.0564,-0.03976,0.93449,-0.35377,0.92458,0.34867,0.15354,-0.08002,0.94531,-0.3162
1.0,-0.00935,0.94006,-0.34089,0.63386,0,0.7253,0.66757,-0.16817,-0.13719,0.95309,-0.26982,-0.05249,-0.18994,-0.98039,-0.19136,-0.26965,-0.05349,0.63648,-0.34435,-0.69015,0.09614,0.93098,-0.35218,0.71859,0.62361,-0.3078,0.00847,0.90572,-0.4238,0.8224,0.55086,-0.14216,-0.00067,0.9141,-0.40548,0.84311,0.51632,0.15028,-0.03802,0.93452,-0.35388,0.90106,0.33716,0.27277,-0.07801,0.94515,-0.31718
1.0,-0.00299,0.9368,-0.34986,0.73403,0,0.72174,0.6703,-0.17261,-0.13362,0.95112,-0.27843,-0.04025,-0.20831,-0.97723,-0.21002,-0.19086,-0.04116,0.64657,-0.37199,-0.66601,0.10342,0.92913,-0.355,0.7218,0.64062,-0.26194,0.01698,0.90417,-0.42684,0.81185,0.58386,0.00219,0.00204,0.91412,-0.40544,0.78137,0.50787,0.36268,-0.03677,0.9348,-0.35328,0.79958,0.32657,0.504,-0.07659,0.94543,-0.31671
1.0,0.00918,0.93292,-0.35997,0.78121,0,0.71502,0.67454,-0.18367,-0.12449,0.94753,-0.29444,-0.02665,-0.23623,-0.97133,-0.23857,-0.11235,-0.02743,0.6578,-0.41488,-0.62862,0.12192,0.92517,-0.35944,0.71617,0.64659,-0.26271,0.03273,0.90005,-0.43456,0.77731,0.61467,0.13403,0.00583,0.91475,-0.40398,0.68957,0.49495,0.52869,-0.03439,0.93581,-0.35081,0.6922,0.33736,0.63801,-0.07425,0.94618,-0.31502
1.0,0.02226,0.92893,-0.36958,0.83407,0,0.71309,0.67088,-0.20352,-0.11214,0.94372,-0.31115,-0.01007,-0.28047,-0.95981,-0.2843,-0.03589,-0.01049,0.66648,-0.49443,-0.55798,0.14103,0.92184,-0.36101,0.71268,0.66629,-0.21941,0.05152,0.89591,-0.44125,0.65857,0.64516,0.38737,0.00816,0.91558,-0.40206,0.57259,0.4816,0.66347,-0.03054,0.93771,-0.34606,0.57532,0.3676,0.73067,-0.06983,0.94687,-0.31394
1.0,0.04078,0.92229,-0.38434,1,0,0.69255,0.6857,-0.22404,-0.08957,0.938,-0.33485,0.01066,-0.32027,-0.94727,-0.32604,0.03326,0.01125,0.69008,-0.48837,-0.53412,0.17323,0.91425,-0.36625,0.66059,0.74759,-0.06876,0.07021,0.89516,-0.44019,0.51239,0.6513,0.5597,0.0182,0.9198,-0.39197,0.49445,0.50412,0.70808,-0.01205,0.9417,-0.33625,0.51181,0.38984,0.76556,-0.05663,0.94451,-0.32355
1.0,0.05725,0.91734,-0.39397,1,0,0.66166,0.71314,-0.23161,-0.07208,0.93429,-0.34914,0.02945,-0.33337,-0.94233,-0.34003,0.08812,0.03124,0.71272,-0.47342,-0.51759,0.19974,0.90684,-0.37115,0.61412,0.78852,-0.03297,0.08707,0.89318,-0.44119,0.44017,0.65805,0.61092,0.03602,0.92426,-0.38005,0.43709,0.52081,0.73329,0.00229,0.94113,-0.33803,0.47266,0.39741,0.78655,-0.04606,0.94137,-0.33421
1.0,0.07302,0.91268,-0.4021,0.95338,0,0.63892,0.73549,-0.22547,-0.05813,0.93091,-0.36059,0.04716,-0.32999,-0.94281,-0.33668,0.14196,0.04998,0.73166,-0.46148,-0.50171,0.22115,0.90006,-0.37547,0.6035,0.79313,-0.08206,0.10167,0.88765,-0.44916,0.42558,0.66919,0.60916,0.0549,0.92412,-0.37815,0.43263,0.52873,0.73026,0.01503,0.93822,-0.34571,0.47636,0.3926,0.78673,-0.03547,0.93826,-0.3441
1.0,0.09229,0.9079,-0.40891,0.88081,0,0.62432,0.75121,-0.21428,-0.04423,0.92758,-0.37101,0.06357,-0.32226,-0.94452,-0.3288,0.19478,0.06721,0.75084,-0.48673,-0.44646,0.24327,0.89391,-0.37649,0.59011,0.8028,-0.08533,0.11624,0.88286,-0.45503,0.26497,0.59501,0.75879,0.06027,0.92505,-0.37504,0.32874,0.46515,0.82193,0.02067,0.93832,-0.34516,0.4036,0.36184,0.84034,-0.02698,0.93745,-0.34708
1.0,0.11351,0.9021,-0.41632,0.9941,0,0.59032,0.77904,-0.21122,-0.02646,0.92377,-0.38203,0.07546,-0.3138,-0.94649,-0.32014,0.23599,0.07956,0.77043,-0.49011,-0.40771,0.2688,0.88598,-0.37787,0.51705,0.85531,0.03319,0.12644,0.88207,-0.45383,0.14909,0.5341,0.83217,0.06319,0.92636,-0.3713,0.23646,0.4153,0.87841,0.02561,0.9387,-0.34378,0.33325,0.35628,0.87293,-0.01867,0.93626,-0.3508
1.0,0.14149,0.89283,-0.4276,1,0,0.54402,0.80421,-0.23936,-0.00028,0.9183,-0.39589,0.08174,-0.3347,-0.93877,-0.34248,0.23953,0.08685,0.79087,-0.49054,-0.3659,0.30418,0.87445,-0.3779,0.46009,0.88757,0.02333,0.14048,0.87714,-0.45922,0.11481,0.56978,0.81374,0.07638,0.92596,-0.36981,0.19721,0.46936,0.8607,0.03848,0.93535,-0.35162,0.3016,0.43157,0.85017,-0.00507,0.93192,-0.36263
1.0,0.14878,0.88909,-0.43288,1,0,0.55621,0.78685,-0.26741,0.0083,0.91578,-0.40159,0.08765,-0.37552,-0.92266,-0.38652,0.2293,0.09471,0.79441,-0.50471,-0.33791,0.31313,0.87133,-0.3778,0.38519,0.90811,0.16422,0.14367,0.87698,-0.45855,0.0791,0.59587,0.79918,0.08636,0.92371,-0.37323,0.16502,0.48065,0.86124,0.0455,0.9324,-0.35856,0.26904,0.44648,0.85339,0.00093,0.92909,-0.36985
1.0,0.14987,0.88775,-0.43525,1,0,0.55884,0.77394,-0.29785,0.0142,0.9146,-0.40412,0.09452,-0.41628,-0.90431,-0.43141,0.22326,0.10414,0.79742,-0.49695,-0.34229,0.317,0.86986,-0.37796,0.33942,0.91504,0.21795,0.14479,0.87715,-0.45788,0.05086,0.61522,0.78672,0.09367,0.92175,-0.37631,0.12783,0.4943,0.85984,0.0499,0.93031,-0.36336,0.23816,0.46733,0.8514,0.00526,0.92698,-0.37508
1.0,0.14986,0.88671,-0.43735,1,0,0.56387,0.76245,-0.31738,0.01673,0.914,-0.40537,0.09253,-0.44021,-0.89312,-0.45794,0.20719,0.10324,0.79514,-0.5006,-0.34229,0.31793,0.86923,-0.37862,0.31455,0.91456,0.25423,0.14526,0.87727,-0.4575,0.04932,0.62043,0.78271,0.0978,0.92037,-0.37862,0.11703,0.50536,0.85494,0.05179,0.92909,-0.36622,0.22942,0.48048,0.84647,0.00729,0.92577,-0.37801
1.0,0.15178,0.88587,-0.4384,1,0,0.56553,0.75938,-0.32176,0.01826,0.91356,-0.40629,0.09341,-0.4466,-0.88984,-0.46516,0.20618,0.10459,0.79508,-0.50358,-0.33802,0.31916,0.86854,-0.37916,0.29327,0.91009,0.29281,0.14545,0.87734,-0.4573,0.04875,0.61136,0.78985,0.10023,0.9196,-0.37986,0.11678,0.49825,0.85913,0.05327,0.92829,-0.36803,0.22686,0.48219,0.84618,0.00886,0.92497,-0.37993
1.0,0.15896,0.88335,-0.44093,1,0,0.55248,0.76957,-0.32021,0.02147,0.91239,-0.40875,0.10302,-0.44427,-0.88995,-0.46301,0.22786,0.11525,0.8064,-0.49229,-0.32766,0.32346,0.86692,-0.37924,0.19933,0.88478,0.42122,0.14558,0.87741,-0.45713,0.02809,0.5872,0.80895,0.1031,0.91873,-0.38119,0.10696,0.47955,0.87097,0.05573,0.92719,-0.37042,0.22197,0.47268,0.85282,0.01136,0.92381,-0.38269
1.0,0.1638,0.88153,-0.44281,1,0,0.54975,0.76748,-0.32978,0.02429,0.91137,-0.41088,0.11189,-0.45889,-0.88142,-0.48001,0.23916,0.12627,0.81017,-0.49518,-0.31373,0.32674,0.86586,-0.37885,0.0659,0.82209,0.56553,0.1456,0.87746,-0.45702,0.00223,0.58535,0.81078,0.10479,0.91806,-0.38234,0.09267,0.48479,0.86971,0.05737,0.92635,-0.37226,0.20834,0.48461,0.84956,0.01294,0.92294,-0.38472
1.0,0.16626,0.88051,-0.44391,1,0,0.54756,0.76147,-0.34691,0.02712,0.91042,-0.4128,0.12317,-0.48341,-0.86669,-0.50879,0.24948,0.14117,0.81226,-0.49797,-0.30375,0.329,0.86519,-0.37842,-0.00532,0.78823,0.61536,0.14562,0.87752,-0.45689,-0.02576,0.60338,0.79704,0.106,0.91745,-0.38348,0.07301,0.51019,0.85696,0.05835,0.92576,-0.37359,0.19138,0.51094,0.83804,0.01397,0.92229,-0.38625
1.0,0.16811,0.87971,-0.4448,1,0,0.54445,0.75646,-0.3624,0.02957,0.90968,-0.41426,0.12871,-0.50228,-0.85507,-0.53111,0.25086,0.14941,0.81216,-0.50238,-0.29668,0.33037,0.86486,-0.378,-0.02528,0.78074,0.62435,0.14566,0.8777,-0.45653,-0.03575,0.6147,0.78795,0.10698,0.9169,-0.38452,0.06875,0.5239,0.849,0.05921,0.9252,-0.37483,0.19227,0.51975,0.8324,0.01504,0.92156,-0.38794
1.0,0.17016,0.87912,-0.44519,1,0,0.54312,0.75444,-0.36856,0.03202,0.90899,-0.41558,0.13223,-0.51032,-0.84976,-0.54083,0.25354,0.15438,0.81234,-0.50424,-0.29299,0.33201,0.86444,-0.3775,-0.03216,0.78014,0.62477,0.14585,0.87837,-0.45519,-0.03836,0.61215,0.78981,0.10806,0.91636,-0.3855,0.07057,0.52037,0.85102,0.06052,0.92446,-0.37644,0.19563,0.51491,0.83462,0.01678,0.92054,-0.3903
1.0,0.17263,0.87823,-0.446,1,0,0.54389,0.75367,-0.36901,0.03329,0.90864,-0.41624,0.13488,-0.51254,-0.84801,-0.54365,0.25732,0.15773,0.81354,-0.50409,-0.28992,0.33302,0.86415,-0.37728,-0.03032,0.78809,0.61481,0.14623,0.87935,-0.45318,-0.04214,0.61049,0.7909,0.10879,0.91606,-0.38601,0.06754,0.5166,0.85356,0.06149,0.92402,-0.37738,0.19287,0.51115,0.83757,0.01798,0.91994,-0.39165
1.0,0.18358,0.87435,-0.44923,1,0,0.53529,0.75756,-0.37358,0.03758,0.90774,-0.41784,0.13489,-0.51327,-0.84756,-0.54451,0.25699,0.15783,0.81888,-0.48949,-0.29973,0.33691,0.86261,-0.37736,-0.00579,0.81406,0.58075,0.14858,0.88125,-0.44869,-0.0395,0.624,0.78043,0.11158,0.91518,-0.38729,0.0626,0.53361,0.84341,0.06423,0.92313,-0.37908,0.19027,0.53053,0.82603,0.02114,0.91891,-0.3939
1.0,0.19759,0.86875,-0.45412,1,0,0.52749,0.74832,-0.40221,0.05111,0.90533,-0.42163,0.14005,-0.54355,-0.82761,-0.58112,0.25218,0.16764,0.8117,-0.49468,-0.31054,0.34946,0.85736,-0.3779,0.02081,0.87376,0.4859,0.15833,0.88291,-0.44205,-0.04139,0.69711,0.71577,0.11976,0.91233,-0.39155,0.05341,0.6055,0.79405,0.07121,0.92087,-0.3833,0.18132,0.59766,0.78098,0.02944,0.91633,-0.39933
1.0,0.20936,0.86381,-0.45826,1,0,0.52584,0.73317,-0.43122,0.06787,0.90228,-0.42577,0.14342,-0.57613,-0.80467,-0.62137,0.24397,0.17638,0.80257,-0.51196,-0.30624,0.36415,0.85068,-0.37913,0.05104,0.91431,0.40178,0.17553,0.88126,-0.43884,-0.03329,0.74653,0.66452,0.13221,0.90781,-0.39799,0.06395,0.64804,0.75892,0.08352,0.91699,-0.39008,0.19244,0.6367,0.74671,0.04295,0.91225,-0.40737
1.0,0.21803,0.85982,-0.46171,1,0,0.53226,0.71161,-0.4586,0.08341,0.89935,-0.42919,0.14496,-0.61031,-0.77878,-0.66471,0.23319,0.18403,0.79535,-0.52244,-0.30735,0.37894,0.84373,-0.38016,0.02562,0.90785,0.41852,0.19339,0.87861,-0.43662,-0.01784,0.77339,0.63368,0.15016,0.901,-0.40699,0.07085,0.68466,0.72541,0.09957,0.91155,-0.39896,0.20219,0.66364,0.72021,0.05926,0.90697,-0.41701
1.0,0.22084,0.85817,-0.46345,1,0,0.53815,0.70095,-0.46805,0.08935,0.89806,-0.43071,0.15018,-0.62617,-0.76509,-0.68588,0.23539,0.19383,0.79333,-0.52368,-0.31046,0.38429,0.8412,-0.38039,-0.03309,0.87225,0.48794,0.19551,0.87861,-0.43568,-0.02632,0.7789,0.62659,0.15828,0.89773,-0.41114,0.07401,0.69888,0.7114,0.10614,0.90907,-0.4029,0.21281,0.67181,0.7095,0.0659,0.90457,-0.42121
1.0,0.22492,0.85652,-0.46453,1,0,0.53975,0.69655,-0.47274,0.09347,0.89704,-0.43195,0.15808,-0.63545,-0.75579,-0.69911,0.24382,0.20619,0.79767,-0.51809,-0.3087,0.38695,0.83993,-0.38051,-0.06492,0.85632,0.51235,0.19656,0.87874,-0.43496,-0.0374,0.77834,0.62673,0.16384,0.89549,-0.41383,0.07045,0.70266,0.70803,0.11123,0.90707,-0.40602,0.21069,0.67401,0.70804,0.07059,0.90273,-0.42438
1.0,0.24187,0.8522,-0.46396,1,0,0.54341,0.70171,-0.46078,0.10134,0.89515,-0.4341,0.16986,-0.62945,-0.75825,-0.69285,0.26358,0.22038,0.81043,-0.52084,-0.26821,0.39261,0.8378,-0.37941,-0.04944,0.87815,0.47582,0.20186,0.87816,-0.4337,-0.0448,0.77315,0.63264,0.17234,0.89281,-0.41616,0.05598,0.68961,0.72201,0.11943,0.90453,-0.40934,0.19048,0.65944,0.72723,0.07829,0.90047,-0.42782
1.0,0.25619,0.84672,-0.46628,1,0,0.53805,0.70574,-0.46091,0.11337,0.89195,-0.4377,0.17705,-0.62923,-0.75678,-0.69363,0.27428,0.22981,0.8189,-0.51398,-0.25541,0.40368,0.83351,-0.37722,-0.08871,0.85589,0.5095,0.21085,0.87673,-0.43231,-0.06403,0.76703,0.63841,0.18303,0.88941,-0.41887,0.04585,0.68969,0.72266,0.13085,0.90103,-0.41355,0.18537,0.66439,0.72404,0.08942,0.89724,-0.4324
1.0,0.28395,0.83804,-0.4659,1,0,0.52979,0.70468,-0.47197,0.13866,0.88574,-0.44298,0.17901,-0.63685,-0.74992,-0.70404,0.27402,0.23432,0.83212,-0.51029,-0.21724,0.43094,0.8226,-0.37098,-0.0868,0.85433,0.51244,0.23459,0.8715,-0.43064,-0.06756,0.76005,0.64634,0.2038,0.88345,-0.42187,0.0355,0.68933,0.72358,0.15269,0.89521,-0.41867,0.16736,0.66832,0.7248,0.11044,0.89219,-0.43795
1.0,0.29915,0.83205,-0.46713,1,0,0.53618,0.69457,-0.47967,0.15907,0.88097,-0.44564,0.18084,-0.64958,-0.73847,-0.72145,0.27151,0.24015,0.83233,-0.51008,-0.2169,0.45162,0.81337,-0.36671,-0.11095,0.84857,0.51732,0.25443,0.86639,-0.42968,-0.08115,0.76591,0.6378,0.22124,0.87827,-0.42389,0.02489,0.70154,0.7122,0.17074,0.89025,-0.42226,0.15526,0.68624,0.71062,0.1279,0.88791,-0.44188
1.0,0.30679,0.82869,-0.46814,1,0,0.53774,0.68813,-0.48715,0.17364,0.87728,-0.44747,0.19102,-0.66222,-0.72456,-0.74047,0.28083,0.25777,0.83617,-0.49987,-0.2257,0.46401,0.80707,-0.36516,-0.1308,0.84831,0.51309,0.26865,0.86239,-0.42908,-0.0942,0.77859,0.62042,0.23369,0.87414,-0.42575,0.01622,0.72087,0.69288,0.18341,0.8862,-0.42546,0.14537,0.7095,0.68955,0.14014,0.88428,-0.44544
1.0,0.31959,0.82486,-0.46634,1,0,0.52767,0.6889,-0.49697,0.18639,0.87436,-0.44805,0.19911,-0.66906,-0.71604,-0.7515,0.28925,0.27122,0.84642,-0.48713,-0.21512,0.47476,0.80227,-0.3619,-0.14383,0.84999,0.50678,0.28012,0.85906,-0.42843,-0.09964,0.79227,0.60198,0.24461,0.87043,-0.42722,0.01029,0.74055,0.67192,0.19453,0.88252,-0.42815,0.13894,0.73185,0.66715,0.15109,0.88091,-0.44853
1.0,0.35031,0.81546,-0.46077,1,0,0.53357,0.67606,-0.50817,0.21169,0.86898,-0.44728,0.20663,-0.68685,-0.69681,-0.7782,0.29222,0.28827,0.85147,-0.49822,-0.16365,0.49229,0.79628,-0.35154,-0.18184,0.84887,0.49634,0.30085,0.85318,-0.42611,-0.12264,0.81759,0.56259,0.26667,0.86312,-0.42885,0.01077,0.76387,0.64528,0.21902,0.87515,-0.43145,0.14211,0.75473,0.64046,0.1756,0.87422,-0.45266
1.0,0.36833,0.80859,-0.45882,1,0,0.53189,0.66143,-0.52878,0.23207,0.86393,-0.44696,0.21011,-0.70799,-0.67425,-0.8098,0.2885,0.30209,0.85814,-0.49195,-0.14689,0.50896,0.79002,-0.34182,-0.20164,0.85224,0.48273,0.31636,0.84847,-0.42428,-0.13378,0.82962,0.54207,0.28293,0.85763,-0.42945,0.00716,0.78416,0.62051,0.23728,0.86933,-0.43355,0.14369,0.77653,0.61347,0.19475,0.8686,-0.45564
1.0,0.38039,0.80272,-0.45929,1,0,0.5163,0.64532,-0.56302,0.24948,0.85947,-0.44618,0.20048,-0.73023,-0.65312,-0.84108,0.26794,0.29782,0.85992,-0.48662,-0.15405,0.5256,0.78263,-0.33352,-0.19988,0.86158,0.46661,0.32902,0.84401,-0.42356,-0.1268,0.84576,0.51827,0.29508,0.85299,-0.4305,0.01837,0.80767,0.58934,0.25044,0.86457,-0.43565,0.15615,0.79993,0.57942,0.20884,0.86397,-0.45819
1.0,0.383,0.80009,-0.4617,1,0,0.50427,0.63595,-0.58419,0.2585,0.85695,-0.44589,0.19482,-0.74284,-0.64049,-0.85925,0.25649,0.29529,0.85602,-0.49007,-0.16446,0.53142,0.77912,-0.33251,-0.20714,0.86532,0.45642,0.33432,0.8417,-0.42399,-0.1298,0.85428,0.50334,0.2997,0.8508,-0.43165,0.02174,0.81954,0.57261,0.25602,0.86209,-0.43732,0.15937,0.81258,0.56064,0.21506,0.8614,-0.46014
1.0,0.38479,0.7991,-0.46192,1,0,0.50273,0.62784,-0.59421,0.26284,0.85576,-0.44564,0.19615,-0.75231,-0.62893,-0.87448,0.25506,0.30232,0.8535,-0.49677,-0.15734,0.53362,0.77763,-0.33249,-0.23913,0.87196,0.42719,0.33735,0.84026,-0.42445,-0.13313,0.86058,0.4916,0.30322,0.84912,-0.43249,0.02015,0.82835,0.55984,0.25993,0.86031,-0.43853,0.16035,0.82198,0.54648,0.21897,0.85967,-0.46154
1.0,0.39311,0.79608,-0.46014,1,0,0.50285,0.61162,-0.61079,0.26937,0.85408,-0.44496,0.20318,-0.77047,-0.60424,-0.90573,0.25784,0.32438,0.85495,-0.50182,-0.13127,0.53714,0.77588,-0.33091,-0.29853,0.88361,0.36071,0.33895,0.83932,-0.42504,-0.14163,0.87365,0.46549,0.30812,0.84716,-0.43288,0.01156,0.84453,0.53538,0.26517,0.85826,-0.4394,0.15318,0.8388,0.52245,0.2243,0.85756,-0.46291
1.0,0.39531,0.79472,-0.46061,1,0,0.50144,0.60698,-0.61655,0.27256,0.85311,-0.44487,0.20595,-0.77587,-0.59633,-0.91549,0.25946,0.33253,0.85286,-0.50542,-0.13107,0.53943,0.77478,-0.32976,-0.30924,0.88391,0.35083,0.34004,0.8386,-0.42557,-0.14646,0.87664,0.45831,0.3105,0.84606,-0.43333,0.00742,0.84922,0.52799,0.26765,0.85712,-0.44013,0.14817,0.844,0.51547,0.22692,0.85631,-0.46393
1.0,0.39592,0.79449,-0.46046,1,0,0.50145,0.60701,-0.61652,0.27444,0.8525,-0.4449,0.20929,-0.77652,-0.59432,-0.91754,0.26327,0.33859,0.8525,-0.50597,-0.13125,0.54069,0.77419,-0.32907,-0.31156,0.88296,0.35115,0.34088,0.83807,-0.42597,-0.15182,0.87579,0.45819,0.31195,0.84537,-0.43364,0.0023,0.84926,0.52796,0.26929,0.85631,-0.4407,0.14311,0.84476,0.51565,0.22876,0.85535,-0.4648
1.0,0.39573,0.795,-0.45975,1,0,0.50724,0.60623,-0.61253,0.27548,0.85212,-0.44497,0.21346,-0.77698,-0.59223,-0.91952,0.26811,0.34594,0.85233,-0.50758,-0.12606,0.54114,0.77402,-0.32872,-0.30884,0.88447,0.34976,0.34117,0.83789,-0.42608,-0.15384,0.87672,0.45574,0.31258,0.84508,-0.43375,0.0003,0.85034,0.52623,0.27017,0.85587,-0.44101,0.14153,0.84534,0.51514,0.22956,0.85492,-0.46521
1.0,0.39427,0.79619,-0.45894,1,0,0.52108,0.60055,-0.60648,0.27584,0.85196,-0.44505,0.21739,-0.78052,-0.58611,-0.9267,0.27164,0.35517,0.84977,-0.51391,-0.11742,0.54139,0.77399,-0.32838,-0.30138,0.88906,0.34459,0.34143,0.83774,-0.42616,-0.15231,0.881,0.44794,0.31308,0.84484,-0.43384,0.00142,0.85406,0.52018,0.2706,0.85564,-0.44121,0.14326,0.84753,0.51104,0.22986,0.85473,-0.4654
1.0,0.3728,0.80232,-0.46616,1,0,0.52783,0.59858,-0.60257,0.27464,0.85243,-0.44489,0.21491,-0.78049,-0.58707,-0.9259,0.26869,0.35091,0.82274,-0.51147,-0.24798,0.54105,0.77393,-0.32908,-0.23506,0.89545,0.37805,0.34158,0.8377,-0.42613,-0.13906,0.88657,0.44121,0.31314,0.8448,-0.43389,0.02043,0.85303,0.52146,0.27062,0.85553,-0.4414,0.15579,0.84761,0.50723,0.22985,0.8546,-0.46566
1.0,0.36222,0.80544,-0.46911,1,0,0.52029,0.6104,-0.59725,0.27236,0.8533,-0.44463,0.2136,-0.77015,-0.60103,-0.90812,0.27055,0.34148,0.82008,-0.49832,-0.28134,0.5406,0.77397,-0.32972,-0.20462,0.89106,0.40515,0.34153,0.83777,-0.42602,-0.11411,0.87446,0.47149,0.31247,0.84511,-0.43377,0.03512,0.83789,0.54471,0.26987,0.85582,-0.4413,0.17701,0.82401,0.53822,0.22909,0.85485,-0.46557
1.0,0.35209,0.80836,-0.4718,1,0,0.51482,0.62426,-0.58759,0.26957,0.85421,-0.44459,0.21601,-0.75774,-0.61577,-0.8884,0.2777,0.33738,0.82121,-0.48679,-0.29775,0.54015,0.77403,-0.33034,-0.20011,0.88704,0.41607,0.3411,0.83801,-0.4259,-0.11143,0.86593,0.48759,0.31102,0.8457,-0.43366,0.03205,0.8279,0.55996,0.26805,0.85649,-0.4411,0.1836,0.80848,0.55916,0.22737,0.85546,-0.46528
1.0,0.34655,0.81013,-0.47286,1,0,0.50722,0.63134,-0.58663,0.2669,0.85505,-0.44458,0.21486,-0.75183,-0.62336,-0.87855,0.27836,0.33192,0.81977,-0.47969,-0.31285,0.53949,0.77413,-0.33115,-0.19436,0.88625,0.42046,0.34028,0.83839,-0.4258,-0.10523,0.86286,0.49437,0.30916,0.84647,-0.43349,0.03603,0.82466,0.56448,0.26573,0.85738,-0.44078,0.19271,0.80304,0.56391,0.22516,0.85631,-0.46479
1.0,0.33015,0.8121,-0.48113,1,0.02899,0.51093,0.6167,-0.59887,0.26358,0.85612,-0.44451,0.20221,-0.76333,-0.61354,-0.89376,0.25896,0.31837,0.78131,-0.48774,-0.38944,0.53913,0.77418,-0.33163,-0.18063,0.89492,0.40803,0.3394,0.83875,-0.4258,-0.10148,0.87145,0.47987,0.30724,0.84718,-0.43347,0.04048,0.83508,0.54863,0.26327,0.85824,-0.44058,0.19529,0.81551,0.5448,0.22262,0.85721,-0.46437
1.0,0.32414,0.81224,-0.48497,1,0.08426,0.50978,0.59758,-0.61889,0.2628,0.85641,-0.44441,0.19181,-0.78022,-0.59537,-0.91898,0.24106,0.31168,0.76271,-0.49638,-0.41459,0.53913,0.77418,-0.33163,-0.16466,0.90673,0.38823,0.33907,0.83886,-0.42585,-0.09672,0.88843,0.44871,0.30681,0.8473,-0.43353,0.03766,0.85794,0.51237,0.26284,0.85836,-0.4406,0.18157,0.84842,0.49721,0.22193,0.85739,-0.46435
1.0,0.32107,0.81245,-0.48667,1,0.1043,0.51189,0.5783,-0.63524,0.26249,0.85654,-0.44435,0.18325,-0.79596,-0.57694,-0.9436,0.22629,0.30755,0.74797,-0.50858,-0.42649,0.53913,0.77418,-0.33163,-0.15641,0.91535,0.37103,0.3386,0.839,-0.42594,-0.09995,0.9025,0.41893,0.30642,0.84738,-0.43366,0.04359,0.86841,0.49393,0.26234,0.85846,-0.44071,0.18494,0.85818,0.47888,0.22116,0.85754,-0.46446
1.0,0.31716,0.81315,-0.48805,1,0.13909,0.51672,0.56655,-0.64189,0.26209,0.85671,-0.44424,0.17886,-0.80463,-0.5662,-0.9576,0.21873,0.30598,0.73594,-0.51632,-0.43795,0.53913,0.77418,-0.33163,-0.15117,0.9217,0.35723,0.33806,0.83916,-0.42606,-0.09722,0.90899,0.40531,0.30583,0.84748,-0.43387,0.04695,0.87371,0.48418,0.26165,0.85858,-0.44087,0.18596,0.86254,0.47058,0.22022,0.8577,-0.46461
1.0,0.31484,0.81403,-0.48809,1,0.15223,0.51671,0.5649,-0.64335,0.26143,0.85701,-0.44407,0.17826,-0.80595,-0.5645,-0.95979,0.21768,0.30588,0.73468,-0.51599,-0.44045,0.53913,0.77418,-0.33163,-0.14609,0.92258,0.35707,0.33749,0.83934,-0.42617,-0.09675,0.90924,0.40488,0.30509,0.84763,-0.43411,0.04556,0.87381,0.48412,0.26079,0.85875,-0.44106,0.18409,0.86293,0.47059,0.21919,0.85788,-0.46475
1.0,0.31535,0.81475,-0.48656,1,0.10514,0.50931,0.56836,-0.64619,0.25996,0.85763,-0.44372,0.17535,-0.80367,-0.56866,-0.955,0.21482,0.29911,0.74293,-0.51988,-0.42165,0.53913,0.77418,-0.33163,-0.14243,0.92716,0.34655,0.33671,0.83955,-0.42635,-0.08711,0.91182,0.40124,0.3039,0.84786,-0.43448,0.05279,0.87491,0.4814,0.25935,0.85905,-0.44133,0.19133,0.86311,0.46736,0.21751,0.85822,-0.46492
1.0,0.31332,0.81525,-0.48704,1,0.11125,0.50392,0.57264,-0.64665,0.25911,0.85799,-0.44353,0.17368,-0.80054,-0.57356,-0.9491,0.21365,0.29404,0.74246,-0.51397,-0.42964,0.53911,0.77419,-0.33166,-0.14799,0.91998,0.36295,0.33614,0.83972,-0.42648,-0.09493,0.90604,0.4124,0.30301,0.84806,-0.43473,0.04861,0.87023,0.49024,0.25832,0.85928,-0.44149,0.18829,0.86045,0.47348,0.21638,0.85846,-0.465
1.0,0.31146,0.8158,-0.48729,1,0.10508,0.49953,0.57857,-0.64477,0.25847,0.85825,-0.4434,0.17298,-0.79591,-0.58017,-0.94091,0.21401,0.28977,0.74198,-0.51121,-0.43374,0.53903,0.7742,-0.33175,-0.15755,0.91329,0.3756,0.33541,0.83994,-0.42662,-0.10111,0.89966,0.42472,0.30199,0.8483,-0.43497,0.04373,0.8642,0.50124,0.25725,0.85953,-0.44162,0.18472,0.85628,0.48235,0.21525,0.85872,-0.46504
1.0,0.30988,0.81663,-0.48691,1,0.09621,0.50063,0.58046,-0.64221,0.25764,0.85857,-0.44327,0.16871,-0.79307,-0.5853,-0.93501,0.2096,0.28063,0.74427,-0.51292,-0.42775,0.53842,0.77431,-0.3325,-0.1508,0.91581,0.37222,0.33471,0.84015,-0.42676,-0.09173,0.90033,0.42542,0.30102,0.84854,-0.43517,0.05404,0.86399,0.5006,0.25619,0.8598,-0.44171,0.19364,0.85354,0.48371,0.2141,0.85902,-0.46503
1.0,0.31041,0.81739,-0.48531,1,0.08792,0.49581,0.57427,-0.65145,0.25674,0.85893,-0.44308,0.16613,-0.79902,-0.57791,-0.94462,0.205,0.27993,0.7568,-0.51105,-0.40754,0.53609,0.77476,-0.33519,-0.13603,0.92572,0.3529,0.33417,0.8403,-0.42689,-0.07946,0.91066,0.40544,0.30036,0.84869,-0.43533,0.06483,0.87367,0.48219,0.25527,0.86002,-0.44181,0.20341,0.86157,0.4651,0.21285,0.85933,-0.46502
1.0,0.30915,0.81843,-0.48436,1,0.10207,0.49245,0.5831,-0.64614,0.25651,0.85903,-0.44302,0.17564,-0.7937,-0.5824,-0.93776,0.21779,0.29291,0.75336,-0.50494,-0.42129,0.53485,0.77504,-0.33654,-0.13059,0.94182,0.30971,0.33393,0.84035,-0.42697,-0.0585,0.92346,0.37922,0.29994,0.84876,-0.43548,0.07794,0.88216,0.46446,0.25466,0.86016,-0.4419,0.20392,0.86398,0.46038,0.21236,0.85946,-0.46501
1.0,0.30097,0.81849,-0.48938,1,0.27182,0.4615,0.56561,-0.68345,0.25635,0.85912,-0.44295,0.18325,-0.81456,-0.55037,-0.97659,0.22128,0.32141,0.70856,-0.5184,-0.47875,0.52548,0.77725,-0.34604,-0.05463,0.98875,0.13923,0.33378,0.84028,-0.42723,0.04786,0.96603,0.25396,0.29965,0.84869,-0.43583,0.14006,0.93169,0.33516,0.25442,0.86016,-0.44203,0.25955,0.89153,0.37123,0.21217,0.85949,-0.46504
1.0,0.29611,0.81572,-0.49691,1,0.30004,0.39425,0.552,-0.73475,0.25613,0.85923,-0.44285,0.19656,-0.83166,-0.51934,-1.01258,0.23209,0.36182,0.69597,-0.53866,-0.47484,0.51116,0.78063,-0.35963,0.19071,0.90359,-0.38361,0.33439,0.83642,-0.43426,0.20512,0.97872,0.00618,0.29957,0.8485,-0.43623,0.26732,0.95597,0.12108,0.25431,0.86008,-0.44226,0.41192,0.88507,0.21674,0.21154,0.85935,-0.46558
1.0,0.28733,0.81241,-0.50738,0.25599,0,0.32534,0.5423,-0.77464,0.2551,0.8598,-0.44234,0.19354,-0.84005,-0.50681,-1.02795,0.22645,0.3648,0.72529,-0.53675,-0.4311,0.489,0.78638,-0.37747,0.39445,0.03786,-0.91814,0.35281,0.78874,-0.5034,0.29206,0.9093,-0.29644,0.29954,0.84823,-0.43679,0.37252,0.90421,-0.20887,0.25422,0.85984,-0.44278,0.54565,0.83541,-0.06602,0.21125,0.85907,-0.46623
1.0,0.27549,0.81537,-0.50919,0.74078,0.03071,0.31974,0.51216,-0.79716,0.25044,0.86241,-0.43993,0.16716,-0.85861,-0.4846,-1.05696,0.19228,0.33216,0.67138,-0.5597,-0.48578,0.45627,0.7939,-0.40192,0.34986,0.36691,-0.86196,0.35676,0.73761,-0.57329,0.34074,0.83054,-0.44057,0.29913,0.84463,-0.44399,0.39861,0.86309,-0.31014,0.25329,0.85787,-0.4471,0.55245,0.8181,-0.15972,0.20948,0.85782,-0.46931
1.0,0.26468,0.82694,-0.4961,1,0.32246,0.38745,0.53188,-0.75298,0.23978,0.86773,-0.43536,0.15342,-0.84259,-0.51624,-1.02111,0.18011,0.28887,0.65191,-0.56181,-0.50929,0.43107,0.80308,-0.41139,0.12386,0.95304,-0.27636,0.31221,0.80722,-0.50092,0.30176,0.92556,-0.22865,0.29806,0.84259,-0.44856,0.40375,0.90023,-0.16301,0.25226,0.85679,-0.44975,0.57456,0.8118,-0.10422,0.20611,0.85644,-0.47331
1.0,0.23424,0.84447,-0.48166,1,0.31415,0.43651,0.57923,-0.68844,0.19801,0.88538,-0.42059,0.14533,-0.80054,-0.58139,-0.94267,0.17959,0.24495,0.6494,-0.54363,-0.53174,0.40639,0.81856,-0.40597,0.16688,0.97603,-0.13972,0.28191,0.83655,-0.4698,0.3086,0.95063,-0.03277,0.28491,0.84187,-0.45834,0.37173,0.92337,0.09597,0.24043,0.85705,-0.45569,0.51922,0.84063,0.15409,0.18398,0.86044,-0.47517
1.0,0.19947,0.86007,-0.46957,1,0.24373,0.47845,0.61566,-0.62614,0.12742,0.90643,-0.40269,0.11256,-0.75017,-0.6516,-0.8556,0.14894,0.17106,0.66896,-0.52305,-0.52812,0.37644,0.83541,-0.40049,0.27027,0.95273,-0.13876,0.25026,0.84685,-0.46928,0.37201,0.9271,0.0457,0.23874,0.85211,-0.46574,0.39464,0.89372,0.21334,0.19069,0.87104,-0.45268,0.49074,0.81107,0.31833,0.1245,0.88267,-0.4532
1.0,0.13302,0.88021,-0.45556,1,0.04092,0.4839,0.6758,-0.556,0.04391,0.92169,-0.38543,0.08458,-0.66848,-0.73891,-0.7354,0.12585,0.11397,0.70906,-0.45981,-0.53461,0.313,0.86617,-0.3896,0.4383,0.7903,-0.42816,0.19402,0.84639,-0.49597,0.52729,0.83964,-0.13023,0.16542,0.86269,-0.47792,0.56312,0.82489,0.04944,0.11116,0.88386,-0.45435,0.69018,0.69912,0.18677,0.05139,0.89525,-0.44259
1.0,0.09169,0.89412,-0.43835,0.45397,0,0.49802,0.73149,-0.46572,0.00102,0.92937,-0.36915,0.09326,-0.57912,-0.80989,-0.62076,0.15966,0.11464,0.71261,-0.37188,-0.59489,0.26463,0.88794,-0.3762,0.49562,0.25286,-0.83092,0.16843,0.82572,-0.53834,0.60972,0.53467,-0.58512,0.15211,0.8548,-0.49617,0.65881,0.65205,-0.37524,0.09732,0.87886,-0.46704,0.77809,0.62799,0.01446,0.01889,0.89937,-0.43679
1.0,0.07957,0.9098,-0.40734,0.16762,0,0.60927,0.7182,-0.33613,-0.02878,0.93638,-0.34979,0.09398,-0.4863,-0.86872,-0.51033,0.19091,0.10777,0.69376,-0.37109,-0.61724,0.22728,0.90213,-0.36675,0.53021,0.06594,-0.8453,0.13005,0.8167,-0.56221,0.67923,0.37634,-0.63009,0.12208,0.84297,-0.52393,0.73575,0.5089,-0.44686,0.07377,0.87252,-0.48297,0.84883,0.52459,0.06548,0.01552,0.91259,-0.40859
1.0,0.06014,0.92516,-0.37478,0.23573,0,0.6474,0.73588,-0.19836,-0.05041,0.93845,-0.34171,0.05518,-0.30483,-0.95081,-0.31025,0.17908,0.05797,0.67862,-0.27592,-0.6807,0.20175,0.90384,-0.37733,0.62109,0.4444,-0.64557,0.11051,0.84787,-0.51856,0.67317,0.37856,-0.63525,0.0981,0.85736,-0.50528,0.74765,0.52152,-0.41115,0.06486,0.88837,-0.45452,0.78064,0.41663,0.46585,0.00399,0.92747,-0.37387
1.0,0.05711,0.92258,-0.38156,0.81479,0,0.67467,0.71391,-0.18748,-0.06148,0.93808,-0.34093,-0.00063,-0.25345,-0.96735,-0.25624,-0.00247,-0.00065,0.67714,-0.39776,-0.61909,0.1977,0.90155,-0.38486,0.6766,0.69252,-0.25025,0.10047,0.87719,-0.46952,0.61101,0.64596,0.45761,0.09688,0.89512,-0.43517,0.51096,0.45316,0.73046,0.04859,0.92094,-0.38666,0.60414,0.30795,0.73497,-0.01424,0.9386,-0.3447
1.0,0.06114,0.91867,-0.39026,0.73627,0,0.65905,0.71611,-0.22986,-0.06142,0.9369,-0.34417,-0.02098,-0.288,-0.9574,-0.2922,-0.07274,-0.02192,0.6744,-0.47575,-0.56466,0.20459,0.90045,-0.38385,0.66175,0.68703,-0.30014,0.09786,0.87856,-0.4675,0.36771,0.57712,0.72919,0.0711,0.92212,-0.38031,0.43078,0.44843,0.78316,0.01775,0.94348,-0.33095,0.51547,0.33402,0.78912,-0.03241,0.94533,-0.3245
1.0,0.06278,0.91764,-0.39243,0.68977,0,0.64781,0.72222,-0.24235,-0.05979,0.93631,-0.34604,-0.02451,-0.29821,-0.95419,-0.30291,-0.08199,-0.02568,0.67901,-0.49251,-0.5444,0.20877,0.89971,-0.38333,0.65097,0.68692,-0.32309,0.09831,0.87722,-0.46992,0.25982,0.53203,0.80588,0.06327,0.92817,-0.36673,0.34889,0.41366,0.84093,0.01021,0.94667,-0.32206,0.45483,0.33844,0.82376,-0.0354,0.94611,-0.32191
1.0,0.06267,0.91747,-0.39285,0.73717,0,0.64595,0.72259,-0.24618,-0.05978,0.93612,-0.34655,-0.02662,-0.30096,-0.95326,-0.30582,-0.08824,-0.02792,0.67988,-0.50308,-0.53354,0.20888,0.89986,-0.3829,0.64688,0.71191,-0.27336,0.0985,0.87756,-0.46925,0.22132,0.51069,0.83079,0.05469,0.93386,-0.35344,0.31854,0.39574,0.86135,0.00469,0.94849,-0.31677,0.43126,0.33196,0.83893,-0.03792,0.94663,-0.32009
1.0,0.06123,0.91777,-0.39236,0.76735,0,0.65095,0.71701,-0.24932,-0.0608,0.93628,-0.34595,-0.03002,-0.30386,-0.95224,-0.30889,-0.09846,-0.03151,0.67536,-0.50998,-0.53274,0.20626,0.90052,-0.38277,0.6498,0.71835,-0.24846,0.09844,0.87807,-0.4683,0.22729,0.50544,0.83239,0.0458,0.93907,-0.34066,0.32209,0.39179,0.86183,0.0015,0.94936,-0.31418,0.4333,0.324,0.841,-0.03965,0.94695,-0.31891
1.0,0.05798,0.91862,-0.39087,0.80593,0,0.67342,0.69453,-0.25324,-0.06271,0.93673,-0.3444,-0.03217,-0.3147,-0.94865,-0.32031,-0.10188,-0.0339,0.66623,-0.52308,-0.53153,0.20053,0.90217,-0.38194,0.67092,0.70465,-0.23094,0.09802,0.87956,-0.46557,0.24748,0.51443,0.82105,0.04109,0.94157,-0.33429,0.33064,0.3971,0.85615,0.00103,0.94958,-0.31351,0.42842,0.32115,0.84458,-0.04084,0.94724,-0.31792
1.0,0.05437,0.91917,-0.39008,0.86113,0,0.69915,0.66704,-0.2574,-0.06434,0.93701,-0.34333,-0.03138,-0.33104,-0.9431,-0.33758,-0.0945,-0.03326,0.65787,-0.53382,-0.53126,0.19465,0.90356,-0.38169,0.69347,0.69014,-0.2069,0.09801,0.88058,-0.46365,0.27027,0.53313,0.8017,0.04082,0.94167,-0.33404,0.34773,0.4111,0.84266,0.00133,0.94951,-0.31374,0.43554,0.32199,0.84061,-0.04091,0.94726,-0.31784
1.0,0.04743,0.91963,-0.38991,0.99548,0,0.72212,0.63709,-0.26955,-0.06675,0.93735,-0.34193,-0.03404,-0.35646,-0.93369,-0.3647,-0.0952,-0.03644,0.65052,-0.51065,-0.56219,0.18543,0.90541,-0.3819,0.70465,0.69355,-0.14982,0.09682,0.88189,-0.46141,0.58819,0.63618,0.49931,0.04641,0.93739,-0.34518,0.58151,0.50687,0.63634,0.00396,0.94816,-0.31778,0.62377,0.3419,0.70286,-0.04006,0.94682,-0.31927
1.0,0.03556,0.92329,-0.38246,0.90696,0.00852,0.73824,0.62138,-0.26245,-0.07001,0.93795,-0.33962,-0.03452,-0.35377,-0.93469,-0.36183,-0.09727,-0.03692,0.63903,-0.47642,-0.60387,0.1708,0.90942,-0.37918,0.73038,0.65203,-0.20345,0.09424,0.88334,-0.45917,0.72203,0.62316,0.30055,0.04872,0.93537,-0.3503,0.69038,0.51302,0.51009,0.00482,0.94759,-0.31944,0.73672,0.32544,0.59273,-0.03952,0.94649,-0.32032
1.0,0.03082,0.92725,-0.37317,0.71488,0,0.75478,0.61179,-0.2367,-0.07384,0.93885,-0.33631,-0.03379,-0.3241,-0.94542,-0.33026,-0.10388,-0.03572,0.63315,-0.46775,-0.6167,0.16003,0.9128,-0.37574,0.75642,0.59318,-0.2756,0.09277,0.88384,-0.4585,0.77876,0.59178,0.20813,0.0536,0.9309,-0.36131,0.73634,0.49092,0.46562,0.00709,0.94629,-0.32325,0.78458,0.28636,0.54994,-0.03845,0.94608,-0.32163
1.0,0.01418,0.9361,-0.35145,0.54937,0,0.76533,0.61659,-0.18461,-0.09234,0.94315,-0.31929,-0.03826,-0.24272,-0.96934,-0.24536,-0.15635,-0.03945,0.62256,-0.40682,-0.66852,0.13142,0.92036,-0.36832,0.7582,0.56795,-0.32026,0.07256,0.89051,-0.44915,0.85241,0.51518,-0.08931,0.05485,0.92624,-0.37293,0.85329,0.46499,0.23595,0.01171,0.94155,-0.33667,0.88077,0.23638,0.41033,-0.03686,0.94574,-0.32283
1.0,0.00295,0.94367,-0.33088,0.38439,0,0.78167,0.60461,-0.15308,-0.11235,0.94784,-0.2983,-0.05392,-0.17901,-0.98237,-0.18025,-0.29257,-0.05483,0.60597,-0.31911,-0.72868,0.10835,0.92547,-0.36301,0.75758,0.5236,-0.38975,0.04867,0.89674,-0.43987,0.84968,0.45229,-0.27107,0.04925,0.91847,-0.39242,0.89581,0.4378,-0.07654,0.00913,0.93625,-0.35122,0.96219,0.25601,0.09301,-0.04268,0.94478,-0.32492
1.0,-0.00498,0.95091,-0.30944,0.27513,0.05566,0.79329,0.5913,-0.14509,-0.12577,0.95163,-0.28033,-0.08226,-0.13202,-0.98783,-0.13286,-0.55721,-0.08308,0.56127,-0.21971,-0.79794,0.08276,0.92978,-0.3587,0.73477,0.49745,-0.46114,0.02558,0.90074,-0.43361,0.82142,0.41449,-0.39175,0.02791,0.90882,-0.41625,0.8421,0.40495,-0.3562,0.00549,0.93318,-0.35936,0.90239,0.30876,-0.30059,-0.05461,0.93875,-0.34025
1.0,-0.01144,0.9566,-0.29119,0.2364,0.0596,0.80212,0.57596,-0.15774,-0.1358,0.95532,-0.26254,-0.12006,-0.10322,-0.98739,-0.10416,-0.86068,-0.121,0.51026,-0.17671,-0.84167,0.05829,0.93458,-0.35095,0.70033,0.4745,-0.53327,0.00005,0.9044,-0.42668,0.78503,0.38588,-0.48458,-0.00336,0.90697,-0.42118,0.77859,0.37975,-0.49959,-0.03483,0.92171,-0.38632,0.80823,0.32362,-0.49197,-0.07878,0.93681,-0.34085
1.0,-0.01224,0.96037,-0.27847,0.24436,0.08273,0.8239,0.53504,-0.18687,-0.14202,0.95906,-0.24501,-0.17163,-0.0787,-0.98201,-0.07997,-1.14086,-0.17302,0.44943,-0.17645,-0.87571,0.03694,0.93808,-0.34445,0.69721,0.43642,-0.56872,-0.01842,0.90896,-0.41648,0.77021,0.33788,-0.54093,-0.02345,0.9103,-0.41328,0.73278,0.33334,-0.59323,-0.059,0.92182,-0.3831,0.71812,0.30276,-0.62661,-0.09667,0.93785,-0.33332
1.0,-0.01853,0.96243,-0.27089,0.25474,0.16369,0.83117,0.49656,-0.25016,-0.14536,0.9628,-0.22781,-0.23931,-0.08662,-0.96707,-0.08933,-1.22352,-0.24258,0.37985,-0.17665,-0.90802,0.02004,0.94165,-0.33599,0.69236,0.39436,-0.60425,-0.03347,0.91333,-0.40584,0.75019,0.29055,-0.59396,-0.03981,0.91384,-0.40413,0.69398,0.28717,-0.66025,-0.07517,0.92458,-0.3735,0.65095,0.26456,-0.71153,-0.10913,0.94001,-0.32322
1.0,-0.02089,0.96472,-0.26246,0.20863,0.19516,0.82973,0.48956,-0.2681,-0.1465,0.964,-0.22192,-0.27335,-0.06239,-0.95989,-0.0649,-1.34641,-0.27743,0.32963,-0.13027,-0.93508,0.00924,0.94227,-0.33474,0.65991,0.39299,-0.64038,-0.04349,0.91451,-0.40222,0.72141,0.3028,-0.62279,-0.04876,0.9162,-0.39774,0.64902,0.2972,-0.70032,-0.08441,0.92631,-0.36718,0.57405,0.2891,-0.76609,-0.11851,0.94123,-0.31631
1.0,-0.01995,0.96731,-0.25281,0.18926,0.19921,0.83728,0.47248,-0.27519,-0.14705,0.96569,-0.21404,-0.30208,-0.01981,-0.95308,-0.02078,-1.50532,-0.30693,0.29043,-0.08253,-0.95333,-0.00083,0.94362,-0.33104,0.63234,0.38891,-0.67,-0.05495,0.91628,-0.39676,0.69139,0.30091,-0.65683,-0.05885,0.91861,-0.39075,0.6057,0.30152,-0.73635,-0.09285,0.92875,-0.35888,0.53543,0.29933,-0.78976,-0.12225,0.94404,-0.30633
1.0,-0.01416,0.97056,-0.24045,0.16561,0.15031,0.84324,0.46373,-0.27186,-0.1459,0.96722,-0.20785,-0.33335,0.05436,-0.94123,0.05769,-1.73245,-0.34038,0.2538,-0.02745,-0.96687,-0.00734,0.94419,-0.32932,0.57138,0.40488,-0.71386,-0.06751,0.9174,-0.39219,0.64726,0.32605,-0.68902,-0.06895,0.9215,-0.38221,0.53749,0.33504,-0.77385,-0.10198,0.93174,-0.34852,0.47278,0.34124,-0.81242,-0.12576,0.94741,-0.29429
1.0,0.00242,0.97383,-0.22725,0.0666,0.08268,0.85606,0.4521,-0.25052,-0.14267,0.96854,-0.20392,-0.35613,0.16464,-0.91982,0.17712,-2.00384,-0.3694,0.23029,0.02324,-0.97284,-0.00958,0.94271,-0.33347,0.50427,0.42806,-0.74999,-0.07997,0.91668,-0.39154,0.55628,0.36857,-0.74478,-0.08417,0.9217,-0.37866,0.39034,0.3983,-0.83005,-0.11755,0.93254,-0.34139,0.33537,0.4475,-0.82902,-0.13349,0.95102,-0.27882
1.0,0.00009,0.9727,-0.23207,0.10624,0.10312,0.85561,0.44804,-0.25922,-0.14217,0.96855,-0.20419,-0.35747,0.14926,-0.92192,0.16051,-1.96634,-0.3699,0.22523,0.03045,-0.97383,-0.00983,0.94169,-0.33635,0.51815,0.42735,-0.74087,-0.07911,0.91636,-0.39245,0.58075,0.35201,-0.73404,-0.08124,0.92096,-0.38109,0.41787,0.37513,-0.82744,-0.11524,0.93166,-0.34458,0.35181,0.4134,-0.83984,-0.13283,0.95031,-0.28155
1.0,-0.00643,0.97065,-0.24043,0.11697,0.11555,0.84624,0.45938,-0.2699,-0.14209,0.96853,-0.20436,-0.35342,0.10491,-0.92956,0.11238,-1.85935,-0.36332,0.2335,-0.00669,-0.97233,-0.00749,0.94116,-0.33789,0.54513,0.43101,-0.71907,-0.07535,0.91625,-0.39345,0.62746,0.33634,-0.70226,-0.07454,0.92039,-0.38384,0.46623,0.35144,-0.81187,-0.11168,0.93026,-0.34949,0.3667,0.37855,-0.84984,-0.13318,0.94914,-0.28531
1.0,-0.00853,0.96944,-0.2452,0.12709,0.09662,0.83885,0.47143,-0.27218,-0.14202,0.96849,-0.2046,-0.35097,0.0862,-0.93241,0.09218,-1.81162,-0.36001,0.24207,-0.04872,-0.96904,-0.00512,0.94038,-0.3401,0.55256,0.43543,-0.71069,-0.07214,0.91607,-0.39447,0.64676,0.33753,-0.68394,-0.0703,0.92028,-0.38489,0.496,0.34687,-0.79603,-0.1078,0.92976,-0.35203,0.37802,0.37108,-0.84818,-0.13347,0.94791,-0.28923
1.0,-0.01142,0.96848,-0.24884,0.15787,0.13096,0.83452,0.4783,-0.2735,-0.14193,0.9684,-0.20508,-0.34251,0.06152,-0.9375,0.06552,-1.7485,-0.35028,0.2519,-0.03019,-0.96728,-0.00275,0.94087,-0.33876,0.57127,0.42697,-0.70096,-0.0682,0.91558,-0.39631,0.65656,0.34093,-0.67283,-0.0672,0.91984,-0.38648,0.5248,0.34659,-0.77747,-0.10417,0.92935,-0.35419,0.41959,0.36288,-0.83203,-0.13267,0.94673,-0.29344
1.0,-0.02129,0.96359,-0.26653,0.25112,0.15366,0.8259,0.47617,-0.3019,-0.14198,0.96807,-0.20661,-0.33101,-0.02395,-0.94332,-0.02538,-1.49858,-0.33748,0.2824,-0.14497,-0.94828,0.00322,0.9399,-0.34143,0.642,0.39942,-0.65444,-0.05763,0.9149,-0.39953,0.72189,0.30649,-0.62044,-0.05698,0.9187,-0.39082,0.63495,0.30009,-0.71189,-0.09118,0.92831,-0.36044,0.57357,0.27821,-0.77047,-0.12277,0.94439,-0.30503
1.0,-0.02237,0.96047,-0.2775,0.27068,0.07281,0.82291,0.47591,-0.31035,-0.1422,0.96764,-0.20844,-0.31636,-0.06993,-0.94606,-0.07378,-1.35326,-0.3227,0.30683,-0.24326,-0.92015,0.00797,0.93922,-0.34323,0.67209,0.39814,-0.62432,-0.05044,0.915,-0.4003,0.75732,0.3011,-0.57948,-0.04928,0.91846,-0.39244,0.69122,0.28471,-0.6642,-0.0816,0.9279,-0.36379,0.63976,0.24532,-0.72837,-0.11521,0.94301,-0.31218
1.0,-0.01989,0.95922,-0.28197,0.30323,0.01264,0.82214,0.48604,-0.29639,-0.14251,0.96698,-0.21129,-0.28963,-0.09111,-0.95279,-0.09533,-1.26603,-0.29511,0.33404,-0.28116,-0.89965,0.01303,0.9391,-0.3434,0.68395,0.4055,-0.60645,-0.04416,0.91464,-0.40185,0.76656,0.30512,-0.56506,-0.04364,0.91747,-0.39539,0.71595,0.28511,-0.63729,-0.07589,0.92704,-0.36721,0.64325,0.2419,-0.72644,-0.11268,0.94121,-0.31846
1.0,-0.02075,0.95891,-0.28295,0.29716,0.04439,0.8214,0.49814,-0.27777,-0.14281,0.96636,-0.21391,-0.2689,-0.09127,-0.95883,-0.0949,-1.24358,-0.27342,0.34967,-0.25613,-0.90118,0.01415,0.93877,-0.34424,0.68968,0.42251,-0.58807,-0.0403,0.9141,-0.40348,0.7679,0.31797,-0.55608,-0.04106,0.91659,-0.39771,0.73179,0.29845,-0.61271,-0.07279,0.92643,-0.36936,0.65999,0.25216,-0.70769,-0.11139,0.94012,-0.32214
1.0,-0.02273,0.95733,-0.28809,0.31645,0.05954,0.8106,0.52197,-0.26547,-0.14307,0.96555,-0.21737,-0.25274,-0.0971,-0.96265,-0.10052,-1.204,-0.25675,0.36742,-0.2453,-0.89712,0.01736,0.93788,-0.34654,0.70193,0.45615,-0.54701,-0.03591,0.91368,-0.40485,0.77579,0.34323,-0.52947,-0.03794,0.91568,-0.4001,0.75849,0.32186,-0.56665,-0.06916,0.92595,-0.37126,0.69479,0.26248,-0.66961,-0.10974,0.93898,-0.32601
1.0,-0.01835,0.95416,-0.29874,0.31411,0.08331,0.80197,0.54564,-0.24316,-0.1426,0.96306,-0.22841,-0.21829,-0.11123,-0.96952,-0.11422,-1.09956,-0.22146,0.38009,-0.2357,-0.89442,0.02451,0.93501,-0.35377,0.71497,0.48483,-0.50374,-0.02442,0.91219,-0.40904,0.79262,0.36957,-0.48494,-0.02717,0.91375,-0.40537,0.79452,0.3457,-0.49923,-0.05784,0.92481,-0.376,0.73965,0.27227,-0.61546,-0.10271,0.93652,-0.33523
1.0,-0.00976,0.9515,-0.30749,0.30042,0,0.78386,0.57703,-0.22934,-0.14029,0.96054,-0.24016,-0.1979,-0.11793,-0.9731,-0.1206,-1.03339,-0.20063,0.41361,-0.27638,-0.86749,0.03831,0.93141,-0.36194,0.69549,0.5017,-0.51439,-0.01661,0.90954,-0.41528,0.78718,0.39777,-0.4713,-0.01945,0.9112,-0.41149,0.78891,0.37446,-0.48724,-0.05143,0.92268,-0.38212,0.74874,0.29835,-0.59193,-0.09692,0.93436,-0.34289
1.0,-0.00569,0.94856,-0.31655,0.3396,0,0.76846,0.60185,-0.21738,-0.13598,0.95754,-0.25423,-0.18553,-0.11557,-0.97582,-0.11788,-1.0137,-0.18788,0.44356,-0.29023,-0.84795,0.05529,0.92762,-0.36941,0.69659,0.52871,-0.485,-0.00745,0.90644,-0.42228,0.80066,0.43308,-0.41399,-0.01075,0.90922,-0.41617,0.81115,0.40702,-0.41997,-0.04352,0.92148,-0.38598,0.80319,0.31739,-0.50413,-0.08842,0.93344,-0.34767
1.0,-0.00327,0.94473,-0.32784,0.44811,0,0.75825,0.61446,-0.21793,-0.12961,0.95455,-0.26841,-0.17626,-0.12863,-0.9759,-0.13105,-0.94037,-0.17868,0.45963,-0.30087,-0.8356,0.07045,0.92412,-0.37556,0.71069,0.54963,-0.43913,0.00456,0.90292,-0.42978,0.82284,0.46278,-0.32981,0.00033,0.90815,-0.41864,0.85476,0.43087,-0.28936,-0.03107,0.92218,-0.3855,0.88843,0.31328,-0.33548,-0.07437,0.93494,-0.34692
1.0,-0.00122,0.93724,-0.34869,0.7359,0,0.74671,0.62014,-0.24053,-0.11495,0.95068,-0.28809,-0.17688,-0.16347,-0.97056,-0.16686,-0.82478,-0.18027,0.47252,-0.30591,-0.82652,0.09646,0.91722,-0.38653,0.73418,0.59659,-0.32412,0.02266,0.89958,-0.43617,0.85026,0.51921,-0.08647,0.015,0.91061,-0.413,0.87562,0.44619,0.18496,-0.01918,0.9294,-0.36858,0.91602,0.26867,0.29788,-0.06134,0.94435,-0.32317
1.0,0.00721,0.93221,-0.36185,0.82793,0,0.74858,0.61109,-0.2573,-0.10665,0.94816,-0.29937,-0.17039,-0.19774,-0.96533,-0.20204,-0.71124,-0.1747,0.48007,-0.36769,-0.79645,0.11093,0.9119,-0.39514,0.74495,0.61317,-0.26283,0.03439,0.89695,-0.44079,0.83639,0.53974,0.0956,0.02282,0.91314,-0.40701,0.82752,0.42507,0.36676,-0.01319,0.93392,-0.35724,0.84267,0.25663,0.47333,-0.05601,0.94757,-0.3146
1.0,0.01572,0.92812,-0.37194,0.93703,0,0.74128,0.61367,-0.27188,-0.09916,0.94608,-0.30839,-0.16113,-0.23052,-0.95963,-0.23575,-0.61005,-0.16636,0.48962,-0.40714,-0.77104,0.125,0.90786,-0.4002,0.74151,0.64714,-0.17712,0.04466,0.89682,-0.44014,0.78873,0.56198,0.24916,0.02754,0.91508,-0.40232,0.76819,0.42713,0.47691,-0.00666,0.93753,-0.34785,0.76839,0.26789,0.58121,-0.05168,0.94819,-0.31348
1.0,0.0291,0.92275,-0.38431,1,0,0.71181,0.63972,-0.28996,-0.0877,0.94323,-0.32036,-0.15367,-0.26099,-0.95303,-0.26729,-0.53213,-0.15986,0.51071,-0.44754,-0.73408,0.15002,0.90133,-0.40632,0.70656,0.69925,-0.10876,0.05753,0.8956,-0.44113,0.70881,0.59528,0.37845,0.03222,0.91704,-0.3975,0.68536,0.44302,0.57794,0.00011,0.93998,-0.34122,0.68826,0.30573,0.65789,-0.04665,0.94763,-0.31595
1.0,0.05046,0.91639,-0.3971,1,0,0.67899,0.67008,-0.29994,-0.07078,0.93992,-0.33398,-0.13942,-0.28342,-0.94881,-0.29028,-0.45717,-0.1459,0.54335,-0.4959,-0.67739,0.18284,0.89364,-0.40985,0.6645,0.74456,-0.06377,0.0737,0.89274,-0.44449,0.6342,0.61918,0.46304,0.04216,0.91957,-0.39066,0.6273,0.46789,0.62256,0.01084,0.9405,-0.33963,0.66547,0.32402,0.67243,-0.03605,0.94524,-0.32437
1.0,0.08631,0.90639,-0.41352,1,0,0.66293,0.6853,-0.30147,-0.03962,0.93366,-0.35596,-0.09715,-0.32052,-0.94225,-0.32788,-0.2943,-0.10274,0.58933,-0.5424,-0.59875,0.23005,0.8814,-0.41258,0.62423,0.78116,0.01078,0.10731,0.88594,-0.45121,0.50519,0.62236,0.59787,0.06659,0.92209,-0.3812,0.53127,0.4823,0.69652,0.03514,0.93789,-0.34515,0.61001,0.34051,0.7155,-0.01111,0.9401,-0.34073
1.0,0.11406,0.89916,-0.42249,1,0,0.62276,0.71968,-0.30696,-0.00974,0.9285,-0.3712,-0.05389,-0.35194,-0.93447,-0.36019,-0.15195,-0.05761,0.61207,-0.52862,-0.58816,0.26467,0.87038,-0.4152,0.58317,0.81105,-0.04585,0.13606,0.87522,-0.4642,0.49885,0.67145,0.548,0.09954,0.91614,-0.38831,0.51533,0.53875,0.66647,0.05925,0.9313,-0.35941,0.61314,0.39643,0.6833,0.0116,0.93373,-0.3578
1.0,0.13643,0.89034,-0.43437,1,0,0.60713,0.71491,-0.34683,0.01436,0.9227,-0.38525,-0.04025,-0.40825,-0.91198,-0.4209,-0.09828,-0.04411,0.61745,-0.57323,-0.53867,0.2906,0.85945,-0.42059,0.52414,0.8505,0.04387,0.15937,0.8726,-0.46171,0.38284,0.66594,0.64028,0.11852,0.91355,-0.38908,0.40641,0.54326,0.73464,0.07462,0.92854,-0.36367,0.52858,0.42892,0.73255,0.02881,0.92951,-0.36768
1.0,0.16905,0.87944,-0.44498,1,0,0.59201,0.71241,-0.37681,0.04639,0.91583,-0.39888,-0.02211,-0.45301,-0.89123,-0.47026,-0.04877,-0.02481,0.63509,-0.60707,-0.47762,0.32961,0.84594,-0.41922,0.43741,0.88291,0.17071,0.18362,0.87024,-0.45713,0.29004,0.68556,0.66775,0.14102,0.90917,-0.39182,0.34271,0.57317,0.74433,0.09658,0.92261,-0.37346,0.45642,0.51412,0.7262,0.05031,0.92311,-0.38122
1.0,0.19101,0.86489,-0.46421,1,0,0.52806,0.6845,-0.5026,0.09618,0.90553,-0.41323,-0.00351,-0.59009,-0.80733,-0.63117,-0.00594,-0.00434,0.6197,-0.56134,-0.54852,0.36586,0.82535,-0.43005,0.26397,0.93125,0.25119,0.21373,0.8678,-0.4486,0.15659,0.77884,0.60736,0.17292,0.89653,-0.40784,0.23989,0.66496,0.7073,0.12667,0.91125,-0.39188,0.35907,0.63095,0.68774,0.08082,0.91128,-0.40378
1.0,0.22104,0.85293,-0.47291,1,0,0.49586,0.64939,-0.57655,0.13322,0.89828,-0.41874,0.01995,-0.67227,-0.74004,-0.73745,0.02967,0.02696,0.60403,-0.58879,-0.5371,0.3955,0.81204,-0.42914,0.06872,0.89987,0.4307,0.22435,0.86952,-0.44001,0.10722,0.82846,0.5497,0.19996,0.88559,-0.41922,0.21303,0.74654,0.63032,0.15289,0.89974,-0.40877,0.34686,0.72247,0.5981,0.10831,0.8999,-0.42244
1.0,0.25252,0.83988,-0.48046,1,0,0.45714,0.61774,-0.63986,0.16829,0.88992,-0.42394,0.04487,-0.73454,-0.67708,-0.82608,0.06101,0.06618,0.61953,-0.60837,-0.49604,0.43042,0.79852,-0.42085,-0.06621,0.89698,0.43708,0.24534,0.86775,-0.43223,0.03869,0.8666,0.4975,0.22364,0.87466,-0.43006,0.18264,0.80947,0.55804,0.17817,0.88759,-0.42479,0.32769,0.79497,0.51053,0.13423,0.88766,-0.44051
1.0,0.27555,0.83056,-0.48398,1,0,0.45165,0.58451,-0.67406,0.19468,0.8834,-0.42626,0.06394,-0.77477,-0.629,-0.88886,0.08234,0.1013,0.66286,-0.57979,-0.47378,0.45477,0.78901,-0.4131,-0.1251,0.90913,0.39729,0.27013,0.86059,-0.43177,0.00502,0.88858,0.45869,0.24446,0.86621,-0.43579,0.15796,0.8434,0.51354,0.19928,0.87893,-0.43333,0.30122,0.82951,0.4703,0.15568,0.87948,-0.44975
1.0,0.29466,0.82271,-0.48613,1,0.01436,0.42769,0.5644,-0.70607,0.22305,0.87708,-0.42542,0.09287,-0.80442,-0.58676,-0.9406,0.11494,0.15697,0.66403,-0.55879,-0.49681,0.46744,0.7822,-0.4119,-0.20693,0.92609,0.3155,0.29059,0.85225,-0.435,-0.01953,0.91682,0.39882,0.26626,0.85767,-0.43989,0.13194,0.87831,0.45953,0.22103,0.87074,-0.43926,0.27183,0.86615,0.4194,0.17795,0.87165,-0.45669
1.0,0.31058,0.815,-0.4892,1,0.08393,0.43342,0.55036,-0.71362,0.24179,0.87036,-0.42896,0.11647,-0.81943,-0.56123,-0.97027,0.14119,0.20462,0.66239,-0.56429,-0.49276,0.47561,0.77577,-0.41469,-0.21814,0.9274,0.30389,0.31,0.84464,-0.43645,-0.04968,0.92269,0.38234,0.28241,0.85137,-0.44205,0.10025,0.88838,0.44803,0.23767,0.86427,-0.44334,0.23807,0.87819,0.41486,0.19495,0.865,-0.46234
1.0,0.32216,0.81092,-0.48849,1,0.04803,0.43351,0.54984,-0.71396,0.2514,0.8669,-0.43044,0.12966,-0.82209,-0.55439,-0.97748,0.15643,0.22974,0.67894,-0.56381,-0.47027,0.48627,0.77187,-0.40957,-0.21958,0.92617,0.3066,0.31898,0.84173,-0.4356,-0.06691,0.92225,0.38076,0.29003,0.84905,-0.44159,0.08392,0.89083,0.44652,0.24569,0.8618,-0.44378,0.22226,0.88189,0.41578,0.20346,0.8624,-0.46354
1.0,0.32772,0.80846,-0.48887,1,0.05928,0.43956,0.54518,-0.71383,0.25727,0.86468,-0.43144,0.13629,-0.82601,-0.54693,-0.98594,0.16353,0.24422,0.68151,-0.5607,-0.47029,0.49221,0.76928,-0.40736,-0.21238,0.92787,0.30651,0.32539,0.83954,-0.43508,-0.07456,0.92352,0.37623,0.2953,0.84712,-0.4418,0.07562,0.89298,0.4437,0.25109,0.85979,-0.44464,0.21257,0.88403,0.41631,0.209,0.86034,-0.4649
1.0,0.33127,0.807,-0.48889,1,0.09254,0.441,0.54899,-0.71002,0.26176,0.86313,-0.43185,0.14507,-0.8243,-0.54725,-0.98471,0.17421,0.25913,0.68601,-0.54767,-0.47901,0.49382,0.7682,-0.40744,-0.21041,0.9261,0.31317,0.33006,0.83807,-0.4344,-0.08403,0.92174,0.37861,0.29924,0.84577,-0.44173,0.06569,0.89201,0.44723,0.25505,0.8584,-0.44508,0.20099,0.88411,0.42184,0.21295,0.85895,-0.46567
1.0,0.33833,0.80468,-0.48788,1,0.17535,0.43396,0.5539,-0.71055,0.27107,0.8607,-0.43096,0.16029,-0.82356,-0.5441,-0.98696,0.19223,0.2865,0.66759,-0.52826,-0.52466,0.49487,0.7672,-0.40805,-0.23434,0.92243,0.30693,0.33725,0.83592,-0.43302,-0.09886,0.92235,0.37349,0.3064,0.84362,-0.44094,0.0519,0.89563,0.44177,0.26235,0.85623,-0.44501,0.18545,0.88957,0.41746,0.22055,0.85687,-0.46597
1.0,0.35137,0.79925,-0.48759,1,0.27351,0.42475,0.55097,-0.71835,0.2885,0.85609,-0.42881,0.15943,-0.8266,-0.53973,-0.99235,0.19054,0.28723,0.61795,-0.52539,-0.58489,0.49521,0.76619,-0.40953,-0.24193,0.91922,0.31066,0.34995,0.83163,-0.43119,-0.10237,0.92308,0.37074,0.31928,0.8395,-0.43966,0.05109,0.89878,0.43542,0.27583,0.85243,-0.44416,0.18297,0.89267,0.41191,0.23451,0.85365,-0.46507
1.0,0.37498,0.78889,-0.48686,1,0.3259,0.41844,0.54963,-0.72306,0.32162,0.84511,-0.42702,0.16579,-0.82895,-0.53419,-0.99836,0.1974,0.30094,0.57407,-0.5218,-0.631,0.49903,0.76183,-0.41303,-0.28626,0.90994,0.30011,0.37368,0.82237,-0.42903,-0.11941,0.91882,0.37618,0.34514,0.83064,-0.43694,0.03549,0.89771,0.43915,0.30298,0.84414,-0.44231,0.16207,0.89193,0.42214,0.26272,0.84623,-0.46355
1.0,0.40192,0.77738,-0.48388,1,0.37133,0.43474,0.56669,-0.6999,0.35882,0.83042,-0.42622,0.17856,-0.816,-0.54979,-0.9779,0.21543,0.31403,0.55736,-0.49821,-0.66418,0.51593,0.74755,-0.41832,-0.29886,0.89811,0.32261,0.40679,0.80934,-0.42367,-0.13586,0.90483,0.40353,0.37851,0.81891,-0.43142,0.01814,0.88317,0.4687,0.33753,0.833,-0.43838,0.14682,0.87991,0.45189,0.29888,0.83534,-0.46139
1.0,0.43363,0.76676,-0.47334,1,0.40014,0.48453,0.57864,-0.65606,0.39223,0.81777,-0.4212,0.18666,-0.80109,-0.5687,-0.95345,0.22892,0.31714,0.57628,-0.46849,-0.66964,0.54886,0.72741,-0.41186,-0.28875,0.89979,0.32711,0.44253,0.79613,-0.41273,-0.12635,0.89862,0.42014,0.41526,0.8064,-0.42104,0.02358,0.8701,0.49231,0.37517,0.82109,-0.43019,0.1499,0.86271,0.48297,0.3371,0.82422,-0.455
1.0,0.47076,0.75236,-0.4608,1,0.4823,0.44012,0.61157,-0.65748,0.45072,0.79554,-0.40493,0.2279,-0.78431,-0.57699,-0.93653,0.28279,0.37617,0.57625,-0.38115,-0.72295,0.58308,0.70764,-0.39907,-0.26846,0.90016,0.34299,0.48946,0.77799,-0.3939,-0.1548,0.90065,0.40604,0.46029,0.78951,-0.40597,-0.00224,0.87934,0.47618,0.42378,0.80373,-0.41766,0.11878,0.87381,0.47153,0.38901,0.80787,-0.44273
1.0,0.49018,0.74527,-0.45199,1,0.47333,0.22767,0.63187,-0.74088,0.49097,0.78053,-0.38695,0.32963,-0.76595,-0.55196,-0.94636,0.40639,0.53835,0.59494,-0.29671,-0.747,0.5859,0.70979,-0.39105,-0.37548,0.86695,0.32773,0.50267,0.77153,-0.38995,-0.30147,0.88004,0.36694,0.4716,0.78415,-0.40336,-0.14087,0.8972,0.41855,0.43946,0.79719,-0.41397,-0.02564,0.91492,0.40283,0.41213,0.79932,-0.43731
1.0,0.50271,0.74235,-0.44293,1,0.41559,0.10657,0.68766,-0.71817,0.51521,0.76762,-0.38121,0.41909,-0.68606,-0.59472,-0.85659,0.54837,0.61386,0.62633,-0.20845,-0.75117,0.59031,0.71272,-0.37891,-0.55028,0.75364,0.35947,0.50901,0.76922,-0.38627,-0.42415,0.79375,0.43596,0.48139,0.78192,-0.39606,-0.26735,0.83273,0.48486,0.45252,0.79356,-0.40681,-0.15267,0.87694,0.45572,0.43058,0.793,-0.43099
1.0,0.51881,0.74143,-0.42558,1,0.44866,0.06786,0.72694,-0.68333,0.53356,0.76048,-0.37012,0.46124,-0.63019,-0.6246,-0.78985,0.63182,0.63607,0.64523,-0.13211,-0.75248,0.59606,0.71689,-0.36164,-0.55133,0.73514,0.39448,0.52233,0.76768,-0.37128,-0.46477,0.76039,0.45365,0.49478,0.78012,-0.38289,-0.31203,0.80188,0.50953,0.46855,0.79075,-0.39392,-0.18125,0.85584,0.48445,0.45043,0.78895,-0.41794
1.0,0.53314,0.74359,-0.40353,1,0.46946,0.07671,0.78055,-0.62036,0.55181,0.75624,-0.35157,0.49175,-0.57088,-0.65748,-0.71501,0.71107,0.64218,0.69085,-0.05941,-0.72055,0.61035,0.71823,-0.3341,-0.56792,0.76895,0.29359,0.53804,0.76407,-0.35597,-0.44812,0.79414,0.41052,0.51316,0.77703,-0.36454,-0.30082,0.82268,0.4824,0.48871,0.787,-0.37655,-0.10491,0.87671,0.46944,0.47495,0.78387,-0.39996
1.0,0.56347,0.73997,-0.36735,1,0.32686,0.06481,0.78919,-0.61072,0.57377,0.75134,-0.32599,0.54406,-0.54099,-0.64135,-0.70072,0.78822,0.70351,0.825,-0.02111,-0.56474,0.63193,0.7184,-0.29081,-0.57869,0.77457,0.25527,0.55605,0.76241,-0.33097,-0.44004,0.80268,0.40258,0.53685,0.77187,-0.3406,-0.30006,0.83895,0.45401,0.51535,0.77953,-0.35602,-0.04863,0.89951,0.43418,0.50587,0.77485,-0.37908
1.0,0.58462,0.73567,-0.34206,1,0,0.03886,0.77755,-0.62761,0.58356,0.74902,-0.31373,0.57161,-0.53247,-0.62428,-0.70619,0.82084,0.74138,0.94087,-0.00273,-0.33876,0.65248,0.71566,-0.24918,-0.6071,0.77543,0.17361,0.5598,0.76212,-0.32525,-0.4465,0.82851,0.33795,0.54472,0.76864,-0.33536,-0.29874,0.87901,0.37161,0.52551,0.77458,-0.35196,-0.00996,0.94972,0.31295,0.51846,0.76894,-0.37407
1.0,0.59038,0.73533,-0.33278,1,0,0.02001,0.77318,-0.63387,0.58474,0.74899,-0.31159,0.58607,-0.52272,-0.6191,-0.70119,0.84246,0.75799,0.97354,0.01767,-0.22784,0.65723,0.71709,-0.23201,-0.60124,0.78844,0.1299,0.55855,0.76278,-0.32588,-0.4238,0.86362,0.27304,0.54418,0.76794,-0.33786,-0.26774,0.91645,0.29739,0.52614,0.77289,-0.35471,0.04467,0.97687,0.20912,0.52042,0.76636,-0.37663
1.0,0.59358,0.73527,-0.32718,1,0,0.02537,0.7705,-0.63693,0.5844,0.7496,-0.31078,0.59955,-0.52155,-0.60705,-0.70978,0.85486,0.77918,0.99002,0.02861,-0.13797,0.65809,0.71813,-0.22629,-0.59424,0.79645,0.11201,0.55942,0.76257,-0.32487,-0.41363,0.87545,0.24999,0.54513,0.76718,-0.33803,-0.25539,0.92728,0.27372,0.52718,0.77187,-0.35538,0.06057,0.98169,0.1806,0.52125,0.76525,-0.37775
1.0,0.59235,0.73664,-0.32633,1,0,0.02476,0.76769,-0.64034,0.58411,0.75027,-0.30968,0.60903,-0.51953,-0.59931,-0.71422,0.86453,0.79344,0.99197,0.03202,-0.12236,0.65873,0.72065,-0.21617,-0.57796,0.81163,0.08498,0.55927,0.76292,-0.3243,-0.39122,0.89909,0.19644,0.54515,0.76687,-0.3387,-0.23027,0.94755,0.22163,0.52782,0.7711,-0.35609,0.09688,0.98937,0.10844,0.52192,0.76415,-0.37904
1.0,0.59008,0.73792,-0.32753,1,0,0.01364,0.76946,-0.63854,0.58382,0.75067,-0.30926,0.61052,-0.51215,-0.60412,-0.7032,0.8728,0.79067,0.99065,0.03874,-0.13081,0.65821,0.72243,-0.21178,-0.56884,0.82073,0.05323,0.55897,0.76291,-0.32483,-0.3678,0.91895,0.14231,0.545,0.76673,-0.33927,-0.20554,0.96579,0.15809,0.5278,0.77094,-0.35647,0.11785,0.9918,0.04939,0.52191,0.76399,-0.37937
1.0,0.58841,0.73906,-0.32796,1,0,0.00198,0.76992,-0.63814,0.58332,0.75109,-0.3092,0.6154,-0.50393,-0.60609,-0.69363,0.88466,0.79302,0.98979,0.05423,-0.13178,0.65641,0.72463,-0.20984,-0.5739,0.81756,0.04739,0.55815,0.7631,-0.32581,-0.36412,0.92435,0.11403,0.54474,0.76656,-0.34006,-0.20263,0.97128,0.12469,0.5277,0.77073,-0.35709,0.10308,0.99356,0.04698,0.52154,0.76355,-0.38077
1.0,0.58246,0.74071,-0.33479,1,0,-0.00312,0.76804,-0.64039,0.58302,0.75137,-0.30906,0.61965,-0.50115,-0.60406,-0.69255,0.89074,0.79814,0.97174,0.04748,-0.23125,0.65484,0.72485,-0.21395,-0.57434,0.81796,0.03284,0.55738,0.76333,-0.32659,-0.36321,0.92748,0.08866,0.54451,0.76649,-0.34059,-0.19491,0.97734,0.08258,0.52767,0.77068,-0.35724,0.10388,0.99447,0.01555,0.52136,0.76329,-0.38154
1.0,0.58152,0.74103,-0.33571,1,0,-0.0058,0.76673,-0.64194,0.5829,0.75156,-0.30883,0.61973,-0.50105,-0.60405,-0.69246,0.8909,0.79821,0.9686,0.0499,-0.24358,0.65402,0.725,-0.21594,-0.57492,0.81754,0.03326,0.55667,0.76353,-0.32733,-0.36336,0.92772,0.08547,0.54403,0.76637,-0.34161,-0.19183,0.97899,0.06912,0.52763,0.7706,-0.35747,0.10441,0.99452,0.00456,0.52115,0.76291,-0.38259
1.0,0.58666,0.73932,-0.33051,1,0,-0.01964,0.77265,-0.63453,0.5838,0.75093,-0.30867,0.62115,-0.48789,-0.6133,-0.67199,0.90499,0.79176,0.96981,0.06408,-0.23527,0.65313,0.72528,-0.21772,-0.63181,0.75582,0.17189,0.55651,0.76379,-0.327,-0.45981,0.84351,0.27761,0.54377,0.76655,-0.34164,-0.2944,0.91733,0.26802,0.52757,0.77059,-0.35757,0.00501,0.98058,0.19608,0.5211,0.76289,-0.38268
1.0,0.58914,0.73837,-0.32821,1,0,-0.03128,0.7731,-0.63352,0.58468,0.75019,-0.30881,0.62203,-0.48107,-0.61778,-0.66163,0.91249,0.78882,0.97035,0.07238,-0.2306,0.65325,0.72529,-0.21729,-0.6566,0.72797,0.19731,0.5565,0.76389,-0.32677,-0.49692,0.80354,0.32772,0.54375,0.76661,-0.34154,-0.34165,0.87701,0.33781,0.52756,0.77061,-0.35756,-0.04724,0.96045,0.27442,0.52111,0.76291,-0.38264
1.0,0.58705,0.7403,-0.3276,1,0,-0.06272,0.77524,-0.62854,0.5874,0.7488,-0.30702,0.64509,-0.44906,-0.61823,-0.6282,0.96268,0.80665,0.94563,0.10186,-0.30888,0.65307,0.72538,-0.21754,-0.72961,0.66905,0.14152,0.55663,0.76414,-0.32596,-0.57334,0.75259,0.32386,0.54374,0.76673,-0.34127,-0.41998,0.83551,0.35432,0.52756,0.77065,-0.35746,-0.10235,0.96022,0.25982,0.5212,0.763,-0.38233
1.0,0.58465,0.74509,-0.32099,1,0.15018,-0.10877,0.75004,-0.65238,0.5966,0.74712,-0.29305,0.67555,-0.42567,-0.60203,-0.61545,1.00854,0.84289,0.93016,0.25146,-0.26754,0.64371,0.73094,-0.22664,-0.67187,0.7214,-0.16785,0.55941,0.76441,-0.32052,-0.58985,0.77327,0.23266,0.54554,0.76769,-0.33622,-0.34358,0.93814,0.04306,0.52936,0.77061,-0.35487,0.03324,0.98428,-0.17347,0.52561,0.76255,-0.37717
1.0,0.56326,0.74868,-0.34959,0.87818,0.13592,-0.53562,0.21374,-0.81696,0.60292,0.75563,-0.25595,0.69589,-0.43633,-0.5704,-0.653,1.01076,0.88418,0.63816,0.12524,-0.75965,0.61082,0.74741,-0.26129,-0.767,0.30817,-0.5628,0.5597,0.76209,-0.3255,-0.81905,0.54389,-0.18257,0.54296,0.76485,-0.3467,-0.72849,0.64945,-0.21798,0.53156,0.76883,-0.35545,-0.56013,0.67865,-0.47506,0.54019,0.75731,-0.36698
1.0,0.55831,0.76612,-0.31835,1,0.24526,-0.68773,-0.08816,-0.72059,0.59969,0.76867,-0.22253,0.69544,-0.36483,-0.61908,-0.53252,1.08766,0.84342,0.70676,0.0063,-0.70742,0.58248,0.76474,-0.27547,-0.62043,-0.0785,-0.78033,0.58745,0.73338,-0.34214,-0.9365,0.29991,-0.1817,0.54157,0.76784,-0.34222,-0.887,0.46036,-0.03593,0.54844,0.7725,-0.3201,-0.82916,0.53302,-0.1685,0.56966,0.76332,-0.30469
1.0,0.63109,0.74434,-0.21836,1,0.7248,0.86427,0.33727,0.3732,0.5971,0.76678,-0.23564,0.46439,-0.24984,-0.84966,-0.28598,1.07722,0.5002,0.74083,0.21069,-0.6378,0.64827,0.72635,-0.2284,-0.24023,0.56702,0.78789,0.62904,0.74437,-0.2241,-0.11457,0.36009,0.92585,0.60431,0.76179,-0.23343,0.05005,0.21127,0.97614,0.62078,0.76128,-0.18733,0.29124,0.08622,0.95276,0.61013,0.76428,-0.20883
1.0,0.62706,0.75177,-0.20405,0.8963,0.56451,0.84031,0.21185,0.49899,0.59008,0.77088,-0.23988,0.48077,0.13404,-0.86654,0.15347,1.84269,0.50654,0.72021,0.28942,-0.6305,0.65717,0.71467,-0.23953,-0.18894,0.20931,0.95942,0.64696,0.74196,-0.17589,0.05585,-0.02685,0.99808,0.64724,0.74243,-0.17285,0.27091,-0.23095,0.93449,0.63022,0.75278,-0.1901,0.73256,-0.30878,0.60663,0.61651,0.76297,-0.19438
1.0,0.63347,0.7479,-0.19837,0.72342,0.14341,0.83113,0.11887,0.54322,0.58196,0.77875,-0.23425,0.4805,0.33817,-0.80917,0.39586,2.18406,0.53586,0.58203,0.33264,-0.74202,0.64648,0.71341,-0.27039,-0.11201,0.00996,0.99366,0.65082,0.73909,-0.1737,0.18478,-0.22907,0.95571,0.65347,0.73718,-0.17188,0.50341,-0.33189,0.79777,0.62043,0.75762,-0.20268,0.89115,-0.19388,0.4102,0.61115,0.76881,-0.1882
1.0,0.63872,0.74371,-0.19733,0.1997,0.36041,0.83075,0.05742,0.55367,0.57253,0.78683,-0.23047,0.47792,0.43636,-0.76235,0.51986,2.31076,0.55997,0.50975,0.34567,-0.78782,0.62818,0.71977,-0.2955,0.25883,-0.1448,0.95501,0.65193,0.73502,-0.18639,0.42228,-0.28708,0.8598,0.65379,0.73545,-0.17798,0.64708,-0.33889,0.68297,0.61175,0.76478,-0.20218,0.96866,0.22345,0.10852,0.59064,0.7847,-0.18814
1.0,0.64038,0.7416,-0.19984,0.20981,0.22279,0.82086,0.05665,0.56832,0.57109,0.78676,-0.23422,0.48833,0.44643,-0.74983,0.53702,2.3114,0.57726,0.51884,0.3569,-0.77681,0.61847,0.72119,-0.31206,0.70134,-0.01357,0.7127,0.64806,0.72583,-0.23063,0.95724,0.08797,0.2756,0.65033,0.72998,-0.21025,0.74025,-0.25182,0.6234,0.6181,0.7588,-0.20539,0.98228,0.17934,0.05453,0.5884,0.78506,-0.19359
1.0,0.6454,0.73607,-0.20411,0.02187,0.23736,0.81222,0.07638,0.57832,0.5708,0.78666,-0.23526,0.51761,0.36284,-0.77487,0.43793,2.18218,0.58892,0.56489,0.29018,-0.77246,0.61997,0.71869,-0.31485,0.65919,-0.0028,0.75197,0.64612,0.72131,-0.24948,0.97055,0.22569,0.08423,0.64633,0.72953,-0.22373,0.9432,0.01391,0.33193,0.6167,0.75552,-0.22109,0.96302,0.25071,-0.0987,0.58758,0.78464,-0.19772
1.0,0.65856,0.72563,-0.19942,0,0.07563,0.78373,0.06378,0.61782,0.57066,0.78617,-0.23725,0.59179,0.22531,-0.77396,0.28329,1.93458,0.65279,0.69861,0.10909,-0.70714,0.63707,0.70797,-0.30481,0.80275,0.12857,0.58229,0.65787,0.70838,-0.25576,0.89627,0.32117,-0.30587,0.64508,0.72884,-0.22949,0.86437,0.32051,-0.38748,0.61471,0.75272,-0.23567,0.84354,0.36122,-0.39744,0.58724,0.78437,-0.19978
1.0,0.64787,0.73076,-0.21507,0,0.44652,0.76354,0.16069,0.62545,0.5702,0.78288,-0.24893,0.62396,0.066,-0.77867,0.08456,1.67618,0.67554,0.7695,0.029,-0.63799,0.64954,0.69939,-0.29825,0.51608,0.14966,0.84336,0.66488,0.70219,-0.25467,0.78841,0.26084,-0.55711,0.64403,0.72488,-0.24448,0.88827,0.18052,-0.42236,0.61678,0.74175,-0.26343,0.85154,0.18228,-0.49159,0.58663,0.78146,-0.21259
1.0,0.56216,0.74743,-0.35401,1,0.63896,-0.01539,0.74985,-0.66143,0.58885,0.75499,-0.28851,0.73146,-0.44257,-0.51875,-0.70631,1.02667,0.95392,0.67651,-0.10174,-0.72937,0.6331,0.71887,-0.28707,-0.44537,0.85292,-0.27234,0.60642,0.74206,-0.28567,0.05775,0.81843,-0.5717,0.63442,0.72593,-0.26558,-0.49559,0.82036,0.28532,0.57616,0.75613,-0.31034,-0.1848,0.98153,0.04939,0.57582,0.76385,-0.29149
1.0,0.58613,0.73544,-0.33997,1,0.27618,0.05172,0.73414,-0.67702,0.59752,0.74597,-0.29411,0.68729,-0.51801,-0.50921,-0.79396,0.92493,0.93314,0.89276,0.01925,-0.45011,0.63712,0.72242,-0.26869,-0.67887,0.72084,0.1397,0.57782,0.75909,-0.29984,-0.49169,0.85202,0.17972,0.60368,0.74106,-0.29396,-0.47401,0.75169,0.45857,0.54587,0.77235,-0.32481,-0.26411,0.88578,0.38162,0.55136,0.76704,-0.32811
1.0,0.58694,0.737,-0.33516,1,0,-0.02999,0.77181,-0.63514,0.58132,0.74874,-0.31852,0.59664,-0.49599,-0.63088,-0.66626,0.87725,0.75751,0.96883,0.1267,-0.21286,0.64146,0.72581,-0.24846,-0.68814,0.63756,0.34639,0.5531,0.76926,-0.31988,-0.54944,0.66999,0.49923,0.54773,0.77207,-0.32232,-0.42798,0.71393,0.5542,0.51527,0.78548,-0.3428,-0.26825,0.79186,0.54863,0.51028,0.78017,-0.36187
1.0,0.56687,0.73552,-0.37103,1,0,0.02978,0.81005,-0.58561,0.5614,0.74916,-0.35156,0.53982,-0.50611,-0.67264,-0.64506,0.81761,0.67629,0.93207,0.03032,-0.36101,0.64555,0.71873,-0.25824,-0.57929,0.67641,0.45485,0.54255,0.76792,-0.34049,-0.48419,0.69011,0.53787,0.51997,0.77881,-0.35085,-0.35516,0.72139,0.59452,0.49515,0.78773,-0.36648,-0.1901,0.78321,0.59198,0.4827,0.7835,-0.39132
1.0,0.53111,0.73839,-0.41557,1,0.3041,0.00312,0.73272,-0.68052,0.54186,0.75568,-0.36789,0.49967,-0.59063,-0.63363,-0.75028,0.70217,0.66774,0.77221,-0.06037,-0.63249,0.62551,0.71566,-0.31074,-0.4447,0.78302,0.43489,0.52746,0.7672,-0.36496,-0.41215,0.76763,0.49079,0.50066,0.7793,-0.37686,-0.257,0.79929,0.54322,0.47663,0.7883,-0.38911,-0.12642,0.84532,0.51908,0.46086,0.78469,-0.41456
1.0,0.48602,0.75126,-0.44654,1,0.41376,-0.01483,0.70998,-0.70407,0.50033,0.77263,-0.39078,0.44563,-0.62565,-0.64029,-0.77384,0.61891,0.60802,0.69981,-0.13347,-0.70175,0.57784,0.72259,-0.37943,-0.40188,0.78853,0.46552,0.49026,0.77995,-0.389,-0.36626,0.78073,0.50627,0.46048,0.79221,-0.40045,-0.20604,0.81492,0.54171,0.43418,0.80183,-0.41056,-0.0553,0.84846,0.52637,0.41607,0.79898,-0.43419
1.0,0.46931,0.75609,-0.45616,1,0.28268,0.13448,0.71822,-0.6827,0.46898,0.78536,-0.40406,0.37914,-0.67383,-0.6342,-0.81568,0.51252,0.53882,0.72945,-0.24447,-0.63885,0.58157,0.71758,-0.38322,-0.40122,0.79868,0.44847,0.47538,0.78551,-0.39621,-0.35818,0.81265,0.45969,0.44115,0.79812,-0.41035,-0.21078,0.83375,0.51033,0.40849,0.81013,-0.4205,-0.05097,0.85916,0.50917,0.38487,0.80913,-0.44405
1.0,0.45177,0.76278,-0.46268,1,0.34337,0.19557,0.70041,-0.68643,0.44756,0.79582,-0.40787,0.35436,-0.70312,-0.61648,-0.85096,0.46683,0.5217,0.68933,-0.2721,-0.6714,0.56826,0.72352,-0.39192,-0.36952,0.82759,0.42254,0.46267,0.79171,-0.39892,-0.32723,0.84021,0.4324,0.42745,0.80399,-0.41337,-0.16846,0.85693,0.48713,0.39383,0.81562,-0.42385,-0.00548,0.87518,0.48376,0.36775,0.81481,-0.44815
1.0,0.43499,0.76776,-0.47046,1,0.45966,0.22461,0.67625,-0.7016,0.43387,0.80283,-0.40893,0.33816,-0.72934,-0.59473,-0.88672,0.43415,0.51701,0.61284,-0.30891,-0.72732,0.55142,0.72822,-0.40698,-0.33434,0.86124,0.38273,0.45491,0.79419,-0.40289,-0.29244,0.87449,0.38698,0.41939,0.80583,-0.41803,-0.13367,0.88636,0.44328,0.38466,0.8176,-0.42844,0.00385,0.90513,0.42513,0.35539,0.81765,-0.45293
1.0,0.42362,0.77166,-0.47443,1,0.47842,0.27265,0.62155,-0.73439,0.41397,0.81341,-0.40865,0.28967,-0.78093,-0.55339,-0.9543,0.3552,0.48222,0.60019,-0.38437,-0.70145,0.54477,0.72984,-0.41299,-0.24178,0.91383,0.32626,0.44625,0.79658,-0.40782,-0.21071,0.92074,0.3284,0.41033,0.80759,-0.42359,-0.06057,0.92561,0.37361,0.37305,0.82022,-0.43368,0.10038,0.9245,0.36774,0.34241,0.82194,-0.45516
1.0,0.40722,0.77863,-0.47739,1,0.55332,0.28621,0.54767,-0.78622,0.39415,0.82554,-0.4039,0.22844,-0.83589,-0.4991,-1.03252,0.26678,0.42925,0.50278,-0.46632,-0.72785,0.52355,0.73634,-0.4286,-0.1716,0.9515,0.25535,0.43217,0.80229,-0.41177,-0.14577,0.95364,0.26331,0.39569,0.8133,-0.42659,0.01652,0.95306,0.30233,0.35857,0.82605,-0.43483,0.19109,0.93981,0.28326,0.32726,0.8283,-0.45477
1.0,0.40141,0.78123,-0.47807,1,0.59031,0.27755,0.51886,-0.80855,0.38687,0.8299,-0.402,0.20011,-0.85438,-0.47958,-1.05931,0.23007,0.3953,0.45671,-0.49882,-0.73661,0.51517,0.73861,-0.4348,-0.12666,0.96288,0.23836,0.42775,0.80322,-0.41457,-0.11172,0.96113,0.25249,0.39046,0.81483,-0.42848,0.04503,0.9572,0.28589,0.35231,0.82827,-0.43572,0.2094,0.9434,0.2572,0.31933,0.8314,-0.45476
1.0,0.38143,0.78926,-0.48122,1,0.62658,0.25153,0.49448,-0.832,0.36255,0.84091,-0.40179,0.14736,-0.86918,-0.47202,-1.07329,0.16795,0.30261,0.41322,-0.52805,-0.7419,0.49574,0.74551,-0.44549,-0.03058,0.97772,0.20769,0.41036,0.80712,-0.42446,0.01393,0.96871,0.2478,0.37462,0.81858,-0.43541,0.17869,0.9435,0.27907,0.33565,0.83292,-0.43999,0.33065,0.91273,0.23997,0.29815,0.83845,-0.45619
1.0,0.34462,0.80122,-0.48917,1,0.57176,0.25706,0.49796,-0.82823,0.30581,0.858,-0.4127,0.10323,-0.86627,-0.48879,-1.05708,0.11861,0.20814,0.45996,-0.57903,-0.67317,0.46601,0.7634,-0.44728,-0.03152,0.97658,0.21284,0.36424,0.8203,-0.44096,0.0104,0.97213,0.23421,0.32675,0.8305,-0.4511,0.1508,0.94954,0.275,0.28254,0.84666,-0.45092,0.31975,0.91538,0.24463,0.24339,0.85227,-0.46303
1.0,0.26783,0.83283,-0.48441,1,0.05526,0.3128,0.51166,-0.80023,0.19533,0.89082,-0.41022,0.09575,-0.8552,-0.50938,-1.0336,0.1115,0.18581,0.67134,-0.57567,-0.4668,0.45017,0.79275,-0.41098,-0.0626,0.98592,0.15507,0.27393,0.85174,-0.44666,0.0365,0.98194,0.18563,0.23903,0.85806,-0.45453,0.16082,0.95156,0.26206,0.19026,0.87277,-0.44952,0.29832,0.92152,0.24859,0.145,0.8764,-0.45924
1.0,0.21332,0.85544,-0.47193,1,0,0.33516,0.59603,-0.72967,0.12211,0.90617,-0.4049,0.0767,-0.78915,-0.60939,-0.91323,0.09689,0.12521,0.70792,-0.56467,-0.42426,0.40037,0.82645,-0.39583,-0.01129,0.98344,0.18087,0.21317,0.87057,-0.44346,0.11718,0.96706,0.22596,0.18215,0.87556,-0.44746,0.22272,0.92404,0.31071,0.1325,0.88911,-0.4381,0.37891,0.87617,0.29791,0.08689,0.89121,-0.4452
1.0,0.15037,0.88108,-0.44843,1,0,0.4255,0.73315,-0.53051,0.04344,0.91718,-0.39611,0.04894,-0.60401,-0.79547,-0.64943,0.08084,0.06144,0.74673,-0.48213,-0.45819,0.3308,0.85859,-0.39165,0.18346,0.96584,0.18302,0.1608,0.87983,-0.44726,0.23469,0.86736,0.43888,0.12679,0.89851,-0.42024,0.30885,0.77771,0.54752,0.07742,0.9128,-0.401,0.43441,0.69601,0.57172,0.02963,0.9141,-0.4044
1.0,0.09862,0.90288,-0.41843,1,0,0.51979,0.79214,-0.31989,-0.02626,0.92716,-0.37375,-0.00025,-0.37431,-0.9273,-0.38365,-0.00068,-0.00027,0.73431,-0.48957,-0.47023,0.25923,0.88477,-0.38727,0.463,0.88436,-0.05954,0.11535,0.87992,-0.46092,0.28603,0.65725,0.69728,0.07038,0.92547,-0.37223,0.35985,0.53985,0.76097,0.02571,0.93598,-0.35111,0.48072,0.44227,0.75717,-0.02092,0.9347,-0.35482
1.0,0.04256,0.92027,-0.38896,1,0,0.62142,0.7404,-0.25621,-0.0766,0.93662,-0.34188,-0.03036,-0.30402,-0.95218,-0.30905,-0.09953,-0.03187,0.686,-0.47057,-0.55495,0.18663,0.90563,-0.38078,0.59063,0.80335,-0.07612,0.07545,0.89428,-0.4411,0.33091,0.55758,0.76132,0.03024,0.93975,-0.34054,0.40345,0.42853,0.80845,-0.00993,0.94774,-0.3189,0.49124,0.33009,0.80606,-0.05538,0.94585,-0.31985
1.0,-0.02118,0.93795,-0.34611,0.5796,0,0.6652,0.70124,-0.25644,-0.12032,0.94766,-0.29573,-0.0868,-0.2685,-0.95936,-0.27289,-0.31268,-0.09023,0.59902,-0.34448,-0.72285,0.10713,0.92592,-0.3622,0.63974,0.63303,-0.4359,0.01933,0.89721,-0.44117,0.65052,0.61899,0.44009,0.00528,0.9408,-0.33892,0.60635,0.44736,0.65742,-0.03536,0.95522,-0.29376,0.65776,0.26069,0.70668,-0.08242,0.95518,-0.28433
