1.0,-0.04327,0.98369,-0.17459,1,1,-0.43227,-0.85843,-0.27613,0.05028,0.99623,-0.07067,-0.28614,0.42097,-0.86076,0.45487,-2.5446,-0.32094,-0.20805,-0.27404,-0.93894,-0.12051,0.97948,-0.16157,0.15918,-0.78092,0.60401,-0.11307,0.99001,-0.08418,-0.0253,-0.71831,0.69526,-0.0891,0.99202,-0.08926,-0.12291,-0.60442,0.78713,-0.00615,0.99532,-0.0964,-0.43714,-0.43398,0.78776,0.04598,0.99061,-0.12873
1.0,-0.04512,0.98333,-0.17612,1,1,-0.43909,-0.85121,-0.28748,0.04871,0.99614,-0.07296,-0.28194,0.43436,-0.85548,0.46982,-2.56586,-0.31836,-0.20759,-0.26177,-0.94254,-0.1222,0.97885,-0.16409,0.16601,-0.78154,0.60136,-0.11212,0.99019,-0.08339,-0.02221,-0.71839,0.69529,-0.08923,0.99211,-0.08806,-0.12366,-0.60865,0.78374,-0.00825,0.99552,-0.09423,-0.43707,-0.43841,0.78534,0.04353,0.99051,-0.13037
1.0,-0.04579,0.98291,-0.17833,1,1,-0.43618,-0.85336,-0.28553,0.04787,0.99609,-0.07423,-0.29051,0.43385,-0.85287,0.47058,-2.55156,-0.3283,-0.21478,-0.25518,-0.94273,-0.12066,0.97924,-0.1629,0.17415,-0.79663,0.57884,-0.11205,0.98975,-0.08853,-0.02624,-0.73114,0.68172,-0.08969,0.9915,-0.09429,-0.16016,-0.65405,0.7393,-0.01177,0.9948,-0.10121,-0.47895,-0.47801,0.73628,0.04113,0.98979,-0.13647
1.0,-0.04986,0.97974,-0.19397,1,1,-0.40181,-0.87972,-0.25423,0.03894,0.99614,-0.07871,-0.33029,0.39817,-0.85579,0.43548,-2.44912,-0.36833,-0.254,-0.26355,-0.93061,-0.12884,0.97812,-0.16337,0.16587,-0.83227,0.52898,-0.12578,0.98637,-0.1061,-0.0355,-0.76823,0.63918,-0.10074,0.98843,-0.11343,-0.24079,-0.75887,0.60509,-0.01954,0.99311,-0.11551,-0.53938,-0.61201,0.57837,0.03866,0.98885,-0.1438
1.0,-0.03563,0.97948,-0.19835,1,1,-0.30685,-0.93234,-0.1913,0.03776,0.99588,-0.08248,-0.34955,0.29734,-0.88848,0.32295,-2.27567,-0.37482,-0.16556,-0.32566,-0.93088,-0.10572,0.97997,-0.16878,0.1525,-0.84363,0.51482,-0.13549,0.98124,-0.13716,-0.05579,-0.8035,0.59268,-0.1037,0.98251,-0.15465,-0.26321,-0.81758,0.51213,-0.02787,0.98411,-0.17536,-0.52063,-0.72309,0.45397,0.04563,0.9783,-0.20213
1.0,-0.0326,0.97966,-0.19802,1,1,-0.33729,-0.92942,-0.14969,0.03854,0.99579,-0.08319,-0.35513,0.27288,-0.8941,0.29622,-2.22598,-0.37808,-0.1607,-0.37459,-0.91316,-0.09827,0.98033,-0.17118,0.12395,-0.83476,0.53648,-0.14411,0.98001,-0.13715,-0.08063,-0.78741,0.61113,-0.11296,0.97978,-0.16516,-0.29466,-0.80222,0.51926,-0.03958,0.97672,-0.21086,-0.5402,-0.70097,0.46565,0.04512,0.97271,-0.22762
1.0,-0.03786,0.98025,-0.1941,1,1,-0.37645,-0.91565,-0.14096,0.03946,0.99584,-0.08219,-0.35802,0.28411,-0.88944,0.30919,-2.24161,-0.38268,-0.07265,-0.4314,-0.89923,-0.07184,0.98106,-0.17989,0.14046,-0.80007,0.58324,-0.14313,0.98166,-0.1259,-0.07681,-0.76069,0.64455,-0.11641,0.98037,-0.15915,-0.33092,-0.7975,0.50447,-0.04897,0.97486,-0.21737,-0.56421,-0.68273,0.46427,0.0377,0.97224,-0.23093
1.0,-0.04157,0.98038,-0.1927,1,1,-0.35151,-0.92267,-0.15849,0.03779,0.99592,-0.08195,-0.35493,0.288,-0.88943,0.31314,-2.25246,-0.37969,0.01219,-0.44702,-0.89444,-0.04225,0.98115,-0.18856,0.15962,-0.80462,0.57194,-0.14059,0.98199,-0.12623,-0.09157,-0.79461,0.60017,-0.11517,0.9803,-0.16047,-0.30851,-0.80694,0.50366,-0.04647,0.97518,-0.21647,-0.54548,-0.68963,0.47631,0.0386,0.97287,-0.2281
1.0,-0.04512,0.98039,-0.19182,1,1,-0.32477,-0.93056,-0.16904,0.03396,0.99626,-0.07939,-0.34436,0.28281,-0.89523,0.30599,-2.25836,-0.36722,0.04308,-0.44859,-0.8927,-0.0373,0.98135,-0.18859,0.13649,-0.83258,0.53683,-0.14413,0.98076,-0.13167,-0.09645,-0.81072,0.57744,-0.1162,0.9794,-0.16514,-0.29291,-0.8125,0.50404,-0.04476,0.97528,-0.21637,-0.53057,-0.69716,0.48215,0.04042,0.97371,-0.22419
1.0,-0.03007,0.98107,-0.19129,1,1,-0.2645,-0.9427,-0.20334,0.0292,0.99686,-0.07358,-0.33161,0.2869,-0.89873,0.30901,-2.28403,-0.35348,-0.00718,-0.40526,-0.91417,-0.0587,0.98218,-0.17853,0.13677,-0.87453,0.46528,-0.14686,0.97921,-0.1399,-0.0901,-0.85135,0.51681,-0.11518,0.97816,-0.17302,-0.28832,-0.8671,0.40622,-0.03916,0.97495,-0.21895,-0.5163,-0.77738,0.35933,0.04594,0.97366,-0.22333
1.0,-0.04618,0.9828,-0.1788,1,1,-0.23884,-0.94653,-0.21686,0.01528,0.99812,-0.05943,-0.34474,0.29143,-0.89231,0.31568,-2.27259,-0.36868,-0.07842,-0.37113,-0.92527,-0.10669,0.98231,-0.15388,0.15591,-0.88914,0.43025,-0.16021,0.97667,-0.143,-0.06823,-0.86625,0.49492,-0.12421,0.97594,-0.17919,-0.25801,-0.87941,0.40009,-0.0444,0.97554,-0.21531,-0.48976,-0.79952,0.3477,0.04021,0.9755,-0.21629
1.0,-0.05149,0.98423,-0.16925,1,1,-0.21536,-0.9515,-0.21968,0.00837,0.99861,-0.05196,-0.35714,0.28612,-0.88915,0.31132,-2.24623,-0.38194,-0.12233,-0.34199,-0.93171,-0.12575,0.98211,-0.1402,0.17627,-0.88716,0.42646,-0.164,0.97706,-0.13588,-0.04484,-0.87152,0.4883,-0.12913,0.9767,-0.17139,-0.23139,-0.88734,0.39885,-0.04964,0.97735,-0.20571,-0.46907,-0.81693,0.33555,0.03313,0.97747,-0.20845
1.0,-0.05143,0.98482,-0.1658,1,1,-0.24104,-0.94614,-0.21617,0.01008,0.99869,-0.05014,-0.35435,0.29315,-0.88797,0.31887,-2.26195,-0.3797,-0.15301,-0.30968,-0.93845,-0.12786,0.98236,-0.13646,0.17613,-0.88098,0.43915,-0.16295,0.97775,-0.13208,-0.05293,-0.85854,0.51001,-0.12909,0.97737,-0.16759,-0.24942,-0.87829,0.40791,-0.05031,0.9782,-0.20146,-0.48028,-0.80065,0.35818,0.03278,0.97799,-0.20605
1.0,-0.03041,0.9843,-0.17386,1,1,-0.33105,-0.92,-0.20976,0.03035,0.99815,-0.05272,-0.33599,0.32265,-0.88488,0.34965,-2.33595,-0.36288,-0.18648,-0.30512,-0.93388,-0.11912,0.98349,-0.13625,0.1339,-0.86208,0.48876,-0.14827,0.9813,-0.12271,-0.09558,-0.82414,0.55826,-0.11979,0.98037,-0.15658,-0.31493,-0.84525,0.4317,-0.04375,0.97885,-0.19983,-0.54276,-0.74882,0.38037,0.04053,0.97756,-0.20672
1.0,0.00016,0.98128,-0.19257,1,1,-0.38168,-0.90187,-0.20234,0.06363,0.99595,-0.06358,-0.30701,0.33019,-0.89259,0.35431,-2.39255,-0.33128,-0.2119,-0.29482,-0.93176,-0.10447,0.98427,-0.14246,0.08984,-0.85332,0.51359,-0.12433,0.98447,-0.1239,-0.13376,-0.79788,0.58779,-0.09832,0.9831,-0.15441,-0.36835,-0.81952,0.43899,-0.02513,0.9779,-0.20756,-0.59425,-0.71157,0.37488,0.06202,0.97399,-0.21792
1.0,0.02246,0.97811,-0.20689,1,1,-0.42622,-0.88491,-0.18779,0.08688,0.99341,-0.0748,-0.2808,0.32676,-0.90243,0.3474,-2.4317,-0.30166,-0.20781,-0.32255,-0.92346,-0.08887,0.98436,-0.15211,0.05097,-0.84181,0.53736,-0.10951,0.98546,-0.12993,-0.17274,-0.7712,0.61271,-0.08196,0.98386,-0.15908,-0.4086,-0.78248,0.46986,-0.00749,0.9759,-0.21807,-0.6298,-0.65764,0.41336,0.0855,0.96918,-0.23105
1.0,0.0441,0.97634,-0.21168,1,1,-0.4576,-0.8669,-0.19771,0.11224,0.99008,-0.08453,-0.25193,0.33965,-0.90618,0.35861,-2.50342,-0.27116,-0.21004,-0.31999,-0.92385,-0.06547,0.98427,-0.16409,0.01824,-0.83652,0.54763,-0.08976,0.98638,-0.13785,-0.20271,-0.75713,0.62101,-0.05902,0.98444,-0.1655,-0.43939,-0.75935,0.47993,0.01526,0.97392,-0.22637,-0.66124,-0.62246,0.41869,0.1084,0.96491,-0.23917
1.0,0.07626,0.97371,-0.21464,1,1,-0.4709,-0.8622,-0.1867,0.14636,0.98518,-0.08949,-0.22683,0.32286,-0.91886,0.33789,-2.52914,-0.24202,-0.22623,-0.31436,-0.92195,-0.03925,0.98444,-0.17125,-0.02554,-0.83089,0.55586,-0.05534,0.98741,-0.14817,-0.24422,-0.74825,0.61683,-0.02604,0.98428,-0.1747,-0.47382,-0.74659,0.467,0.04912,0.97069,-0.23527,-0.68655,-0.61461,0.38846,0.14424,0.95826,-0.24685
1.0,0.10856,0.96939,-0.22022,1,1,-0.5272,-0.83518,-0.15663,0.17852,0.97982,-0.08992,-0.19728,0.29959,-0.93345,0.31057,-2.55927,-0.20828,-0.2527,-0.36594,-0.89567,-0.01376,0.98448,-0.17494,-0.1077,-0.80933,0.5774,-0.03273,0.98759,-0.15363,-0.31297,-0.71316,0.62725,-0.00408,0.98354,-0.18066,-0.52975,-0.69819,0.48157,0.07695,0.96755,-0.24068,-0.72538,-0.55375,0.40887,0.17744,0.95228,-0.24835
1.0,0.1116,0.96782,-0.22556,1,1,-0.54828,-0.82444,-0.14032,0.19123,0.97744,-0.0897,-0.18897,0.28558,-0.93954,0.29508,-2.55704,-0.19848,-0.27496,-0.35755,-0.8925,-0.00892,0.98426,-0.17653,-0.12223,-0.79503,0.59413,-0.02178,0.98731,-0.15732,-0.34131,-0.69841,0.62907,0.00395,0.98267,-0.18531,-0.54772,-0.68129,0.48565,0.09181,0.9654,-0.24406,-0.74302,-0.54293,0.39134,0.19087,0.9489,-0.25132
1.0,0.1012,0.96728,-0.23266,1,1,-0.54367,-0.82704,-0.14295,0.19215,0.97713,-0.09109,-0.18287,0.28295,-0.94154,0.29193,-2.56783,-0.19183,-0.28256,-0.34631,-0.89456,-0.01181,0.98371,-0.1794,-0.13396,-0.79558,0.59086,-0.01886,0.98685,-0.16054,-0.35258,-0.70466,0.61574,0.0071,0.98184,-0.18958,-0.55042,-0.68324,0.47981,0.09525,0.96437,-0.24681,-0.74203,-0.546,0.38893,0.19437,0.94752,-0.25382
1.0,0.07789,0.966,-0.24651,1,1,-0.52746,-0.83152,-0.17423,0.18733,0.97778,-0.09406,-0.17329,0.30607,-0.93611,0.316,-2.62641,-0.18305,-0.27279,-0.31503,-0.90903,-0.01991,0.98267,-0.18431,-0.12279,-0.81456,0.56693,-0.02001,0.98637,-0.16334,-0.34658,-0.72506,0.59513,0.00667,0.98118,-0.19297,-0.53456,-0.69671,0.47838,0.09382,0.96382,-0.2495,-0.73442,-0.56475,0.37642,0.19188,0.9472,-0.2569
1.0,0.04879,0.96379,-0.26217,1,1,-0.52996,-0.82579,-0.19291,0.17629,0.97919,-0.10058,-0.17353,0.32827,-0.92851,0.33983,-2.65531,-0.18476,-0.2534,-0.30691,-0.91739,-0.02627,0.98153,-0.18952,-0.10878,-0.82021,0.56162,-0.02816,0.98478,-0.17152,-0.34076,-0.73342,0.5882,-0.00066,0.97921,-0.20286,-0.53664,-0.70621,0.46183,0.08441,0.96281,-0.25665,-0.73802,-0.57146,0.35883,0.18128,0.94731,-0.2641
1.0,-0.01409,0.96247,-0.27101,1,1,-0.51107,-0.83531,-0.20263,0.11697,0.98532,-0.12432,-0.20219,0.34596,-0.9162,0.36105,-2.6127,-0.2172,-0.23699,-0.30906,-0.92104,-0.07028,0.97446,-0.21327,-0.05285,-0.82752,0.55895,-0.07928,0.97755,-0.19523,-0.28441,-0.74217,0.60688,-0.05419,0.97155,-0.23055,-0.49695,-0.72347,0.47919,0.02052,0.95953,-0.28087,-0.71014,-0.59263,0.38011,0.11331,0.95005,-0.29081
1.0,-0.09929,0.95935,-0.26419,1,1,-0.47848,-0.85268,-0.20975,0.01631,0.99055,-0.13618,-0.25314,0.36267,-0.89688,0.38426,-2.53222,-0.27509,-0.24611,-0.30165,-0.92111,-0.16824,0.95909,-0.22771,0.02331,-0.84011,0.54191,-0.16321,0.96582,-0.20139,-0.2094,-0.76184,0.61298,-0.14306,0.96171,-0.23377,-0.43084,-0.75447,0.49513,-0.08206,0.95516,-0.28449,-0.65936,-0.63313,0.40545,0.00076,0.95376,-0.30057
1.0,-0.16657,0.95338,-0.25165,1,1,-0.43839,-0.86784,-0.23383,-0.05758,0.99012,-0.12785,-0.28914,0.3825,-0.87755,0.41105,-2.49431,-0.31829,-0.21814,-0.30306,-0.92767,-0.2337,0.94695,-0.2206,0.10178,-0.85765,0.50406,-0.22866,0.95486,-0.18962,-0.13955,-0.78112,0.60859,-0.21256,0.95308,-0.21553,-0.37584,-0.79194,0.48123,-0.15953,0.94993,-0.26866,-0.61991,-0.68158,0.3888,-0.08064,0.95396,-0.28888
1.0,-0.2115,0.94799,-0.23788,1,1,-0.39862,-0.8799,-0.2586,-0.10625,0.98717,-0.11922,-0.32443,0.39903,-0.85763,0.43548,-2.45895,-0.36165,-0.20544,-0.28823,-0.93526,-0.27507,0.93805,-0.2107,0.16457,-0.87424,0.45676,-0.2772,0.94396,-0.17915,-0.08126,-0.809,0.58216,-0.25948,0.94474,-0.20034,-0.32714,-0.82999,0.45176,-0.20861,0.94374,-0.25659,-0.58323,-0.72813,0.36009,-0.13176,0.95124,-0.27889
1.0,-0.23916,0.94278,-0.23229,1,1,-0.35608,-0.89506,-0.26846,-0.13478,0.98405,-0.1161,-0.35266,0.39476,-0.84841,0.4355,-2.41246,-0.39395,-0.19607,-0.27939,-0.93995,-0.29884,0.93186,-0.20576,0.21993,-0.86972,0.44184,-0.30442,0.93665,-0.17326,-0.02903,-0.81765,0.57498,-0.28393,0.9389,-0.19455,-0.28775,-0.8535,0.43445,-0.23498,0.93836,-0.25348,-0.54825,-0.76332,0.34171,-0.15896,0.94791,-0.27605
1.0,-0.271,0.93582,-0.22541,1,1,-0.32326,-0.91037,-0.2583,-0.15899,0.98071,-0.11368,-0.38187,0.37524,-0.84461,0.41809,-2.34744,-0.42462,-0.1942,-0.28759,-0.93786,-0.3157,0.92702,-0.2024,0.25248,-0.8606,0.44229,-0.32413,0.93071,-0.16947,-0.00192,-0.82181,0.56975,-0.30323,0.93353,-0.19126,-0.24955,-0.8628,0.43965,-0.25413,0.93426,-0.25016,-0.51011,-0.78343,0.355,-0.17978,0.94528,-0.27227
1.0,-0.30369,0.92825,-0.21477,1,1,-0.32102,-0.91017,-0.26178,-0.18244,0.97707,-0.10978,-0.40367,0.38154,-0.83155,0.43018,-2.32802,-0.45193,-0.20768,-0.27996,-0.93728,-0.33825,0.92029,-0.19658,0.2938,-0.84862,0.43991,-0.34392,0.92465,-0.16354,0.03198,-0.81911,0.57274,-0.32476,0.92736,-0.18582,-0.22639,-0.86775,0.44244,-0.27833,0.92883,-0.24454,-0.4923,-0.78993,0.36559,-0.20609,0.94134,-0.26721
1.0,-0.31704,0.92582,-0.20576,1,1,-0.3097,-0.91245,-0.26742,-0.19795,0.97453,-0.10544,-0.41241,0.38232,-0.82689,0.43308,-2.31835,-0.46264,-0.21453,-0.27636,-0.9368,-0.35514,0.91513,-0.19083,0.26451,-0.85656,0.4431,-0.36196,0.91908,-0.1558,0.03806,-0.82588,0.56256,-0.34314,0.92216,-0.17851,-0.21031,-0.86529,0.45502,-0.295,0.92557,-0.23725,-0.47742,-0.78786,0.38903,-0.22338,0.9393,-0.26042
1.0,-0.3111,0.92738,-0.20781,1,1,-0.34451,-0.89833,-0.27262,-0.20728,0.97295,-0.10201,-0.40539,0.40428,-0.81989,0.45811,-2.35483,-0.4592,-0.23827,-0.26024,-0.93568,-0.36838,0.91128,-0.18404,0.24037,-0.86126,0.44771,-0.3748,0.91516,-0.14833,0.01872,-0.82736,0.56136,-0.35759,0.91802,-0.17138,-0.22991,-0.85691,0.46136,-0.30769,0.92336,-0.22965,-0.49236,-0.76912,0.40749,-0.23585,0.93811,-0.25361
1.0,-0.28371,0.93419,-0.21635,1,1,-0.37103,-0.88087,-0.29396,-0.20467,0.97346,-0.10241,-0.3816,0.43321,-0.81652,0.4878,-2.41946,-0.43718,-0.27869,-0.21639,-0.93569,-0.3683,0.91139,-0.18364,0.19888,-0.88066,0.42998,-0.37288,0.91579,-0.14931,-0.01218,-0.83782,0.54581,-0.35539,0.91867,-0.17245,-0.25185,-0.85524,0.45292,-0.30608,0.92436,-0.22776,-0.51841,-0.76101,0.39003,-0.23499,0.93881,-0.25183
1.0,-0.25003,0.94335,-0.21811,1,1,-0.43699,-0.85618,-0.27567,-0.18138,0.97786,-0.10431,-0.35382,0.4454,-0.82245,0.49634,-2.47029,-0.40627,-0.34256,-0.19373,-0.9193,-0.35676,0.91617,-0.18261,0.13465,-0.89079,0.434,-0.35701,0.92151,-0.15284,-0.06972,-0.83454,0.54652,-0.34032,0.92378,-0.17556,-0.30315,-0.83249,0.46375,-0.29016,0.92946,-0.22783,-0.57233,-0.72461,0.3839,-0.22224,0.94174,-0.25247
1.0,-0.20232,0.95404,-0.22107,1,1,-0.49734,-0.82791,-0.25927,-0.12863,0.9859,-0.10699,-0.32188,0.4536,-0.83105,0.49963,-2.52445,-0.36952,-0.41575,-0.12704,-0.90056,-0.32605,0.92821,-0.17921,0.06401,-0.88499,0.46119,-0.31709,0.93572,-0.15452,-0.14842,-0.82636,0.54323,-0.30389,0.93574,-0.17898,-0.37429,-0.80668,0.45735,-0.25098,0.94073,-0.22813,-0.62579,-0.68133,0.37971,-0.18598,0.94921,-0.25381
1.0,-0.1494,0.96301,-0.22426,1,1,-0.57526,-0.77894,-0.24966,-0.05795,0.99258,-0.10692,-0.27105,0.4695,-0.8403,0.50952,-2.61802,-0.31203,-0.4672,-0.05119,-0.88267,-0.26771,0.94841,-0.16985,-0.05482,-0.8823,0.46749,-0.249,0.95579,-0.15642,-0.25115,-0.80523,0.53716,-0.23475,0.95443,-0.18425,-0.46401,-0.76375,0.44876,-0.18153,0.95623,-0.22949,-0.69489,-0.61699,0.36939,-0.11574,0.96045,-0.25324
1.0,-0.09423,0.97106,-0.21946,1,1,-0.66659,-0.70744,-0.23494,0.00559,0.99501,-0.09959,-0.2197,0.48763,-0.84496,0.52341,-2.71828,-0.25438,-0.49559,0.01383,-0.86845,-0.21169,0.96452,-0.15774,-0.15239,-0.85624,0.49359,-0.17722,0.97331,-0.14584,-0.35561,-0.76236,0.5407,-0.16835,0.96972,-0.17693,-0.54343,-0.69637,0.46877,-0.11951,0.96844,-0.21874,-0.76329,-0.52419,0.37764,-0.05825,0.9681,-0.2437
1.0,-0.048,0.97427,-0.22023,1,1,-0.74345,-0.64004,-0.19397,0.05918,0.99395,-0.09256,-0.18128,0.47204,-0.86274,0.50064,-2.77492,-0.20711,-0.54995,0.05644,-0.83329,-0.17834,0.97314,-0.14558,-0.46885,-0.82859,0.30597,-0.13501,0.97773,-0.16066,-0.49262,-0.69928,0.518,-0.12803,0.97584,-0.17702,-0.62361,-0.6153,0.4822,-0.07611,0.97436,-0.21171,-0.82988,-0.4253,0.36113,-0.016,0.97088,-0.23905
1.0,-0.00403,0.975,-0.22217,1,1,-0.80946,-0.56553,-0.15793,0.11093,0.98935,-0.09421,-0.13961,0.44663,-0.88376,0.46793,-2.83863,-0.15668,-0.5589,0.05255,-0.82757,-0.13979,0.97916,-0.14731,-0.71587,-0.69289,0.08618,-0.09435,0.97638,-0.19437,-0.64168,-0.61746,0.45496,-0.10053,0.97653,-0.19051,-0.70952,-0.51928,0.47636,-0.03989,0.97518,-0.21777,-0.86997,-0.3169,0.37778,0.02573,0.96999,-0.24176
1.0,0.04092,0.97614,-0.21325,1,1,-0.89707,-0.43071,-0.09879,0.17467,0.97955,-0.09987,-0.0944,0.40519,-0.90934,0.41918,-2.91269,-0.10344,-0.5571,-0.01223,-0.83035,-0.0785,0.98378,-0.16131,-0.87801,-0.47747,-0.03346,-0.04063,0.97419,-0.22202,-0.74325,-0.47204,0.47409,-0.04408,0.9768,-0.20958,-0.77082,-0.36489,0.5222,0.0007,0.97546,-0.22017,-0.91574,-0.14429,0.37497,0.06623,0.96576,-0.25084
1.0,0.09202,0.97187,-0.21678,1,1,-0.91728,-0.38585,-0.09859,0.22694,0.96908,-0.09688,-0.05724,0.37272,-0.92618,0.3826,-2.98921,-0.06173,-0.54595,0.00127,-0.83781,-0.03043,0.98588,-0.16465,-0.89234,-0.45112,0.01465,0.00988,0.97154,-0.23669,-0.76856,-0.4178,0.48452,0.01518,0.97607,-0.21692,-0.81809,-0.30359,0.48843,0.05561,0.97187,-0.22887,-0.93829,-0.08746,0.3346,0.11995,0.95922,-0.25593
1.0,0.13468,0.96897,-0.20726,1,1,-0.93764,-0.33012,-0.10882,0.26684,0.95973,-0.0879,-0.0179,0.35852,-0.93335,0.36674,-3.09169,-0.01918,-0.52964,0.0096,-0.84817,0.01002,0.98669,-0.16229,-0.90632,-0.41783,0.06325,0.05557,0.97253,-0.22606,-0.82112,-0.35665,0.4456,0.06087,0.97394,-0.21847,-0.85752,-0.24317,0.45336,0.09915,0.96842,-0.22876,-0.95968,-0.0231,0.28014,0.16124,0.9536,-0.25426
1.0,0.172,0.96579,-0.1941,1,1,-0.95608,-0.2714,-0.11066,0.29972,0.95082,-0.0781,0.0115,0.34253,-0.93944,0.34963,3.10802,0.01224,-0.51576,0.00994,-0.85668,0.04651,0.98639,-0.1577,-0.94652,-0.32139,-0.0283,0.09829,0.96872,-0.22786,-0.86604,-0.28742,0.4091,0.09856,0.97113,-0.21724,-0.87305,-0.18027,0.45308,0.13045,0.96647,-0.22115,-0.95919,0.04322,0.27945,0.18794,0.95104,-0.24537
1.0,0.19619,0.96259,-0.1869,1,1,-0.96604,-0.23165,-0.11447,0.32119,0.94442,-0.07005,0.03142,0.33443,-0.9419,0.34117,3.04792,0.03334,-0.51213,0.02554,-0.85853,0.06686,0.98617,-0.15167,-0.95477,-0.29724,0.00772,0.12163,0.96732,-0.22249,-0.89247,-0.24079,0.38146,0.12144,0.9683,-0.21829,-0.89146,-0.1373,0.4318,0.15138,0.96444,-0.21668,-0.96094,0.08573,0.26314,0.20781,0.94845,-0.23929
1.0,0.21707,0.95934,-0.18041,1,0.95363,-0.97129,-0.20837,-0.11482,0.33517,0.94001,-0.06365,0.04344,0.31915,-0.94671,0.32515,3.0063,0.04586,-0.50801,0.01223,-0.86126,0.08204,0.98572,-0.14704,-0.94822,-0.30333,0.09414,0.13333,0.96743,-0.21519,-0.91136,-0.2035,0.35779,0.13691,0.96687,-0.21544,-0.89384,-0.10407,0.43614,0.16404,0.96321,-0.21288,-0.96389,0.11771,0.23888,0.22061,0.94662,-0.23505
1.0,0.23152,0.95561,-0.18221,1,0.92858,-0.97264,-0.19944,-0.11914,0.35169,0.93432,-0.05792,0.05338,0.30725,-0.95013,0.31277,2.96958,0.05612,-0.50327,0.01564,-0.86399,0.09363,0.98484,-0.14601,-0.95244,-0.29155,0.08866,0.15131,0.96562,-0.21138,-0.92335,-0.1851,0.33641,0.15641,0.96276,-0.22052,-0.8898,-0.09131,0.44713,0.17678,0.96173,-0.20933,-0.96341,0.13131,0.23367,0.23756,0.94323,-0.23215
1.0,0.23177,0.95432,-0.18858,1,0.96231,-0.96535,-0.22899,-0.12518,0.36167,0.93062,-0.056,0.05166,0.3025,-0.95175,0.30774,2.97245,0.05423,-0.50305,0.02989,-0.86374,0.10041,0.98425,-0.14553,-0.91949,-0.34844,0.182,0.15715,0.96487,-0.21054,-0.89397,-0.22456,0.38781,0.1627,0.96189,-0.21975,-0.90613,-0.11234,0.4078,0.18698,0.95997,-0.20857,-0.97252,0.10483,0.20789,0.2514,0.93955,-0.23247
1.0,0.20909,0.95957,-0.18842,1,0.97968,-0.93827,-0.31913,-0.13344,0.34635,0.93659,-0.05329,0.02339,0.32636,-0.94496,0.33254,3.07004,0.02475,-0.49783,-0.00911,-0.86723,0.09143,0.98608,-0.1389,-0.85137,-0.4608,0.25067,0.14811,0.96829,-0.20121,-0.87911,-0.31238,0.35999,0.15722,0.96336,-0.2173,-0.9205,-0.20198,0.33448,0.18625,0.95902,-0.21353,-0.97612,0.00346,0.21722,0.25285,0.93979,-0.22993
1.0,0.17433,0.96648,-0.18849,1,1,-0.89386,-0.41471,-0.1704,0.30346,0.95141,-0.05221,0.00655,0.36795,-0.92982,0.37681,3.1238,0.00704,-0.48254,-0.01354,-0.87577,0.06621,0.9885,-0.13593,-0.74541,-0.58684,0.3162,0.11507,0.97638,-0.18288,-0.84481,-0.4239,0.32649,0.1292,0.9685,-0.21287,-0.88288,-0.31927,0.34437,0.1669,0.96226,-0.21494,-0.95965,-0.11358,0.25724,0.23394,0.94667,-0.22155
1.0,0.14175,0.97182,-0.18836,1,1,-0.82748,-0.51301,-0.22823,0.25634,0.96522,-0.05145,-0.01059,0.42066,-0.90716,0.4342,-3.11643,-0.01167,-0.46459,0.01051,-0.88546,0.01982,0.99115,-0.13127,-0.6073,-0.70736,0.36171,0.07816,0.98369,-0.16201,-0.74991,-0.55662,0.35751,0.09218,0.97537,-0.20039,-0.82506,-0.45227,0.33872,0.13546,0.96872,-0.20793,-0.93574,-0.24712,0.25166,0.20205,0.95593,-0.21299
1.0,0.11014,0.97696,-0.18278,1,1,-0.7527,-0.5939,-0.28412,0.21073,0.97628,-0.04963,-0.03355,0.4656,-0.88436,0.48461,-3.06965,-0.03792,-0.40632,-0.01779,-0.91356,-0.00942,0.99115,-0.13239,-0.47542,-0.79386,0.37917,0.03736,0.98884,-0.14424,-0.63553,-0.66157,0.39802,0.05771,0.98154,-0.18233,-0.75777,-0.56304,0.3298,0.10338,0.9748,-0.1977,-0.90147,-0.36511,0.23248,0.16815,0.964,-0.20598
1.0,0.07271,0.98188,-0.17502,1,1,-0.66297,-0.66542,-0.34305,0.16675,0.98486,-0.04732,-0.06264,0.50593,-0.8603,0.53161,-3.0184,-0.07269,-0.33926,-0.03333,-0.9401,-0.03034,0.99038,-0.13504,-0.29605,-0.85568,0.42446,0.00866,0.99111,-0.13279,-0.49317,-0.74507,0.44905,0.03282,0.9849,-0.16999,-0.66298,-0.66333,0.34706,0.07791,0.97838,-0.19156,-0.84325,-0.47897,0.24394,0.14418,0.96917,-0.19981
1.0,0.02814,0.9851,-0.16968,1,1,-0.53607,-0.7371,-0.41148,0.11099,0.99269,-0.04743,-0.11124,0.54486,-0.83111,0.58029,-2.9402,-0.13305,-0.17841,-0.0888,-0.97994,-0.0418,0.98921,-0.1404,-0.09143,-0.90324,0.41927,-0.02847,0.99251,-0.11883,-0.31498,-0.81215,0.49112,0.00175,0.98848,-0.15132,-0.53787,-0.76665,0.35064,0.04369,0.98252,-0.18095,-0.76095,-0.60676,0.22977,0.10524,0.97549,-0.19325
1.0,-0.00764,0.98682,-0.16162,1,1,-0.44174,-0.77677,-0.44888,0.06447,0.99698,-0.04334,-0.15072,0.55749,-0.81639,0.59913,-2.87755,-0.18256,-0.10265,-0.08654,-0.99095,-0.06506,0.98688,-0.14774,0.01663,-0.92204,0.38673,-0.07658,0.99037,-0.11536,-0.22075,-0.8534,0.4722,-0.05196,0.98952,-0.13469,-0.45731,-0.82732,0.32619,-0.0031,0.98439,-0.17596,-0.69235,-0.68813,0.2171,0.06252,0.98032,-0.18724
1.0,-0.05308,0.98668,-0.1538,1,1,-0.39794,-0.79724,-0.45393,0.01875,0.99904,-0.03964,-0.19551,0.55712,-0.80709,0.60418,-2.80409,-0.23766,-0.10552,-0.07065,-0.9919,-0.10956,0.98366,-0.14285,0.09733,-0.92717,0.36178,-0.11821,0.98678,-0.11084,-0.16327,-0.86914,0.46683,-0.09879,0.98723,-0.12493,-0.3929,-0.85529,0.3378,-0.04803,0.98517,-0.16471,-0.64204,-0.72735,0.24239,0.0156,0.98425,-0.1761
1.0,-0.09777,0.98393,-0.14942,1,1,-0.35392,-0.83058,-0.42998,-0.02871,0.99888,-0.03752,-0.2409,0.52518,-0.81618,0.57176,-2.71153,-0.28701,-0.08465,-0.12045,-0.9891,-0.14896,0.97883,-0.14039,0.16155,-0.90815,0.38621,-0.16103,0.98154,-0.10315,-0.10148,-0.86579,0.49001,-0.14273,0.98274,-0.11772,-0.33942,-0.87253,0.3514,-0.09297,0.9829,-0.15893,-0.594,-0.7652,0.24826,-0.02974,0.98458,-0.17239
1.0,-0.14037,0.97951,-0.14444,1,1,-0.30582,-0.85692,-0.41493,-0.07211,0.99684,-0.03335,-0.28181,0.49775,-0.82026,0.54542,-2.62642,-0.33093,-0.07461,-0.14187,-0.98707,-0.18762,0.97307,-0.13389,0.22718,-0.8905,0.3942,-0.20187,0.97476,-0.09539,-0.03677,-0.86319,0.50354,-0.18334,0.97698,-0.10907,-0.28433,-0.88931,0.35818,-0.1348,0.97891,-0.15348,-0.54053,-0.80395,0.24797,-0.07061,0.9831,-0.1689
1.0,-0.17666,0.97611,-0.12653,1,1,-0.30646,-0.87174,-0.38229,-0.10465,0.99425,-0.02254,-0.31275,0.47153,-0.82453,0.51949,-2.55596,-0.36254,-0.08304,-0.18386,-0.97944,-0.22045,0.96828,-0.11766,0.23909,-0.87962,0.41121,-0.23784,0.96811,-0.07872,-0.0197,-0.85368,0.52042,-0.22114,0.97085,-0.09249,-0.26747,-0.88631,0.37803,-0.17324,0.97494,-0.13954,-0.52709,-0.80328,0.27734,-0.1084,0.98176,-0.15618
1.0,-0.19545,0.97326,-0.12069,1,1,-0.296,-0.87546,-0.38204,-0.12424,0.9921,-0.0172,-0.32963,0.46902,-0.81937,0.51989,-2.52898,-0.38248,-0.08594,-0.17828,-0.98022,-0.23987,0.96446,-0.11079,0.25721,-0.87303,0.41431,-0.25863,0.96356,-0.06836,0.00415,-0.85224,0.52313,-0.24208,0.96678,-0.0821,-0.24739,-0.89133,0.3799,-0.19568,0.9719,-0.1308,-0.51049,-0.81025,0.28791,-0.13038,0.98013,-0.14947
1.0,-0.19842,0.97269,-0.1204,1,1,-0.30961,-0.87136,-0.38063,-0.12898,0.99152,-0.0158,-0.33257,0.47425,-0.81516,0.52692,-2.53003,-0.38736,-0.10115,-0.17834,-0.97876,-0.24671,0.96308,-0.10775,0.25269,-0.88356,0.39429,-0.26648,0.96157,-0.06615,-0.00533,-0.85765,0.5142,-0.25066,0.96475,-0.0802,-0.25062,-0.88754,0.38659,-0.2043,0.97044,-0.1285,-0.52114,-0.80341,0.28799,-0.13866,0.97921,-0.14805
1.0,-0.17469,0.9753,-0.13516,1,1,-0.36492,-0.83623,-0.40932,-0.11772,0.99286,-0.01914,-0.29402,0.52065,-0.80155,0.57607,-2.62753,-0.35157,-0.17452,-0.12218,-0.97704,-0.24704,0.96275,-0.10994,0.15836,-0.90815,0.38755,-0.264,0.96202,-0.0695,-0.06771,-0.8719,0.48498,-0.24655,0.96542,-0.08473,-0.30147,-0.87524,0.37824,-0.19595,0.97174,-0.13165,-0.5601,-0.77254,0.2991,-0.13055,0.98,-0.15021
1.0,-0.14961,0.97722,-0.15055,1,1,-0.45541,-0.78939,-0.41165,-0.0874,0.99572,-0.02996,-0.2423,0.55483,-0.7959,0.60878,-2.72985,-0.29552,-0.23329,-0.07618,-0.96942,-0.24354,0.96309,-0.11462,0.07956,-0.91543,0.39453,-0.25154,0.96474,-0.0775,-0.1485,-0.86492,0.47944,-0.2351,0.96747,-0.09343,-0.37446,-0.84248,0.38731,-0.18144,0.97341,-0.13984,-0.63071,-0.70942,0.31453,-0.11207,0.98087,-0.15919
1.0,-0.1071,0.98114,-0.16092,1,1,-0.55226,-0.74929,-0.36547,-0.02744,0.99886,-0.03915,-0.1979,0.54369,-0.81562,0.58795,-2.7925,-0.23804,-0.33843,-0.03369,-0.94039,-0.22942,0.96587,-0.12024,-0.05304,-0.90551,0.42099,-0.21688,0.97213,-0.08904,-0.26814,-0.83106,0.48728,-0.20894,0.97212,-0.1064,-0.47387,-0.78454,0.39993,-0.14477,0.97763,-0.15261,-0.70696,-0.62859,0.32417,-0.06781,0.98236,-0.17428
1.0,-0.05537,0.98345,-0.1725,1,1,-0.62664,-0.70853,-0.32451,0.0298,0.9987,-0.04136,-0.15138,0.51914,-0.84118,0.55294,-2.85787,-0.17805,-0.41149,0.01393,-0.91131,-0.20686,0.97084,-0.12112,-0.20419,-0.88221,0.42427,-0.17485,0.97952,-0.09986,-0.4004,-0.78991,0.46446,-0.17224,0.97743,-0.12233,-0.57628,-0.72183,0.38322,-0.09655,0.98122,-0.16699,-0.77806,-0.5488,0.30567,-0.01674,0.98245,-0.18576
1.0,-0.00403,0.98269,-0.18519,1,1,-0.72242,-0.63449,-0.27482,0.08953,0.99493,-0.0458,-0.09661,0.48617,-0.86851,0.51032,-2.94544,-0.11078,-0.44759,-0.00017,-0.89424,-0.16304,0.97868,-0.12489,-0.45088,-0.83401,0.31801,-0.12146,0.98513,-0.12152,-0.58348,-0.70734,0.39903,-0.11942,0.98222,-0.14485,-0.68343,-0.61864,0.38756,-0.04295,0.98274,-0.17993,-0.85935,-0.42477,0.28475,0.03084,0.98003,-0.19646
1.0,0.03872,0.98118,-0.18917,1,1,-0.80613,-0.54584,-0.22848,0.14344,0.98835,-0.05096,-0.04453,0.44099,-0.89641,0.45719,-3.04095,-0.04964,-0.45944,-0.03527,-0.88751,-0.10706,0.9854,-0.13235,-0.62351,-0.73246,0.27337,-0.06989,0.9862,-0.1501,-0.70616,-0.59586,0.38248,-0.0659,0.98308,-0.17093,-0.77005,-0.49431,0.40333,0.00208,0.98167,-0.19057,-0.91038,-0.2881,0.297,0.07114,0.97596,-0.20601
1.0,0.07171,0.97841,-0.19383,1,1,-0.86137,-0.47519,-0.17952,0.18606,0.981,-0.05495,-0.01227,0.37277,-0.92784,0.38202,-3.10868,-0.01323,-0.4792,-0.04388,-0.87661,-0.06833,0.98787,-0.13942,-0.68605,-0.64036,0.34537,-0.02842,0.98622,-0.16299,-0.76411,-0.49229,0.41687,-0.01281,0.98148,-0.19111,-0.83144,-0.38026,0.4051,0.03707,0.97874,-0.20171,-0.95025,-0.17298,0.25903,0.10512,0.97076,-0.21581
1.0,0.09651,0.98001,-0.17397,1,1,-0.92586,-0.34508,-0.15394,0.22419,0.97327,-0.04987,0.03632,0.32423,-0.94528,0.33042,3.03003,0.03841,-0.47869,-0.03788,-0.87717,-0.03802,0.98884,-0.14403,-0.85835,-0.47609,0.19123,0.02024,0.98309,-0.18199,-0.83757,-0.35038,0.41918,0.02584,0.98055,-0.19456,-0.85175,-0.23402,0.46878,0.05625,0.9791,-0.19546,-0.97687,-0.01445,0.21333,0.1245,0.96764,-0.21947
1.0,0.11394,0.98151,-0.15382,1,0.9272,-0.96238,-0.23386,-0.13833,0.24959,0.9675,-0.04057,0.06701,0.28912,-0.95494,0.29399,2.91385,0.07005,-0.47782,-0.03992,-0.87755,-0.01207,0.99012,-0.13974,-0.95644,-0.29134,-0.01852,0.05189,0.97818,-0.20115,-0.95073,-0.19355,0.2422,0.04172,0.97855,-0.20173,-0.8758,-0.11695,0.4683,0.06266,0.98025,-0.1876,-0.98085,0.10615,0.16328,0.13402,0.96656,-0.21865
1.0,0.13408,0.98077,-0.1418,1,1,-0.973,-0.18311,-0.14054,0.26811,0.96284,-0.03245,0.08703,0.27291,-0.95809,0.2775,2.83289,0.09059,-0.46665,-0.06775,-0.88184,0.00924,0.99071,-0.13565,-0.97259,-0.21079,-0.09815,0.07637,0.97432,-0.21182,-0.99711,-0.07409,0.01692,0.05585,0.97479,-0.21604,-0.8738,-0.06533,0.48188,0.072,0.98108,-0.17971,-0.97753,0.16072,0.13642,0.14196,0.96588,-0.21663
1.0,0.14658,0.9801,-0.13388,1,1,-0.98144,-0.13432,-0.13688,0.28152,0.95917,-0.02711,0.09939,0.25419,-0.96203,0.25832,2.76886,0.10295,-0.46768,-0.07706,-0.88053,0.02189,0.99093,-0.13256,-0.98132,-0.15312,-0.11647,0.09158,0.97232,-0.21497,-0.99884,-0.00074,-0.04811,0.06634,0.97205,-0.22519,-0.86732,-0.01759,0.49744,0.07872,0.98155,-0.17424,-0.97329,0.2124,0.08707,0.14955,0.96508,-0.21505
1.0,0.16678,0.97762,-0.12823,1,1,-0.98923,-0.07174,-0.12757,0.29185,0.95618,-0.02339,0.10805,0.23001,-0.96717,0.23348,2.70244,0.11125,-0.47801,-0.06975,-0.87558,0.02905,0.99116,-0.12946,-0.98314,-0.06579,-0.17063,0.10534,0.97086,-0.21524,-0.99766,0.03504,0.05873,0.07531,0.97054,-0.22886,-0.85493,0.04073,0.51715,0.08107,0.98182,-0.17165,-0.94981,0.27552,0.14818,0.15298,0.96472,-0.21429
1.0,0.16749,0.97771,-0.12663,1,1,-0.98959,-0.05747,-0.13191,0.29775,0.95442,-0.02049,0.11513,0.2336,-0.96549,0.23739,2.6837,0.11868,-0.47831,-0.03407,-0.87753,0.03323,0.99134,-0.12707,-0.98169,-0.04634,-0.18474,0.11183,0.96989,-0.21634,-0.99518,0.03784,0.0905,0.08022,0.97012,-0.22897,-0.86105,0.04704,0.50633,0.0858,0.98218,-0.16722,-0.94586,0.28625,0.15302,0.1548,0.96485,-0.21237
1.0,0.16374,0.97873,-0.12357,1,1,-0.98893,-0.06395,-0.13391,0.29923,0.95399,-0.01915,0.11527,0.23723,-0.96459,0.24115,2.68928,0.11894,-0.47484,-0.03751,-0.87927,0.03451,0.99144,-0.12588,-0.97056,-0.03293,-0.23859,0.11304,0.96971,-0.21653,-0.998,0.04357,0.04577,0.08213,0.96997,-0.22894,-0.86207,0.04059,0.50516,0.08791,0.9824,-0.16482,-0.94519,0.27949,0.16884,0.15528,0.96493,-0.21166
1.0,0.15275,0.98113,-0.11853,1,0.98742,-0.98762,-0.09165,-0.12728,0.29917,0.95403,-0.01781,0.10205,0.24074,-0.96521,0.24443,2.74064,0.10534,-0.48407,-0.02811,-0.87458,0.03438,0.99166,-0.12425,-0.96732,-0.05211,-0.24816,0.11342,0.96961,-0.21677,-0.99631,0.00566,0.08565,0.08407,0.96984,-0.22877,-0.86994,0.01861,0.4928,0.08902,0.98273,-0.1622,-0.95878,0.25436,0.12666,0.1556,0.96523,-0.21005
1.0,0.12777,0.98382,-0.12559,1,0.94279,-0.98176,-0.14057,-0.12801,0.2963,0.95497,-0.01542,0.08859,0.25751,-0.96221,0.26149,2.81025,0.09181,-0.48362,-0.02046,-0.87504,0.03102,0.99223,-0.12052,-0.97563,-0.13422,-0.17356,0.10901,0.97049,-0.21509,-0.98035,-0.07487,0.18249,0.08534,0.97031,-0.2263,-0.86873,-0.02832,0.49448,0.08885,0.98325,-0.15914,-0.97806,0.20443,0.04015,0.1548,0.96578,-0.20809
1.0,0.11432,0.985,-0.12922,1,0.94947,-0.97286,-0.18679,-0.13658,0.28703,0.95783,-0.01353,0.08,0.28234,-0.95597,0.28717,2.86549,0.08349,-0.47524,-0.03717,-0.87907,0.02464,0.99275,-0.11762,-0.96733,-0.18482,-0.17354,0.09686,0.97246,-0.21197,-0.98598,-0.11169,0.12398,0.08233,0.97152,-0.22221,-0.87041,-0.07902,0.48594,0.08691,0.98383,-0.15661,-0.9866,0.15441,0.0528,0.15335,0.96599,-0.20821
1.0,0.10065,0.98559,-0.13593,1,0.85055,-0.96428,-0.2243,-0.14087,0.27387,0.96167,-0.01325,0.0672,0.30728,-0.94925,0.31306,2.92629,0.07067,-0.48292,0.01451,-0.87554,0.01046,0.99344,-0.11387,-0.96115,-0.26922,-0.06095,0.08741,0.97401,-0.20894,-0.97682,-0.16195,0.14,0.07571,0.97241,-0.22063,-0.8805,-0.1227,0.45789,0.08322,0.98437,-0.15522,-0.99097,0.11043,0.07611,0.14808,0.96678,-0.20835
1.0,0.09213,0.98469,-0.14797,1,0.99273,-0.95337,-0.26753,-0.13968,0.2637,0.96449,-0.01476,0.05019,0.31583,-0.94749,0.32175,2.984,0.05292,-0.49085,0.03119,-0.87069,-0.00342,0.99365,-0.11244,-0.93064,-0.35979,0.06673,0.08109,0.97534,-0.20526,-0.91199,-0.25685,0.31985,0.07182,0.97318,-0.21857,-0.89698,-0.16001,0.41209,0.08196,0.98442,-0.15558,-0.98993,0.06155,0.12745,0.1441,0.96735,-0.20847
1.0,0.08498,0.98427,-0.15487,1,1,-0.93857,-0.31325,-0.1448,0.25241,0.96745,-0.01797,0.03428,0.33289,-0.94234,0.33958,3.03899,0.03636,-0.48947,0.02146,-0.87175,-0.01369,0.99347,-0.11329,-0.89282,-0.43058,0.13218,0.06804,0.9779,-0.19769,-0.86012,-0.32495,0.39319,0.06783,0.97418,-0.21534,-0.89273,-0.21002,0.39865,0.08064,0.98437,-0.15658,-0.98412,0.00669,0.17737,0.1385,0.96837,-0.20755
1.0,0.07539,0.98444,-0.15873,1,1,-0.92328,-0.35116,-0.15571,0.23979,0.97058,-0.02201,0.02187,0.35665,-0.93398,0.36477,3.08035,0.02341,-0.4864,0.00261,-0.87374,-0.02056,0.99317,-0.11484,-0.86793,-0.47809,0.13461,0.05328,0.98024,-0.19049,-0.81337,-0.38309,0.4378,0.05971,0.9762,-0.2085,-0.86963,-0.26207,0.41841,0.07681,0.98423,-0.15935,-0.97899,-0.04164,0.19962,0.13402,0.96907,-0.20722
1.0,0.06396,0.98442,-0.16378,1,1,-0.90821,-0.38344,-0.16773,0.22681,0.97358,-0.02661,0.01015,0.38046,-0.92474,0.39032,3.11492,0.01098,-0.49453,0.02243,-0.86887,-0.03118,0.99262,-0.11717,-0.84344,-0.52055,0.1328,0.03172,0.98264,-0.18279,-0.79354,-0.42692,0.43362,0.04928,0.97833,-0.20112,-0.86046,-0.30568,0.40764,0.07034,0.98402,-0.16359,-0.96552,-0.08913,0.24461,0.12853,0.97003,-0.20621
1.0,0.05538,0.98351,-0.17219,1,1,-0.85893,-0.47189,-0.19889,0.20273,0.97875,-0.03073,-0.01735,0.41497,-0.90967,0.42798,-3.09981,-0.01907,-0.48343,-0.0013,-0.87538,-0.04584,0.99206,-0.11713,-0.67599,-0.6603,0.32718,0.01519,0.98479,-0.17307,-0.79142,-0.51132,0.33497,0.03433,0.98053,-0.19336,-0.84915,-0.40414,0.34004,0.05867,0.98362,-0.17046,-0.95016,-0.19928,0.23976,0.11841,0.97177,-0.20405
1.0,0.04015,0.98381,-0.17465,1,1,-0.79465,-0.54651,-0.26432,0.16974,0.98498,-0.03164,-0.02981,0.47002,-0.88215,0.48955,-3.07824,-0.03378,-0.44151,-0.00047,-0.89725,-0.06463,0.991,-0.11721,-0.53449,-0.75962,0.37054,-0.00738,0.98787,-0.15513,-0.70401,-0.61894,0.34827,0.01162,0.98249,-0.18596,-0.77977,-0.51763,0.35216,0.04687,0.98327,-0.17604,-0.90958,-0.31621,0.2696,0.10837,0.97362,-0.2008
1.0,0.02172,0.98404,-0.17659,1,1,-0.73235,-0.60014,-0.32172,0.13967,0.98974,-0.03002,-0.04672,0.51565,-0.85553,0.54242,-3.05123,-0.05456,-0.43023,0.04747,-0.90147,-0.09695,0.98835,-0.1173,-0.44905,-0.82652,0.33944,-0.03856,0.98997,-0.13591,-0.61549,-0.70198,0.35831,-0.01287,0.98439,-0.17555,-0.71639,-0.60822,0.34182,0.03428,0.98374,-0.17632,-0.87191,-0.41365,0.26203,0.09452,0.97616,-0.19537
1.0,0.0041,0.98494,-0.17287,1,1,-0.63704,-0.65388,-0.40819,0.11219,0.99334,-0.02625,-0.06762,0.57491,-0.81542,0.61411,-3.02452,-0.08274,-0.36858,0.08527,-0.92568,-0.11614,0.9862,-0.11799,-0.27409,-0.89218,0.359,-0.06145,0.99024,-0.12512,-0.46974,-0.79549,0.38282,-0.03126,0.98536,-0.16759,-0.62957,-0.71319,0.30823,0.02215,0.98416,-0.17587,-0.81609,-0.53222,0.22525,0.08054,0.97832,-0.19078
1.0,-0.01257,0.98694,-0.16058,1,1,-0.55099,-0.67053,-0.4968,0.08802,0.99587,-0.02209,-0.08472,0.63718,-0.76604,0.69382,-3.00941,-0.11015,-0.22067,0.0535,-0.97388,-0.12056,0.98482,-0.12487,-0.08569,-0.9166,0.39052,-0.07397,0.9905,-0.11596,-0.29358,-0.84463,0.44767,-0.03956,0.9862,-0.16078,-0.51905,-0.78149,0.3462,0.01576,0.98457,-0.1743,-0.74618,-0.60894,0.2691,0.07302,0.97954,-0.18752
1.0,-0.02173,0.98789,-0.15365,1,1,-0.47567,-0.6978,-0.53555,0.07101,0.99732,-0.01763,-0.10571,0.64978,-0.75274,0.71212,-2.98032,-0.13952,-0.15257,0.03482,-0.98768,-0.1203,0.98301,-0.13863,0.00439,-0.92678,0.37557,-0.08612,0.99071,-0.10523,-0.22785,-0.86237,0.45211,-0.04742,0.98727,-0.15185,-0.46057,-0.82321,0.33198,0.01088,0.98512,-0.17153,-0.70952,-0.65262,0.26583,0.07009,0.98027,-0.18481
1.0,-0.02591,0.98839,-0.1497,1,1,-0.44402,-0.7143,-0.54095,0.06157,0.99799,-0.01484,-0.12665,0.64769,-0.7513,0.71147,-2.94849,-0.167,-0.12966,0.01807,-0.99139,-0.12131,0.98224,-0.14316,0.04367,-0.93145,0.36124,-0.09437,0.99058,-0.09922,-0.19295,-0.87687,0.4403,-0.05789,0.98833,-0.1409,-0.4322,-0.84282,0.3207,0.00439,0.98579,-0.16795,-0.69046,-0.6794,0.24835,0.06716,0.98098,-0.18211
1.0,-0.02994,0.98939,-0.1422,1,1,-0.42484,-0.733,-0.53125,0.05767,0.99825,-0.0131,-0.15505,0.63709,-0.75504,0.70087,-2.90286,-0.20254,-0.08835,-0.02749,-0.99571,-0.11949,0.98229,-0.14435,0.08193,-0.93305,0.3503,-0.09806,0.99049,-0.09653,-0.15202,-0.87297,0.46348,-0.06097,0.98864,-0.13741,-0.39876,-0.85345,0.33557,0.00197,0.98606,-0.16637,-0.67125,-0.69267,0.2639,0.06534,0.98144,-0.18028
1.0,-0.0333,0.98988,-0.13794,1,1,-0.40439,-0.75367,-0.51812,0.05481,0.99843,-0.01165,-0.18374,0.62191,-0.76123,0.68501,-2.85432,-0.23684,-0.0819,-0.05038,-0.99537,-0.11693,0.98257,-0.1445,0.10704,-0.93099,0.34899,-0.09974,0.99046,-0.09511,-0.13025,-0.87507,0.46614,-0.06215,0.98878,-0.13586,-0.37176,-0.86443,0.33846,0.00065,0.98624,-0.16534,-0.64819,-0.71348,0.26608,0.06388,0.98182,-0.17875
1.0,-0.03257,0.98997,-0.13748,1,1,-0.39481,-0.76436,-0.50979,0.05186,0.9986,-0.01006,-0.19519,0.61198,-0.76641,0.67382,-2.83285,-0.24937,-0.07473,-0.0679,-0.99489,-0.11547,0.98283,-0.14392,0.12709,-0.92889,0.34788,-0.10219,0.99041,-0.09301,-0.12141,-0.87611,0.46657,-0.06455,0.98904,-0.13278,-0.36298,-0.86859,0.33734,-0.00152,0.98652,-0.16362,-0.63895,-0.72246,0.26419,0.06169,0.98239,-0.17635
1.0,-0.02821,0.9901,-0.13751,1,1,-0.37164,-0.77592,-0.50973,0.04974,0.99872,-0.00874,-0.22025,0.60707,-0.76351,0.67175,-2.79356,-0.28084,-0.06365,-0.06787,-0.99566,-0.11223,0.9833,-0.14326,0.15331,-0.93194,0.3286,-0.10457,0.99036,-0.09081,-0.10364,-0.89083,0.44236,-0.06722,0.98932,-0.12933,-0.34689,-0.88725,0.30407,-0.00346,0.98675,-0.16218,-0.61925,-0.7496,0.23372,0.0601,0.98281,-0.17455
1.0,-0.02078,0.9905,-0.13592,1,1,-0.34047,-0.7882,-0.51266,0.04814,0.99882,-0.00714,-0.24606,0.60092,-0.76049,0.66872,-2.75295,-0.31292,-0.05262,-0.06536,-0.99647,-0.10555,0.98421,-0.14209,0.1681,-0.93692,0.30646,-0.10656,0.99035,-0.08862,-0.08141,-0.90628,0.41476,-0.07028,0.98967,-0.12492,-0.32722,-0.90796,0.26178,-0.00572,0.987,-0.16062,-0.59376,-0.78291,0.18575,0.05846,0.98332,-0.17221
1.0,-0.01246,0.99073,-0.13528,1,1,-0.33001,-0.79399,-0.51057,0.04691,0.99889,-0.00465,-0.24998,0.59506,-0.76381,0.66184,-2.74389,-0.31629,-0.06307,-0.06727,-0.99574,-0.09934,0.98505,-0.14073,0.17153,-0.93723,0.30361,-0.10738,0.99045,-0.08653,-0.07408,-0.9062,0.4163,-0.07283,0.99023,-0.11893,-0.32432,-0.91232,0.24996,-0.00832,0.98734,-0.15843,-0.58847,-0.79266,0.15935,0.05754,0.98382,-0.16968
1.0,-0.00039,0.98984,-0.14216,1,1,-0.37673,-0.77991,-0.49981,0.04955,0.99877,-0.002,-0.21771,0.599,-0.77059,0.66076,-2.79299,-0.27534,-0.09107,-0.06905,-0.99345,-0.09297,0.98579,-0.13989,0.12403,-0.93849,0.32226,-0.10456,0.99089,-0.08492,-0.12309,-0.89419,0.43043,-0.07247,0.99097,-0.11284,-0.36946,-0.88734,0.2759,-0.00867,0.98767,-0.15634,-0.63099,-0.75138,0.19307,0.05949,0.98412,-0.16723
1.0,0.01512,0.98811,-0.15302,1,1,-0.49937,-0.71691,-0.48649,0.07039,0.99751,-0.00356,-0.13975,0.62081,-0.7714,0.67765,-2.92017,-0.17922,-0.18511,-0.02112,-0.98249,-0.08984,0.98618,-0.13921,-0.00355,-0.9343,0.35647,-0.09659,0.99176,-0.08415,-0.23336,-0.85741,0.45868,-0.06822,0.9916,-0.10985,-0.46589,-0.81485,0.34491,-0.0046,0.98807,-0.15395,-0.70825,-0.64413,0.28891,0.0681,0.984,-0.16466
1.0,0.03922,0.98463,-0.17021,1,1,-0.62588,-0.65274,-0.42685,0.11484,0.99329,-0.01393,-0.07972,0.59798,-0.79754,0.64336,-3.00906,-0.09963,-0.28,-0.01384,-0.9599,-0.08794,0.98624,-0.13998,-0.17567,-0.91306,0.36806,-0.08117,0.99266,-0.0897,-0.39977,-0.8042,0.43982,-0.05836,0.99173,-0.1143,-0.58808,-0.72401,0.3605,0.00694,0.98733,-0.15854,-0.79642,-0.53076,0.28983,0.082,0.98192,-0.17064
1.0,0.08013,0.97808,-0.19218,1,1,-0.70964,-0.62217,-0.33062,0.17331,0.98453,-0.02573,-0.04988,0.51245,-0.85727,0.53877,-3.04456,-0.05812,-0.41359,0.05264,-0.90894,-0.08809,0.98673,-0.13642,-0.35535,-0.85048,0.38782,-0.06086,0.99287,-0.10246,-0.56272,-0.7149,0.41505,-0.04315,0.99069,-0.12913,-0.69455,-0.62273,0.3603,0.03727,0.98334,-0.17791,-0.86473,-0.4204,0.27477,0.12702,0.9722,-0.19671
2.0,0.08316,0.99646,0.01201,0,0,-0.19151,-0.97971,-0.05916,0.10946,0.97716,0.18214,-0.17091,0.09265,-0.98092,0.09417,-2.06754,-0.1725,-0.79974,0.17519,-0.57422,-0.26882,0.94355,0.19352,-0.18523,0.08821,-0.97873,-0.06566,0.9746,-0.21413,-0.08116,0.07663,-0.99375,0.05094,0.96116,-0.27126,-0.07856,0.07789,-0.99386,0.14556,0.95709,-0.25057,0.01333,0.13712,-0.99046,0.25879,0.9526,-0.15994
2.0,0.08462,0.99634,0.01214,0,0,-0.18724,-0.98021,-0.06421,0.10992,0.97768,0.17903,-0.17156,0.097,-0.98039,0.09862,-2.08537,-0.17324,-0.79842,0.18376,-0.57338,-0.26264,0.94565,0.19174,-0.17884,0.0908,-0.97968,-0.06136,0.97564,-0.21064,-0.0854,0.07331,-0.99365,0.05373,0.96206,-0.26748,-0.07639,0.08633,-0.99333,0.14616,0.95811,-0.24632,0.0113,0.14284,-0.98968,0.25618,0.95358,-0.15827
2.0,0.08291,0.99652,0.00911,0,0,-0.18891,-0.98017,-0.05981,0.10925,0.97817,0.17676,-0.17438,0.09342,-0.98024,0.09502,-2.06262,-0.17605,-0.79737,0.18077,-0.57578,-0.26092,0.94669,0.18893,-0.17933,0.0884,-0.97981,-0.06044,0.97577,-0.21028,-0.08734,0.07739,-0.99317,0.05371,0.96224,-0.26683,-0.07632,0.0949,-0.99256,0.14574,0.95845,-0.24521,0.01029,0.14906,-0.98877,0.25413,0.95401,-0.15899
2.0,0.08148,0.99662,0.01029,0,0,-0.18522,-0.9801,-0.07144,0.10773,0.97876,0.1744,-0.1749,0.10442,-0.97903,0.10625,-2.10901,-0.17678,-0.79729,0.18811,-0.57353,-0.26132,0.94704,0.18663,-0.17911,0.09211,-0.97951,-0.0604,0.97578,-0.21025,-0.08825,0.08003,-0.99288,0.05285,0.96242,-0.26638,-0.08006,0.09625,-0.99213,0.14443,0.95879,-0.24465,0.00607,0.14817,-0.98894,0.25115,0.95463,-0.16001
2.0,0.07725,0.99695,0.01083,0,0,-0.18154,-0.98032,-0.07756,0.10474,0.97951,0.17199,-0.1781,0.11034,-0.97781,0.11237,-2.12546,-0.18016,-0.79831,0.18807,-0.57212,-0.26261,0.94695,0.18528,-0.18502,0.0935,-0.97828,-0.06143,0.97576,-0.21005,-0.09184,0.08246,-0.99235,0.051,0.96266,-0.26586,-0.08382,0.0987,-0.99158,0.14218,0.95924,-0.24422,-0.00079,0.15242,-0.98832,0.2458,0.95585,-0.16105
2.0,0.0697,0.99751,0.01093,0,0,-0.16998,-0.98195,-0.08294,0.1009,0.98031,0.16972,-0.18228,0.11405,-0.97661,0.11625,-2.12987,-0.18453,-0.80175,0.18542,-0.56816,-0.26503,0.9465,0.18411,-0.19244,0.0885,-0.97731,-0.06366,0.97565,-0.20988,-0.09672,0.08345,-0.99181,0.0482,0.96292,-0.26543,-0.08631,0.0978,-0.99146,0.13919,0.95974,-0.24397,-0.00543,0.1474,-0.98906,0.23975,0.95721,-0.16206
2.0,0.05996,0.99813,0.01162,0,0,-0.16107,-0.98325,-0.08529,0.09514,0.98122,0.16781,-0.18906,0.11556,-0.97514,0.11796,-2.11943,-0.19151,-0.80981,0.1891,-0.55538,-0.26879,0.94546,0.184,-0.20939,0.08118,-0.97446,-0.06807,0.97545,-0.20944,-0.10589,0.084,-0.99082,0.04361,0.96331,-0.26483,-0.09266,0.1004,-0.99062,0.1348,0.96045,-0.24363,-0.00735,0.14998,-0.98866,0.23187,0.95902,-0.16284
2.0,0.04032,0.99909,0.0136,0,0,-0.152,-0.98481,-0.08398,0.08462,0.98227,0.1673,-0.20564,0.11462,-0.97189,0.11739,-2.07929,-0.20851,-0.82919,0.18114,-0.5288,-0.27655,0.94256,0.18735,-0.23433,0.07076,-0.96958,-0.07959,0.97492,-0.20782,-0.12441,0.07741,-0.98921,0.03277,0.96407,-0.26363,-0.10728,0.08815,-0.99031,0.12504,0.96189,-0.24317,-0.0214,0.13472,-0.99065,0.21602,0.96253,-0.16393
2.0,0.02008,0.99962,0.01867,0,0,-0.13911,-0.98618,-0.09004,0.07233,0.98293,0.16917,-0.21735,0.11912,-0.9688,0.12234,-2.07213,-0.22069,-0.84709,0.16748,-0.50437,-0.289,0.93722,0.1952,-0.25814,0.05314,-0.96465,-0.09765,0.97402,-0.20433,-0.13635,0.07389,-0.9879,0.01799,0.96502,-0.26158,-0.11306,0.08083,-0.99029,0.11246,0.96366,-0.24232,-0.02799,0.12716,-0.99149,0.20017,0.96599,-0.1637
2.0,0.00083,0.99976,0.02192,0,0,-0.12768,-0.98851,-0.08084,0.06057,0.9831,0.17276,-0.22651,0.10842,-0.96796,0.11154,-2.01722,-0.22987,-0.85833,0.14944,-0.49085,-0.30594,0.92953,0.20585,-0.27525,0.05189,-0.95997,-0.11585,0.97283,-0.20043,-0.14995,0.07643,-0.98573,0.00441,0.96579,-0.25927,-0.11841,0.08695,-0.98915,0.10126,0.96521,-0.24106,-0.02234,0.1345,-0.99066,0.19026,0.96827,-0.16203
2.0,-0.01901,0.99942,0.02834,0,0,-0.12044,-0.98868,-0.08945,0.04412,0.98303,0.17808,-0.23905,0.11634,-0.96401,0.1201,-2.02371,-0.24307,-0.86867,0.13421,-0.47686,-0.31914,0.92323,0.21401,-0.29219,0.04179,-0.95545,-0.13635,0.97123,-0.19523,-0.16405,0.07562,-0.98355,-0.01462,0.96664,-0.25573,-0.13183,0.08138,-0.98793,0.08486,0.96733,-0.23888,-0.02797,0.13296,-0.99073,0.17376,0.97179,-0.15948
2.0,-0.04443,0.99848,0.03252,0,0,-0.10223,-0.99162,-0.07894,0.01891,0.98203,0.18777,-0.25298,0.10266,-0.96201,0.10631,-1.95629,-0.25715,-0.87769,0.10722,-0.46708,-0.33663,0.91462,0.22393,-0.30454,0.02874,-0.95207,-0.16452,0.96823,-0.18829,-0.18118,0.06463,-0.98132,-0.04408,0.96705,-0.25073,-0.15004,0.07099,-0.98613,0.05671,0.97021,-0.23554,-0.04399,0.12438,-0.99126,0.14498,0.97706,-0.15601
2.0,-0.05079,0.99812,0.03429,0,0,-0.09574,-0.99307,-0.06821,0.00841,0.98119,0.19286,-0.25479,0.09069,-0.96273,0.09392,-1.91276,-0.25872,-0.87785,0.09427,-0.46956,-0.34755,0.90888,0.23053,-0.30538,0.03299,-0.95166,-0.17848,0.96649,-0.18449,-0.18362,0.06774,-0.98066,-0.05948,0.96699,-0.24776,-0.15582,0.07395,-0.98501,0.04105,0.97157,-0.23315,-0.04678,0.12947,-0.99048,0.13499,0.9789,-0.15342
2.0,-0.05058,0.99813,0.03445,0,0,-0.09424,-0.99443,-0.04714,0.0067,0.98089,0.19443,-0.25805,0.07013,-0.96358,0.07265,-1.83615,-0.26166,-0.87092,0.08286,-0.48439,-0.35302,0.90565,0.23491,-0.31401,0.03849,-0.94864,-0.18055,0.96627,-0.18364,-0.1964,0.06533,-0.97834,-0.06137,0.96702,-0.24719,-0.16001,0.0761,-0.98418,0.03859,0.97184,-0.23245,-0.04218,0.13475,-0.98998,0.134,0.9793,-0.1517
2.0,-0.03523,0.99876,0.03514,0,0,-0.11742,-0.99084,-0.06674,0.00577,0.98044,0.19672,-0.26144,0.09567,-0.96047,0.09928,-1.92161,-0.26576,-0.87277,0.11355,-0.47474,-0.35447,0.90426,0.23805,-0.31989,0.0595,-0.94558,-0.18433,0.96609,-0.1808,-0.20235,0.06672,-0.97704,-0.06444,0.96722,-0.24563,-0.16663,0.07031,-0.98351,0.03547,0.97231,-0.23098,-0.04563,0.13257,-0.99012,0.13478,0.97958,-0.14921
2.0,0.00508,0.99979,0.0201,0,0,-0.1771,-0.97929,-0.09808,0.00858,0.98086,0.19452,-0.25158,0.14139,-0.95745,0.14662,-2.08282,-0.25695,-0.87042,0.1732,-0.46085,-0.35258,0.90512,0.23759,-0.3031,0.07436,-0.95005,-0.18475,0.96612,-0.18024,-0.19121,0.05518,-0.98,-0.06549,0.96711,-0.24579,-0.15637,0.0522,-0.98632,0.03471,0.97216,-0.23172,-0.03316,0.10628,-0.99378,0.14129,0.97781,-0.15467
2.0,0.03359,0.99939,0.00963,0,0,-0.21194,-0.97194,-0.10205,0.01575,0.98209,0.18776,-0.23692,0.15241,-0.9595,0.15752,-2.14244,-0.24207,-0.86274,0.2016,-0.46372,-0.3501,0.90669,0.23525,-0.28293,0.07573,-0.95615,-0.17933,0.96631,-0.18462,-0.17623,0.04436,-0.98335,-0.0624,0.96618,-0.25022,-0.14735,0.03676,-0.9884,0.03818,0.97064,-0.23749,-0.01674,0.07832,-0.99679,0.16712,0.96997,-0.17671
2.0,0.04892,0.99877,0.00751,0,0,-0.23167,-0.96597,-0.11501,0.02846,0.9836,0.17811,-0.22849,0.16895,-0.95877,0.17443,-2.2075,-0.23395,-0.86043,0.22779,-0.45582,-0.34534,0.90947,0.23152,-0.27404,0.07432,-0.95884,-0.17072,0.96676,-0.19033,-0.17058,0.03288,-0.9848,-0.05587,0.96484,-0.25683,-0.14762,0.01631,-0.98891,0.04487,0.96826,-0.24588,-0.01558,0.05304,-0.99847,0.18673,0.96379,-0.19037
2.0,0.0694,0.99757,0.00533,0,0,-0.24074,-0.96284,-0.12243,0.05357,0.98439,0.16764,-0.21599,0.17612,-0.96038,0.18137,-2.25486,-0.22122,-0.85623,0.25433,-0.44966,-0.33576,0.91422,0.22687,-0.26536,0.07334,-0.96136,-0.15471,0.96793,-0.19792,-0.16213,0.02716,-0.9864,-0.04077,0.96315,-0.26587,-0.13954,0.00423,-0.99021,0.06015,0.96476,-0.25617,-0.00635,0.03501,-0.99937,0.21275,0.95728,-0.19586
2.0,0.09689,0.99529,0.00106,0,0,-0.25741,-0.95764,-0.12913,0.09202,0.98277,0.1603,-0.19693,0.18282,-0.96322,0.18757,-2.31905,-0.20167,-0.84453,0.28146,-0.45557,-0.31196,0.92443,0.21933,-0.24883,0.07241,-0.96584,-0.12021,0.97072,-0.20799,-0.14148,0.02548,-0.98961,-0.00549,0.961,-0.2765,-0.13197,-0.01837,-0.99108,0.09155,0.95956,-0.26619,0.00204,0.00942,-0.99995,0.24891,0.94837,-0.19659
2.0,0.1187,0.99293,0.00062,0,0,-0.2601,-0.95559,-0.13854,0.12637,0.97919,0.15882,-0.17586,0.18796,-0.9663,0.19211,-2.38942,-0.18003,-0.83591,0.2895,-0.46631,-0.28704,0.93399,0.21277,-0.2306,0.06816,-0.97066,-0.07721,0.97348,-0.21535,-0.11811,0.01925,-0.99281,0.04071,0.95847,-0.28229,-0.11312,-0.0314,-0.99309,0.13306,0.95343,-0.27069,0.02721,-0.00445,-0.99962,0.28632,0.93881,-0.19147
2.0,0.14043,0.99009,0.00103,0,0,-0.26675,-0.95534,-0.12715,0.1488,0.97538,0.16278,-0.15866,0.17366,-0.97194,0.17681,-2.40128,-0.16182,-0.82409,0.28908,-0.48714,-0.28657,0.93416,0.21267,-0.20175,0.06613,-0.9772,-0.04166,0.97486,-0.21891,-0.09121,0.01001,-0.99578,0.07724,0.95584,-0.28356,-0.09875,-0.04802,-0.99395,0.16698,0.94824,-0.27011,0.04253,-0.01619,-0.99896,0.31384,0.93135,-0.18462
2.0,0.15718,0.98757,0.00154,0,0,-0.27071,-0.95711,-0.10318,0.16271,0.97229,0.16788,-0.14739,0.14713,-0.97807,0.14931,-2.35531,-0.14957,-0.81723,0.27619,-0.50582,-0.26059,0.94276,0.20809,-0.17734,0.07106,-0.98158,-0.01651,0.97537,-0.21995,-0.07315,0.0066,-0.9973,0.10246,0.95363,-0.28301,-0.08354,-0.04778,-0.99536,0.18926,0.94462,-0.26808,0.06244,-0.01023,-0.998,0.33357,0.92579,-0.17789
2.0,0.17303,0.98492,0.00045,0,0,-0.28118,-0.95615,-0.08198,0.17625,0.96889,0.17375,-0.13912,0.12514,-0.98234,0.12671,-2.30335,-0.14068,-0.80344,0.26728,-0.53202,-0.22429,0.95327,0.20239,-0.16393,0.07344,-0.98373,0.00106,0.97554,-0.21982,-0.06431,0.00198,-0.99793,0.11975,0.95188,-0.28211,-0.07374,-0.05063,-0.99599,0.20739,0.94151,-0.26561,0.0685,-0.00943,-0.99761,0.34993,0.92083,-0.1721
2.0,0.18622,0.9825,-0.00394,0,0,-0.29027,-0.95479,-0.06425,0.19446,0.96451,0.17862,-0.12803,0.10528,-0.98617,0.10636,-2.259,-0.12911,-0.79497,0.25301,-0.55136,-0.20449,0.95849,0.19869,-0.14686,0.06305,-0.98715,0.0213,0.97493,-0.22149,-0.04785,-0.01204,-0.99878,0.14169,0.94859,-0.28303,-0.05194,-0.06608,-0.99646,0.23203,0.93612,-0.26428,0.07739,-0.03037,-0.99654,0.37392,0.91202,-0.16851
2.0,0.19453,0.98081,-0.01296,0,0,-0.29387,-0.95513,-0.03704,0.20387,0.9622,0.18056,-0.12516,0.07687,-0.98915,0.07756,-2.12158,-0.12586,-0.78349,0.23442,-0.57549,-0.19867,0.96026,0.19602,-0.14504,0.046,-0.98836,0.03345,0.9738,-0.22493,-0.03895,-0.02526,-0.99892,0.15665,0.94532,-0.28607,-0.03441,-0.07385,-0.99668,0.25115,0.9308,-0.26557,0.09228,-0.03806,-0.99501,0.38883,0.90568,-0.16901
2.0,0.18911,0.98172,-0.02138,0,0,-0.29279,-0.9561,-0.01194,0.20559,0.96189,0.18025,-0.1268,0.0512,-0.99061,0.05164,-1.95459,-0.12731,-0.77722,0.20727,-0.59412,-0.19794,0.96059,0.19514,-0.15237,0.028,-0.98793,0.03718,0.97299,-0.22781,-0.04102,-0.02602,-0.99882,0.16092,0.94398,-0.28811,-0.02494,-0.06309,-0.9977,0.25613,0.92917,-0.26655,0.09951,-0.0297,-0.99459,0.39163,0.90421,-0.17039
2.0,0.17371,0.98442,-0.0273,0,0,-0.26781,-0.96343,0.00876,0.20528,0.96215,0.17925,-0.13124,0.02747,-0.99097,0.02771,-1.77714,-0.13167,-0.77724,0.18347,-0.60186,-0.19764,0.96096,0.19365,-0.16551,0.03029,-0.98574,0.03724,0.97223,-0.23105,-0.04546,-0.01309,-0.99888,0.16173,0.94329,-0.28992,-0.01909,-0.04616,-0.99875,0.25719,0.9287,-0.26715,0.10892,-0.01292,-0.99397,0.39074,0.90434,-0.17173
2.0,0.15014,0.9883,-0.02688,0,0,-0.24153,-0.97038,0.0057,0.20024,0.96377,0.17619,-0.13995,0.02902,-0.98973,0.02932,-1.77528,-0.14047,-0.78848,0.16738,-0.59185,-0.20153,0.96179,0.18533,-0.18448,0.04039,-0.98201,0.03053,0.97146,-0.23524,-0.06063,0.00094,-0.99816,0.15744,0.94297,-0.29329,-0.02754,-0.03079,-0.99915,0.25635,0.92836,-0.26913,0.11029,-0.0003,-0.9939,0.38317,0.90698,-0.17482
2.0,0.11429,0.99326,-0.01941,0,0,-0.19234,-0.98123,-0.01412,0.17233,0.96981,0.17256,-0.15761,0.04509,-0.98647,0.04568,-1.84943,-0.15844,-0.80468,0.1493,-0.57463,-0.23427,0.95513,0.18124,-0.21499,0.03984,-0.9758,0.00025,0.97121,-0.23821,-0.08242,0.00822,-0.99656,0.13162,0.94566,-0.29732,-0.04027,-0.01875,-0.99901,0.23935,0.93176,-0.273,0.10908,0.01612,-0.9939,0.3505,0.91926,-0.17916
2.0,0.08191,0.99653,-0.01512,0,0,-0.14599,-0.98923,-0.01067,0.14244,0.97434,0.17426,-0.17076,0.03582,-0.98466,0.03636,-1.77755,-0.17171,-0.80368,0.10217,-0.58623,-0.25947,0.94777,0.18549,-0.23587,0.02415,-0.97148,-0.03909,0.97106,-0.23562,-0.09481,0.01369,-0.9954,0.09535,0.95038,-0.2961,-0.03727,0.01413,-0.99921,0.20827,0.93947,-0.27207,0.11778,0.06497,-0.99091,0.31721,0.93215,-0.17455
2.0,0.0493,0.99875,-0.00808,0,0,-0.0937,-0.99558,0.00616,0.12564,0.97609,0.17739,-0.17725,0.01059,-0.98411,0.01076,-1.63046,-0.17821,-0.79116,0.03393,-0.61066,-0.27203,0.94432,0.18509,-0.22957,0.02964,-0.97284,-0.05829,0.97113,-0.23132,-0.09456,0.03654,-0.99485,0.07576,0.9538,-0.29072,-0.0284,0.05989,-0.9978,0.18568,0.94658,-0.26365,0.11661,0.11284,-0.98675,0.29532,0.94149,-0.16244
2.0,0.02216,0.99974,0.00522,0,0,-0.06739,-0.99761,0.01548,0.11393,0.97627,0.18415,-0.19188,-0.00227,-0.98142,-0.00231,-1.55898,-0.19308,-0.78603,-0.01004,-0.61811,-0.27956,0.94081,0.19164,-0.23187,0.03796,-0.97201,-0.06817,0.97189,-0.22536,-0.10532,0.0437,-0.99348,0.06165,0.95722,-0.28272,-0.04013,0.08987,-0.99514,0.16779,0.95301,-0.25222,0.0946,0.14545,-0.98483,0.26959,0.95158,-0.14769
2.0,0.01165,0.99966,0.02323,0,0,-0.04832,-0.99874,0.01321,0.10559,0.97589,0.19103,-0.20751,-0.0029,-0.97823,-0.00296,-1.55684,-0.20903,-0.78601,-0.00216,-0.61821,-0.28268,0.93835,0.19899,-0.24255,0.05908,-0.96834,-0.07519,0.97289,-0.21869,-0.12595,0.0703,-0.98954,0.04757,0.96129,-0.2714,-0.06298,0.12745,-0.98984,0.14919,0.95993,-0.23723,0.07385,0.18371,-0.9802,0.24663,0.96041,-0.12953
2.0,-0.00595,0.99918,0.04016,0,0,-0.02353,-0.99967,-0.01047,0.09142,0.97501,0.20249,-0.23006,0.01561,-0.97305,0.01604,-1.63855,-0.23217,-0.79298,-0.01175,-0.60914,-0.28391,0.93714,0.20287,-0.25863,0.07355,-0.96317,-0.08697,0.97484,-0.20523,-0.15045,0.08833,-0.98466,0.0229,0.96825,-0.24893,-0.09533,0.15177,-0.98381,0.11925,0.96983,-0.21261,0.03884,0.21155,-0.9766,0.21704,0.96958,-0.11321
2.0,-0.01864,0.99889,0.04326,0,0,0.00946,-0.99987,-0.01339,0.08102,0.97428,0.21028,-0.23678,0.01077,-0.9715,0.01108,-1.61624,-0.23907,-0.78712,-0.04707,-0.615,-0.28696,0.93428,0.21159,-0.25937,0.06315,-0.96371,-0.10062,0.97654,-0.19037,-0.15452,0.0777,-0.98493,0.00449,0.97231,-0.23364,-0.09939,0.14514,-0.98441,0.1019,0.97432,-0.20081,0.03249,0.20845,-0.97749,0.2085,0.97182,-0.10995
2.0,-0.02464,0.99893,0.03923,0,0,0.00957,-0.99995,0.00277,0.07337,0.97312,0.21831,-0.23841,-0.00497,-0.97115,-0.00512,-1.54994,-0.24073,-0.794,-0.06146,-0.60481,-0.29254,0.92989,0.223,-0.26003,0.05766,-0.96388,-0.1163,0.97733,-0.17693,-0.15592,0.07659,-0.9848,-0.0071,0.97383,-0.22718,-0.08862,0.15187,-0.98442,0.09625,0.97549,-0.1979,0.0467,0.21414,-0.97569,0.21342,0.97039,-0.11312
2.0,-0.05223,0.99811,0.03249,0,0,0.01198,-0.99964,0.02391,0.06538,0.97265,0.2229,-0.23671,-0.02607,-0.97123,-0.02684,-1.4611,-0.23906,-0.81147,-0.10565,-0.57477,-0.31055,0.92,0.23908,-0.25752,0.0573,-0.96457,-0.13374,0.9757,-0.17359,-0.15128,0.07509,-0.98563,-0.01785,0.9728,-0.23096,-0.07954,0.14736,-0.98588,0.09341,0.97457,-0.20369,0.0468,0.21487,-0.97552,0.21494,0.96877,-0.12362
2.0,-0.07053,0.99712,0.02803,0,0,0.016,-0.99954,0.02561,0.057,0.9735,0.22147,-0.23491,-0.02866,-0.97159,-0.02949,-1.44941,-0.23723,-0.82532,-0.12121,-0.55151,-0.33667,0.90714,0.25248,-0.26252,0.07561,-0.96196,-0.14487,0.97348,-0.17706,-0.14604,0.07852,-0.98616,-0.02502,0.97097,-0.2379,-0.07422,0.1327,-0.98837,0.0896,0.97304,-0.2125,0.04444,0.19889,-0.97901,0.21004,0.96866,-0.13256
2.0,-0.0678,0.99745,0.02245,0,0,0.01077,-0.99974,0.02011,0.05329,0.97428,0.21896,-0.23494,-0.02208,-0.97176,-0.02271,-1.47711,-0.23722,-0.83462,-0.09784,-0.54207,-0.3474,0.90255,0.25441,-0.27227,0.08878,-0.95812,-0.15119,0.97198,-0.17997,-0.14756,0.0785,-0.98593,-0.02841,0.9699,-0.24183,-0.07894,0.1149,-0.99024,0.08677,0.97195,-0.21861,0.04362,0.17981,-0.98273,0.20777,0.96824,-0.13906
2.0,-0.05651,0.9983,0.01441,0,0,-0.0259,-0.99943,0.02174,0.05164,0.97481,0.21698,-0.23714,-0.01498,-0.97136,-0.01542,-1.5077,-0.23945,-0.84905,-0.05056,-0.52588,-0.35272,0.90107,0.25231,-0.28801,0.09333,-0.95307,-0.15462,0.97109,-0.18189,-0.157,0.07456,-0.98478,-0.02997,0.96934,-0.24389,-0.09646,0.0856,-0.99165,0.08355,0.97073,-0.22515,0.03324,0.14896,-0.98828,0.20552,0.96723,-0.14908
2.0,-0.04225,0.99909,0.00647,0,0,-0.06118,-0.99796,0.01813,0.05095,0.9751,0.21585,-0.23953,-0.00295,-0.97088,-0.00304,-1.55847,-0.24189,-0.86728,0.01306,-0.49765,-0.3571,0.90037,0.24863,-0.29275,0.10978,-0.94987,-0.15672,0.97047,-0.18337,-0.15996,0.0811,-0.98379,-0.03096,0.96895,-0.2453,-0.10494,0.08172,-0.99112,0.08131,0.96988,-0.2296,0.03602,0.14583,-0.98865,0.20476,0.96612,-0.15714
2.0,-0.03403,0.99942,0.00128,0,0,-0.09129,-0.9958,-0.00745,0.0506,0.97531,0.21498,-0.2341,0.02873,-0.97179,0.02955,-1.69291,-0.23639,-0.87354,0.04924,-0.48426,-0.35909,0.90058,0.24496,-0.27475,0.11052,-0.95514,-0.15761,0.9701,-0.18455,-0.16023,0.06491,-0.98494,-0.0313,0.96877,-0.24598,-0.11935,0.05916,-0.99109,0.08018,0.96937,-0.23215,0.02935,0.12793,-0.99135,0.20409,0.96543,-0.16216
2.0,-0.02835,0.99959,-0.00255,0,0,-0.11939,-0.99273,-0.01532,0.0495,0.97588,0.21264,-0.23401,0.04313,-0.97128,0.04438,-1.75308,-0.23642,-0.88579,0.08909,-0.45546,-0.36039,0.9005,0.24334,-0.27364,0.12098,-0.95419,-0.15805,0.96987,-0.18538,-0.15877,0.06173,-0.98538,-0.03207,0.96831,-0.2477,-0.13864,0.03304,-0.98979,0.07568,0.96764,-0.24073,0.01621,0.11248,-0.99352,0.20126,0.9639,-0.17432
2.0,-0.01809,0.99981,-0.00736,0,0,-0.16006,-0.98608,-0.04504,0.04258,0.97838,0.2024,-0.24094,0.08328,-0.96696,0.08591,-1.90358,-0.2442,-0.89836,0.15518,-0.41094,-0.36439,0.8994,0.24145,-0.28798,0.13572,-0.94797,-0.16118,0.96856,-0.18948,-0.17268,0.05649,-0.98336,-0.03613,0.96642,-0.25443,-0.16959,-0.01007,-0.98546,0.06181,0.96352,-0.26039,-0.0031,0.07058,-0.9975,0.18936,0.96137,-0.19979
2.0,-0.00538,0.99994,-0.00933,0,0,-0.20754,-0.97171,-0.11276,0.02842,0.98205,0.18649,-0.24972,0.16408,-0.95431,0.17027,-2.15211,-0.25594,-0.90024,0.21661,-0.37768,-0.37367,0.89644,0.23825,-0.30291,0.13558,-0.94332,-0.17056,0.96515,-0.19849,-0.21304,0.03665,-0.97636,-0.05718,0.95919,-0.27692,-0.20082,-0.02654,-0.97927,0.0479,0.95993,-0.27612,-0.04034,0.00919,-0.99914,0.16262,0.95789,-0.23666
2.0,-0.12076,0.99211,-0.03376,0,0,-0.25832,-0.95209,-0.16368,0.00108,0.98656,0.16341,-0.24623,0.22872,-0.94184,0.23824,-2.31935,-0.25571,-0.90037,0.26064,-0.34844,-0.38663,0.89227,0.23316,-0.32785,0.14322,-0.93381,-0.19149,0.95802,-0.21338,-0.23884,0.03075,-0.97057,-0.08514,0.95092,-0.29749,-0.22537,-0.06172,-0.97232,-0.02506,0.94273,-0.33262,-0.10917,-0.10669,-0.98828,0.10945,0.95334,-0.28135
2.0,-0.72747,0.67541,-0.12086,0,0,-0.27685,-0.93538,-0.22006,-0.03941,0.98969,0.13773,-0.25299,0.29189,-0.92239,0.30648,-2.42745,-0.2677,-0.89753,0.30874,-0.31484,-0.40258,0.88657,0.22787,-0.35855,0.10268,-0.92785,-0.23289,0.94417,-0.23304,-0.25396,-0.02034,-0.967,-0.16186,0.92502,-0.34372,-0.24802,-0.15516,-0.95625,-0.07245,0.92883,-0.36335,-0.18436,-0.30849,-0.93319,0.06706,0.94845,-0.30975
2.0,-0.71926,0.68985,-0.08233,0,0,-0.27492,-0.93288,-0.23271,-0.07229,0.98964,0.12404,-0.26104,0.30537,-0.91576,0.32186,-2.43429,-0.27769,-0.89949,0.33,-0.28638,-0.4172,0.88043,0.22536,-0.40899,0.08813,-0.90827,-0.31302,0.91518,-0.25389,-0.27914,-0.02561,-0.95991,-0.20321,0.91182,-0.35677,-0.2639,-0.21332,-0.94067,-0.10849,0.9182,-0.38098,-0.25456,-0.48116,-0.83886,0.02219,0.94666,-0.32147
2.0,-0.85388,0.51993,-0.0236,0,0,-0.25289,-0.9514,-0.17574,-0.0866,0.98846,0.12425,-0.2856,0.24695,-0.92598,0.26063,-2.28375,-0.29917,-0.91087,0.30657,-0.27628,-0.42324,0.87745,0.2257,-0.41911,0.00453,-0.90792,-0.34235,0.90334,-0.25841,-0.29251,-0.07285,-0.95348,-0.22974,0.90359,-0.36159,-0.27029,-0.21958,-0.9374,-0.12689,0.91552,-0.38174,-0.21674,-0.4255,-0.87862,0.01824,0.94586,-0.32407
2.0,-0.69503,0.71898,0.00151,0,0,-0.19352,-0.97545,-0.10507,-0.09105,0.9878,0.12634,-0.29819,0.16051,-0.94091,0.16896,-2.06459,-0.3069,-0.92164,0.2437,-0.30198,-0.42942,0.87416,0.22681,-0.41422,-0.07093,-0.90741,-0.35755,0.89565,-0.26452,-0.28059,-0.08833,-0.95576,-0.23355,0.90134,-0.36474,-0.25544,-0.2021,-0.94547,-0.12745,0.91597,-0.38047,-0.15399,-0.31234,-0.9374,0.03318,0.94768,-0.31748
2.0,-0.23743,0.97038,-0.04464,0,0,-0.13701,-0.98872,-0.06048,-0.09215,0.98743,0.12843,-0.30612,0.10033,-0.94669,0.10559,-1.88752,-0.31275,-0.92772,0.20946,-0.30896,-0.43299,0.87213,0.22785,-0.4195,-0.12864,-0.89859,-0.37105,0.88914,-0.26787,-0.28376,-0.10977,-0.95259,-0.23721,0.90006,-0.36554,-0.24208,-0.18097,-0.95323,-0.12291,0.91802,-0.37701,-0.10746,-0.21555,-0.97056,0.04836,0.94947,-0.31012
2.0,-0.10997,0.99216,-0.05938,0,0,-0.11457,-0.99318,-0.02171,-0.09222,0.98715,0.13047,-0.308,0.05629,-0.94972,0.0592,-1.75155,-0.3136,-0.92973,0.17108,-0.32608,-0.43666,0.86995,0.22918,-0.4155,-0.12426,-0.90106,-0.36995,0.88937,-0.26861,-0.27465,-0.07865,-0.95832,-0.23429,0.90085,-0.36549,-0.22134,-0.1138,-0.96853,-0.111,0.92111,-0.37315,-0.07571,-0.10333,-0.99176,0.0625,0.95145,-0.30138
2.0,-0.08539,0.99438,-0.0626,0,0,-0.11765,-0.99294,-0.01508,-0.08654,0.98744,0.13218,-0.30006,0.05002,-0.95261,0.05246,-1.73598,-0.30515,-0.91991,0.18028,-0.34824,-0.43912,0.86861,0.22955,-0.40774,-0.09622,-0.90802,-0.34904,0.89577,-0.27527,-0.26642,-0.05252,-0.96243,-0.21225,0.90546,-0.36754,-0.21085,-0.07763,-0.97443,-0.08398,0.92465,-0.37145,-0.07094,-0.05849,-0.99576,0.0832,0.95066,-0.29886
2.0,-0.0552,0.9952,-0.08084,0,0,-0.18893,-0.98176,-0.02152,-0.06667,0.99001,0.12421,-0.29605,0.07784,-0.95199,0.08158,-1.82789,-0.3015,-0.90462,0.25295,-0.34305,-0.43453,0.87258,0.22312,-0.42125,-0.09746,-0.90169,-0.32131,0.90195,-0.28853,-0.28128,-0.05808,-0.95787,-0.18812,0.90625,-0.37857,-0.23808,-0.10101,-0.96598,-0.06775,0.92168,-0.38198,-0.10727,-0.09804,-0.98939,0.09524,0.94497,-0.313
2.0,-0.02143,0.99542,-0.09312,0,0,-0.20907,-0.97728,-0.03499,-0.02619,0.99443,0.10213,-0.28109,0.09432,-0.95504,0.09845,-1.89456,-0.28624,-0.89452,0.2739,-0.35328,-0.4266,0.87825,0.21607,-0.40426,-0.08342,-0.91083,-0.277,0.90921,-0.31083,-0.26224,-0.05165,-0.96362,-0.14048,0.906,-0.3993,-0.22317,-0.09783,-0.96986,-0.02463,0.91486,-0.40302,-0.09348,-0.10099,-0.99049,0.13308,0.9329,-0.33464
2.0,0.00129,0.99537,-0.09609,0,0,-0.25833,-0.96443,-0.05612,0.02469,0.99629,0.08244,-0.26409,0.12638,-0.95618,0.13141,-2.01713,-0.26947,-0.87423,0.32669,-0.35916,-0.36574,0.9127,0.18224,-0.38839,-0.0704,-0.9188,-0.22775,0.91988,-0.3193,-0.2557,-0.04669,-0.96563,-0.09682,0.90969,-0.40385,-0.2231,-0.08914,-0.97071,0.01725,0.91293,-0.40776,-0.10189,-0.09118,-0.99061,0.16911,0.9247,-0.34107
2.0,0.0277,0.99544,-0.09131,0,0,-0.29048,-0.95477,-0.06355,0.05759,0.99489,0.08297,-0.25,0.13984,-0.95809,0.14493,-2.08078,-0.25525,-0.85916,0.35019,-0.3731,-0.32907,0.92788,0.17536,-0.37307,-0.06273,-0.92568,-0.19116,0.92882,-0.3174,-0.24672,-0.04492,-0.96804,-0.06309,0.91432,-0.40005,-0.21644,-0.08024,-0.97299,0.0492,0.91425,-0.40214,-0.09658,-0.07867,-0.99221,0.19819,0.9212,-0.33483
2.0,0.0652,0.99466,-0.08005,0,0,-0.30359,-0.9501,-0.07166,0.08639,0.99197,0.09237,-0.23464,0.14744,-0.96084,0.15226,-2.13183,-0.23951,-0.85314,0.35574,-0.38158,-0.30595,0.93493,0.17971,-0.34966,-0.03692,-0.93615,-0.1525,0.93839,-0.31012,-0.22926,-0.03435,-0.97276,-0.02702,0.92015,-0.39062,-0.20254,-0.06913,-0.97683,0.08427,0.91693,-0.39004,-0.08153,-0.06864,-0.9943,0.23105,0.9188,-0.32003
2.0,0.09688,0.9931,-0.06609,0,0,-0.31199,-0.94618,-0.08607,0.11419,0.98797,0.10424,-0.21271,0.15785,-0.96428,0.16226,-2.20922,-0.21711,-0.84126,0.36234,-0.40125,-0.28371,0.94093,0.18485,-0.32307,-0.01452,-0.94626,-0.11385,0.94695,-0.30053,-0.20124,-0.02703,-0.97917,0.01328,0.92537,-0.37883,-0.17962,-0.06377,-0.98167,0.12253,0.9189,-0.37497,-0.05432,-0.05738,-0.99687,0.26829,0.91543,-0.30002
2.0,0.12108,0.99119,-0.05369,0,0,-0.3195,-0.9432,-0.09105,0.14074,0.98297,0.11812,-0.18961,0.15777,-0.9691,0.16139,-2.26481,-0.19321,-0.82971,0.35899,-0.42744,-0.25958,0.94709,0.18879,-0.29799,-0.01661,-0.95442,-0.07484,0.95378,-0.29105,-0.17321,-0.02989,-0.98443,0.05526,0.929,-0.36593,-0.16595,-0.07304,-0.98343,0.15938,0.91996,-0.35815,-0.03578,-0.04781,-0.99822,0.30305,0.91184,-0.27698
2.0,0.15477,0.98711,-0.04078,0,0,-0.32542,-0.93964,-0.10577,0.17153,0.97631,0.13185,-0.16829,0.16762,-0.97138,0.17088,-2.35421,-0.17155,-0.8193,0.36256,-0.44419,-0.23589,0.95258,0.19224,-0.27469,0.00021,-0.96153,-0.03637,0.95856,-0.28256,-0.14821,-0.0131,-0.98887,0.09479,0.93063,-0.35346,-0.13906,-0.05203,-0.98892,0.19977,0.91841,-0.3415,-0.01061,-0.0275,-0.99957,0.33813,0.90549,-0.25645
2.0,0.19304,0.98062,-0.03338,0,0,-0.32641,-0.93911,-0.10737,0.20612,0.96838,0.14053,-0.14592,0.1623,-0.97589,0.1648,-2.40927,-0.14843,-0.80619,0.35701,-0.4718,-0.21207,0.95889,0.18855,-0.2433,0.01036,-0.9699,0.00523,0.95981,-0.28061,-0.11419,-0.0031,-0.99345,0.13778,0.92786,-0.34654,-0.10259,-0.03236,-0.9942,0.24228,0.91244,-0.32977,0.02976,-0.00375,-0.99955,0.37629,0.8949,-0.23993
2.0,0.20934,0.9773,-0.03271,0,0,-0.31977,-0.94401,-0.08124,0.22521,0.96359,0.14415,-0.13904,0.13157,-0.98151,0.13325,-2.32859,-0.14072,-0.80062,0.33062,-0.4997,-0.19777,0.96283,0.18397,-0.22745,-0.00079,-0.97379,0.02768,0.95901,-0.28202,-0.09523,-0.00746,-0.99543,0.16212,0.92467,-0.34453,-0.06917,-0.01586,-0.99748,0.26929,0.90731,-0.32292,0.06487,0.02193,-0.99765,0.39889,0.88782,-0.22949
2.0,0.19987,0.979,-0.04023,0,0,-0.30587,-0.95183,-0.02154,0.23045,0.96191,0.14705,-0.14467,0.06883,-0.98708,0.06962,-2.01487,-0.14553,-0.79031,0.27742,-0.54631,-0.19303,0.96439,0.18081,-0.23111,-0.0365,-0.97224,0.03195,0.95812,-0.2846,-0.09403,-0.00657,-0.99555,0.16892,0.92379,-0.34364,-0.04724,0.00982,-0.99884,0.28015,0.90613,-0.31694,0.08141,0.04376,-0.99572,0.40587,0.8862,-0.22342
2.0,0.17582,0.98333,-0.04627,0,0,-0.26996,-0.96287,-0.00074,0.22802,0.96227,0.1485,-0.15175,0.0433,-0.98747,0.04382,-1.84875,-0.15249,-0.79512,0.23587,-0.55871,-0.19524,0.96489,0.17571,-0.23979,-0.04691,-0.96969,0.01683,0.95693,-0.28983,-0.09641,0.00516,-0.99533,0.1596,0.92488,-0.34515,-0.03804,0.03174,-0.99877,0.27501,0.90794,-0.31624,0.09067,0.06132,-0.99399,0.40414,0.88763,-0.22088
2.0,0.14155,0.98882,-0.04696,0,0,-0.22942,-0.97332,0.00494,0.20571,0.96732,0.14823,-0.16371,0.03358,-0.98594,0.03405,-1.77312,-0.16454,-0.80409,0.19917,-0.56015,-0.22668,0.95948,0.16738,-0.24164,-0.03989,-0.96955,-0.01561,0.9555,-0.29457,-0.10291,0.01886,-0.99451,0.12706,0.92822,-0.34967,-0.04069,0.05844,-0.99746,0.24638,0.91503,-0.31941,0.08943,0.09251,-0.99169,0.38841,0.8943,-0.22218
2.0,0.10299,0.99388,-0.03985,0,0,-0.18486,-0.98276,-0.00238,0.17054,0.97375,0.15073,-0.17605,0.0355,-0.98374,0.03607,-1.76978,-0.17708,-0.81826,0.17023,-0.54906,-0.26313,0.94888,0.17431,-0.24572,-0.03409,-0.96874,-0.05146,0.95576,-0.2896,-0.11268,0.02752,-0.99325,0.08813,0.93429,-0.34545,-0.05105,0.07825,-0.99563,0.20699,0.92621,-0.31511,0.08341,0.12161,-0.98907,0.35874,0.90674,-0.22165
2.0,0.06626,0.99727,-0.0326,0,0,-0.14938,-0.98877,0.00413,0.13943,0.97751,0.15823,-0.19274,0.02502,-0.98093,0.0255,-1.69987,-0.19402,-0.82735,0.13183,-0.546,-0.2919,0.93844,0.18475,-0.25674,-0.01568,-0.96635,-0.08674,0.95643,-0.27877,-0.12899,0.04107,-0.9908,0.05055,0.94025,-0.33671,-0.0688,0.0942,-0.99317,0.16972,0.9362,-0.30778,0.06777,0.14108,-0.98768,0.32605,0.91995,-0.21769
2.0,0.0288,0.9994,-0.01945,0,0,-0.11347,-0.9935,0.00923,0.11162,0.97939,0.16831,-0.21355,0.01532,-0.97681,0.01568,-1.64241,-0.21523,-0.83235,0.08823,-0.54719,-0.31435,0.92868,0.19683,-0.27086,0.00137,-0.96262,-0.12089,0.95784,-0.26061,-0.15294,0.05493,-0.98671,0.01129,0.94736,-0.31996,-0.09183,0.11668,-0.98892,0.13039,0.94724,-0.29279,0.04232,0.17097,-0.98437,0.28841,0.93443,-0.20897
2.0,0.00358,0.99998,-0.00462,0,0,-0.09242,-0.99571,0.00395,0.09628,0.97978,0.17537,-0.22905,0.0174,-0.97326,0.01788,-1.64662,-0.23114,-0.84627,0.07814,-0.527,-0.32411,0.92302,0.20734,-0.28375,0.02159,-0.95866,-0.14282,0.9598,-0.24163,-0.16941,0.06486,-0.98341,-0.01434,0.95303,-0.30254,-0.11052,0.12906,-0.98546,0.10318,0.95536,-0.27684,0.01728,0.19,-0.98163,0.25573,0.9465,-0.19682
2.0,-0.01584,0.99984,0.00824,0,0,-0.082,-0.99663,0.00027,0.08609,0.97973,0.18086,-0.2425,0.01969,-0.96995,0.0203,-1.65183,-0.24499,-0.85084,0.06218,-0.52173,-0.33006,0.9193,0.21436,-0.29622,0.03258,-0.95456,-0.15821,0.96085,-0.22747,-0.18461,0.07462,-0.97998,-0.03242,0.95668,-0.28933,-0.12801,0.13829,-0.98208,0.08384,0.96068,-0.26471,-0.00462,0.2044,-0.97888,0.23311,0.95443,-0.18633
2.0,-0.03038,0.99942,0.01569,0,0,-0.07922,-0.99685,0.00238,0.07932,0.97948,0.1853,-0.25834,0.01822,-0.96588,0.01887,-1.64122,-0.26134,-0.86329,0.04687,-0.50253,-0.33403,0.91661,0.21967,-0.31572,0.03396,-0.94825,-0.17095,0.96092,-0.21773,-0.20488,0.07917,-0.97558,-0.04775,0.95852,-0.28101,-0.1559,0.12995,-0.97919,0.06632,0.96371,-0.25859,-0.04352,0.19694,-0.97945,0.21417,0.96013,-0.17966
2.0,-0.03904,0.999,0.02174,0,0,-0.08285,-0.99645,0.01479,0.07516,0.9791,0.18896,-0.27345,0.00846,-0.96185,0.0088,-1.60173,-0.27699,-0.87622,0.04286,-0.48001,-0.33578,0.9153,0.22243,-0.33767,0.05101,-0.93988,-0.17828,0.9608,-0.2123,-0.2219,0.08707,-0.97118,-0.05728,0.95933,-0.2764,-0.17758,0.12152,-0.97657,0.0548,0.9652,-0.25572,-0.07552,0.18867,-0.97913,0.20054,0.96376,-0.17591
2.0,-0.04595,0.99844,0.03157,0,0,-0.08832,-0.99608,0.00502,0.07322,0.97885,0.19103,-0.28681,0.02061,-0.95776,0.02151,-1.64252,-0.29096,-0.88723,0.0463,-0.45901,-0.33629,0.91488,0.22341,-0.35499,0.05849,-0.93304,-0.18231,0.96079,-0.20891,-0.23557,0.09331,-0.96737,-0.0625,0.9599,-0.27329,-0.19317,0.11871,-0.97396,0.04804,0.9662,-0.25329,-0.09989,0.18575,-0.97751,0.19175,0.96602,-0.17332
2.0,-0.04066,0.99844,0.03819,0,0,-0.10379,-0.9946,-0.00212,0.0723,0.9787,0.19216,-0.29717,0.03304,-0.95425,0.03461,-1.68154,-0.30189,-0.894,0.06623,-0.44314,-0.33646,0.91472,0.2238,-0.36398,0.06937,-0.92882,-0.18434,0.96084,-0.20691,-0.24515,0.09295,-0.96502,-0.06503,0.96024,-0.27149,-0.20957,0.11056,-0.97152,0.04439,0.96679,-0.25167,-0.12375,0.18507,-0.9749,0.18604,0.96745,-0.17155
2.0,-0.02197,0.9987,0.04598,0,0,-0.14312,-0.9895,-0.02036,0.07118,0.97839,0.19412,-0.30156,0.06319,-0.95135,0.06633,-1.77735,-0.30697,-0.89232,0.10418,-0.43921,-0.33732,0.91346,0.22761,-0.36348,0.08872,-0.92737,-0.18682,0.96131,-0.20242,-0.25092,0.09703,-0.96313,-0.0662,0.9606,-0.26995,-0.22248,0.10924,-0.9688,0.0432,0.9671,-0.2507,-0.14161,0.19255,-0.97102,0.18411,0.96798,-0.17063
2.0,-0.00019,0.99875,0.05007,0,0,-0.19601,-0.97965,-0.04314,0.07008,0.97787,0.19713,-0.29832,0.10149,-0.94906,0.10653,-1.89871,-0.30455,-0.89205,0.15433,-0.42478,-0.33823,0.91052,0.23782,-0.37688,0.0808,-0.92273,-0.18866,0.96238,-0.19555,-0.25761,0.08994,-0.96205,-0.06722,0.96133,-0.26707,-0.23197,0.08103,-0.96934,0.04255,0.9674,-0.24967,-0.15309,0.15606,-0.97581,0.18285,0.96837,-0.16978
2.0,0.01976,0.99845,0.05197,0,0,-0.24899,-0.96571,-0.07352,0.06946,0.9773,0.20015,-0.29363,0.14761,-0.94445,0.15504,-2.03661,-0.30143,-0.88557,0.18526,-0.42596,-0.33789,0.90822,0.24691,-0.38925,0.05571,-0.91944,-0.18924,0.96301,-0.19184,-0.26651,0.06195,-0.96184,-0.0676,0.96198,-0.26461,-0.24951,0.02994,-0.96791,0.04214,0.96769,-0.24861,-0.16554,0.09156,-0.98194,0.1812,0.96884,-0.16889
2.0,0.03676,0.99808,0.04976,0,0,-0.27847,-0.9565,-0.08693,0.06979,0.97655,0.20368,-0.28572,0.16892,-0.94331,0.17719,-2.10473,-0.2941,-0.88769,0.22402,-0.40228,-0.33609,0.90682,0.25441,-0.38542,0.03757,-0.92197,-0.18851,0.96402,-0.18744,-0.26124,0.04566,-0.96419,-0.0663,0.96286,-0.26173,-0.24923,0.00997,-0.96839,0.04342,0.96782,-0.24787,-0.15953,0.05412,-0.98571,0.18296,0.96844,-0.16929
2.0,0.04156,0.99803,0.04696,0,0,-0.27703,-0.95375,-0.11666,0.07217,0.97558,0.20743,-0.27072,0.19397,-0.94291,0.20288,-2.1925,-0.27959,-0.88703,0.26024,-0.38138,-0.33217,0.90591,0.26267,-0.36906,0.0262,-0.92904,-0.18377,0.96573,-0.18328,-0.24367,0.02695,-0.96948,-0.05924,0.96383,-0.25984,-0.23904,-0.01953,-0.97081,0.05017,0.96721,-0.24896,-0.15379,0.0164,-0.98797,0.19073,0.96654,-0.17152
2.0,0.04536,0.9982,0.03918,0,0,-0.28325,-0.95026,-0.12952,0.07514,0.97497,0.20928,-0.25738,0.20542,-0.94422,0.21421,-2.24439,-0.26611,-0.88429,0.27647,-0.37628,-0.32899,0.90584,0.26686,-0.35419,0.01811,-0.935,-0.17766,0.96705,-0.18237,-0.22895,0.0181,-0.97327,-0.05018,0.9641,-0.26074,-0.2286,-0.03072,-0.97304,0.05896,0.96601,-0.2517,-0.14607,-0.0035,-0.98927,0.19955,0.9642,-0.17464
2.0,0.04759,0.99849,0.02758,0,0,-0.28199,-0.95055,-0.13015,0.07633,0.97483,0.20949,-0.24613,0.20279,-0.94779,0.21078,-2.25995,-0.25407,-0.87872,0.28102,-0.38586,-0.32836,0.90593,0.26735,-0.3433,0.0058,-0.93921,-0.174,0.96753,-0.18331,-0.21396,0.00435,-0.97683,-0.04412,0.96378,-0.26304,-0.21379,-0.04309,-0.97593,0.06471,0.96488,-0.25461,-0.12553,-0.01437,-0.99199,0.20578,0.96233,-0.17772
2.0,0.05459,0.99843,0.01292,0,0,-0.27714,-0.95292,-0.12306,0.0768,0.9748,0.20945,-0.23439,0.19126,-0.95314,0.19803,-2.25522,-0.24112,-0.86974,0.2802,-0.40625,-0.32828,0.90595,0.26738,-0.33042,-0.01331,-0.94374,-0.17162,0.96771,-0.18461,-0.19765,-0.00991,-0.98022,-0.03952,0.96325,-0.26569,-0.19718,-0.05351,-0.97891,0.06942,0.96375,-0.25762,-0.10332,-0.02032,-0.99444,0.21158,0.96046,-0.18097
2.0,0.07654,0.99706,-0.00289,0,0,-0.26318,-0.95991,-0.09647,0.07709,0.97479,0.20936,-0.22923,0.15935,-0.96024,0.16445,-2.17827,-0.23433,-0.86681,0.26718,-0.421,-0.32826,0.90596,0.26737,-0.32092,-0.01834,-0.94693,-0.16931,0.96775,-0.18651,-0.19029,-0.01913,-0.98154,-0.03545,0.96252,-0.26888,-0.18794,-0.0598,-0.98036,0.0732,0.96268,-0.26056,-0.08585,-0.02055,-0.9961,0.21639,0.95881,-0.184
2.0,0.0779,0.99672,-0.02184,0,0,-0.2446,-0.96749,-0.06426,0.07717,0.9748,0.20932,-0.22964,0.12219,-0.96557,0.12588,-2.0598,-0.23349,-0.86908,0.23993,-0.43258,-0.32824,0.90597,0.26735,-0.31981,-0.02349,-0.94719,-0.16859,0.96772,-0.18732,-0.18758,-0.02899,-0.98182,-0.03418,0.96221,-0.27015,-0.18556,-0.07629,-0.97967,0.07431,0.96231,-0.26162,-0.08276,-0.03356,-0.996,0.21763,0.95835,-0.18495
2.0,0.06537,0.99705,-0.04015,0,0,-0.22515,-0.97402,-0.0244,0.07728,0.97482,0.20919,-0.23328,0.07821,-0.96926,0.08051,-1.89427,-0.23619,-0.86964,0.20169,-0.45061,-0.32818,0.90602,0.26724,-0.31722,-0.03107,-0.94784,-0.16857,0.96772,-0.18735,-0.1881,-0.03735,-0.98144,-0.03418,0.96221,-0.27015,-0.17838,-0.07264,-0.98128,0.07431,0.96231,-0.26162,-0.07943,-0.01703,-0.9967,0.21822,0.95806,-0.18574
2.0,0.03733,0.99821,-0.04669,0,0,-0.19753,-0.98015,-0.0171,0.07758,0.97517,0.20742,-0.24816,0.06688,-0.96641,0.06909,-1.83403,-0.25136,-0.87477,0.17778,-0.45074,-0.32868,0.90688,0.26369,-0.32905,-0.03026,-0.94383,-0.1649,0.96196,-0.21782,-0.20271,-0.02527,-0.97891,-0.02879,0.95211,-0.30438,-0.18262,-0.04809,-0.98201,0.07918,0.95556,-0.28395,-0.09009,0.00859,-0.9959,0.22023,0.95605,-0.19355
2.0,-0.00239,0.99886,-0.04761,0,0,-0.1569,-0.98717,-0.02955,0.0677,0.98435,0.16268,-0.26547,0.07097,-0.9615,0.07368,-1.83204,-0.26939,-0.88573,0.14037,-0.44248,-0.35744,0.9082,0.21775,-0.35229,-0.06065,-0.93392,-0.19736,0.93964,-0.27952,-0.21817,-0.02542,-0.97558,-0.05758,0.93161,-0.35887,-0.19418,-0.0419,-0.98007,0.05938,0.93656,-0.34544,-0.10362,0.00827,-0.99458,0.21866,0.95357,-0.20711
2.0,-0.05851,0.99768,-0.03471,0,0,-0.12148,-0.99209,-0.03148,0.03466,0.98906,0.14336,-0.28312,0.06503,-0.95688,0.06786,-1.79657,-0.28767,-0.9024,0.04577,-0.42845,-0.40907,0.88512,0.22185,-0.36409,-0.0792,-0.92799,-0.2398,0.9305,-0.2769,-0.23144,-0.03206,-0.97232,-0.09905,0.92813,-0.35883,-0.21412,-0.04626,-0.97571,0.01487,0.93608,-0.35147,-0.1304,0.01019,-0.99141,0.16274,0.94951,-0.26822
2.0,-0.11848,0.9929,-0.01055,0,0,-0.0737,-0.99728,-0.00085,0.02485,0.98844,0.14958,-0.2945,0.02258,-0.95538,0.02363,-1.64732,-0.29901,-0.8966,-0.0808,-0.4354,-0.43432,0.86618,0.2472,-0.37288,-0.05971,-0.92596,-0.25241,0.93061,-0.26507,-0.24932,-0.02261,-0.96816,-0.11522,0.93102,-0.3463,-0.22812,-0.03592,-0.97297,-0.00151,0.94067,-0.33932,-0.14513,0.02846,-0.989,0.14687,0.95401,-0.26133
2.0,-0.13,0.99151,0.00143,0,0,-0.06563,-0.99706,0.03944,0.02417,0.98828,0.1507,-0.30384,-0.01768,-0.95256,-0.01856,-1.51268,-0.30877,-0.88153,-0.12323,-0.45577,-0.4309,0.86404,0.26031,-0.38078,-0.05135,-0.92324,-0.25413,0.93098,-0.2621,-0.26725,-0.01656,-0.96349,-0.11867,0.93229,-0.34168,-0.23631,-0.01052,-0.97162,-0.00422,0.94243,-0.33437,-0.15311,0.05893,-0.98645,0.14493,0.95509,-0.25845
2.0,-0.11733,0.99306,0.00866,0,0,-0.08373,-0.99519,0.05085,0.02413,0.98827,0.15082,-0.30342,-0.02314,-0.95258,-0.02429,-1.49466,-0.30836,-0.87562,-0.10808,-0.47075,-0.42309,0.86631,0.26551,-0.3745,-0.0359,-0.92653,-0.25461,0.93142,-0.26005,-0.26621,-0.01235,-0.96383,-0.11898,0.93252,-0.34097,-0.23903,0.00009,-0.97101,-0.00447,0.9427,-0.33361,-0.15794,0.08128,-0.9841,0.14473,0.95525,-0.25798
2.0,-0.10057,0.99484,0.01304,0,0,-0.1118,-0.99246,0.05025,0.02403,0.98819,0.15137,-0.30213,-0.01423,-0.95316,-0.01492,-1.52375,-0.30696,-0.8789,-0.07307,-0.47137,-0.41669,0.86824,0.2693,-0.37073,-0.02041,-0.92852,-0.25479,0.93277,-0.25498,-0.26542,-0.01006,-0.96408,-0.11935,0.93318,-0.33902,-0.24477,-0.00149,-0.96958,-0.00464,0.94314,-0.33238,-0.1624,0.08767,-0.98282,0.14454,0.9555,-0.25716
2.0,-0.08114,0.99662,0.01303,0,0,-0.13989,-0.98933,0.04076,0.02384,0.98759,0.15525,-0.29845,0.00288,-0.95442,0.00301,-1.58043,-0.30306,-0.88447,-0.03418,-0.46534,-0.41106,0.86995,0.27244,-0.36903,-0.01746,-0.92925,-0.25358,0.93559,-0.24571,-0.26584,-0.02356,-0.96373,-0.11957,0.93517,-0.33341,-0.25385,-0.03459,-0.96663,-0.00487,0.9455,-0.32558,-0.17282,0.06016,-0.98311,0.14386,0.95726,-0.25091
2.0,-0.05824,0.99827,0.00821,0,0,-0.14922,-0.98823,0.03377,0.02559,0.98581,0.16591,-0.29157,0.01134,-0.95648,0.01186,-1.60967,-0.29589,-0.88593,-0.00334,-0.46381,-0.40409,0.8727,0.27405,-0.36119,-0.00821,-0.93246,-0.24844,0.93956,-0.23561,-0.25745,-0.02583,-0.96595,-0.11604,0.93885,-0.32419,-0.25033,-0.05152,-0.96679,-0.00068,0.94914,-0.31486,-0.16612,0.03974,-0.9853,0.14716,0.96005,-0.23801
2.0,-0.03421,0.99939,0.00637,0,0,-0.15944,-0.98699,0.02049,0.03233,0.98349,0.17807,-0.28218,0.02568,-0.95902,0.02677,-1.66154,-0.28616,-0.88371,0.02384,-0.46742,-0.39478,0.87716,0.27338,-0.34772,0.00172,-0.9376,-0.235,0.94475,-0.22854,-0.24445,-0.02117,-0.96943,-0.10288,0.94289,-0.31682,-0.23894,-0.05087,-0.9697,0.01285,0.95145,-0.30755,-0.15016,0.03631,-0.98799,0.15976,0.96074,-0.22684
2.0,-0.00972,0.99993,0.00604,0,0,-0.16895,-0.98558,0.00987,0.04525,0.981,0.18864,-0.26873,0.03643,-0.96253,0.03783,-1.70554,-0.27226,-0.87174,0.03537,-0.48869,-0.38305,0.88336,0.27009,-0.32918,0.0119,-0.94419,-0.21082,0.9514,-0.2245,-0.22746,-0.01241,-0.97371,-0.07842,0.94699,-0.31154,-0.2211,-0.03518,-0.97462,0.03689,0.95267,-0.30176,-0.12922,0.05303,-0.9902,0.18146,0.95907,-0.21738
2.0,0.02202,0.99976,-0.00172,0,0,-0.17964,-0.98372,0.00587,0.05726,0.97945,0.19339,-0.25006,0.03989,-0.96741,0.04121,-1.729,-0.25294,-0.83718,0.04173,-0.54533,-0.38085,0.88479,0.26849,-0.30766,0.01972,-0.95129,-0.1876,0.95605,-0.22532,-0.20353,-0.00148,-0.97907,-0.05266,0.94917,-0.31033,-0.19693,-0.01854,-0.98024,0.06174,0.95218,-0.29925,-0.10419,0.06826,-0.99221,0.20273,0.95595,-0.21226
2.0,0.05318,0.99851,-0.01255,0,0,-0.19479,-0.98068,0.01799,0.06951,0.97838,0.19477,-0.24024,0.02992,-0.97025,0.03083,-1.6947,-0.24272,-0.80928,0.05763,-0.58459,-0.35165,0.90335,0.24557,-0.31015,0.01801,-0.95052,-0.16767,0.95881,-0.22929,-0.1958,-0.00409,-0.98064,-0.02831,0.94933,-0.31299,-0.18096,-0.02192,-0.98325,0.08737,0.94976,-0.30055,-0.09013,0.05971,-0.99414,0.22448,0.95138,-0.2109