1.0,-1.0,0.0295,0.95447,-0.29685,0,-0.94424,0.24637,-0.21843,0,0.32208,0.55344,-0.7681,0.62437,2.61454,0.39705,0.50708,0.34345,-0.79052,-0.11635,0.22562,-0.96724,0.06362,0.54786,-0.83415,0.04269,0.59414,-0.80323,0.01391,0.64063,-0.76772,-0.02755,0.76311,-0.64569,
1.0,-1.0,0.02024,0.95129,-0.30764,0,-0.94373,0.23168,-0.23602,0,0.32619,0.53421,-0.77988,0.60058,2.59342,0.39614,0.26658,0.56944,-0.77761,-0.11119,0.21717,-0.96978,0.01573,0.50056,-0.86556,0.0137,0.55484,-0.83184,-0.00297,0.62569,-0.78007,-0.00844,0.74155,-0.67084,
1.0,-1.0,0.01778,0.94801,-0.31774,0,-0.93908,0.256,-0.22933,0,0.33265,0.50918,-0.79377,0.57036,2.5629,0.39684,0.06274,-0.73065,-0.67987,-0.1174,0.23825,-0.96408,-0.04581,0.48856,-0.87133,-0.03065,0.52332,-0.85158,0.00286,0.60017,-0.79987,-0.04959,0.70504,-0.70743,
1.0,-1.0,0.0844,0.92784,-0.36331,0,-0.91364,0.311,-0.26178,0,0.35767,0.30896,-0.88126,0.3372,2.28325,0.38555,0.01383,-0.8174,-0.57591,-0.16346,0.31454,-0.93506,-0.14307,0.36907,-0.91832,-0.11303,0.34403,-0.93213,-0.17524,0.40545,-0.89716,-0.24923,0.47925,-0.84155,
1.0,-1.0,0.1582,0.89324,-0.42082,0,-0.89456,0.40602,-0.18686,0,0.20179,-0.00617,-0.97941,-0.0063,1.54023,0.20319,-0.11049,-0.95698,-0.26829,-0.35229,0.0826,-0.93224,-0.15175,-0.01677,-0.98828,-0.11092,0.07731,-0.99082,-0.09135,0.13464,-0.98668,-0.05448,0.32116,-0.94546,
1.0,-1.0,0.14989,0.89431,-0.4216,0,-0.7306,0.67292,-0.11576,0,0.10976,-0.05159,-0.99262,-0.05193,1.13141,0.11013,-0.26467,-0.96415,-0.01886,-0.37414,0.21882,-0.90119,-0.12846,0.12497,-0.98381,-0.17451,0.19891,-0.96436,-0.14438,0.19828,-0.96945,-0.20974,0.38474,-0.89888,
1.0,-1.0,0.15704,0.87235,-0.46297,0,-0.5377,0.84019,-0.07044,0.43745,-0.06215,-0.12281,-0.99048,-0.12336,-0.46849,-0.06267,-0.58454,-0.54374,-0.60221,-0.40034,0.2539,-0.88049,-0.38818,0.66485,-0.63819,-0.2776,0.31826,-0.90645,-0.24227,0.26307,-0.93386,-0.19231,0.2679,-0.94406,
1.0,-1.0,0.13249,0.8482,-0.51284,1,-0.41383,0.90447,-0.10332,0.94208,-0.20773,-0.20432,-0.95661,-0.21043,-0.79368,-0.21384,-0.64528,-0.44715,-0.61942,-0.34377,0.39956,-0.84981,0.01172,0.54589,0.83778,-0.23601,0.69823,0.67585,-0.55569,0.71468,-0.42478,-0.60784,0.56279,0.56019,
1.0,-1.0,0.12623,0.8449,-0.51981,1,-0.39828,0.91255,-0.0929,0.94359,-0.22309,-0.1946,-0.95518,-0.20098,-0.85348,-0.22944,0.16983,0.86457,-0.47295,-0.2755,0.46183,-0.8431,0.02789,0.55339,0.83245,-0.05912,0.51776,0.85348,-0.27488,0.53279,0.80036,-0.51713,0.43813,0.73527,
1.0,-1.0,0.14079,0.84927,-0.50883,1,-0.43801,0.89367,-0.09745,0.8676,-0.18992,-0.19794,-0.96164,-0.20301,-0.7647,-0.19498,0.83944,0.30541,0.44951,-0.33713,0.40587,-0.84948,-0.00616,0.52511,0.85101,-0.12872,0.53698,0.83372,-0.39009,0.59825,0.69995,-0.64824,0.46975,0.59927,
1.0,-1.0,0.15593,0.85881,-0.48798,1,-0.4924,0.86834,-0.05943,0.81049,-0.1265,-0.13895,-0.98219,-0.14054,-0.73852,-0.12809,0.54461,0.79137,0.27774,-0.41113,0.37209,-0.83218,-0.07299,0.42762,0.90101,-0.16584,0.41755,0.89339,-0.32089,0.34471,0.88216,-0.60136,0.27614,0.74974,
1.0,-1.0,0.19254,0.87275,-0.44859,0,-0.64766,0.76053,-0.04613,0.82272,-0.0729,-0.12212,-0.98984,-0.12275,-0.53817,-0.07351,0.38029,0.33889,0.86054,-0.45281,0.17695,-0.87387,-0.29077,0.56341,0.77332,-0.23578,0.21371,-0.94802,-0.23134,0.23476,-0.94412,-0.17348,0.26311,-0.94904,
1.0,-1.0,0.11926,0.91092,-0.39498,0,-0.83018,0.53783,-0.14675,0,0.13473,-0.06188,-0.98895,-0.06249,1.14023,0.1354,-0.288,-0.33047,0.8988,-0.39064,0.05825,-0.9187,-0.1722,0.05845,-0.98333,-0.15561,0.11851,-0.98068,-0.08694,0.18592,-0.97871,-0.00571,0.36789,-0.92985,
1.0,-1.0,0.14989,0.89886,-0.4118,0,-0.87084,0.45577,-0.18416,0,0.15899,-0.09335,-0.98286,-0.09469,1.03988,0.16037,-0.31325,0.93782,0.14956,-0.3428,0.11773,-0.932,-0.16818,-0.01131,-0.98569,-0.14473,0.05851,-0.98774,-0.10835,0.11163,-0.98783,0.11427,0.2708,-0.95583,
1.0,-1.0,0.07301,0.9277,-0.36611,0,-0.9068,0.35226,-0.23155,0,0.23841,-0.02445,-0.97086,-0.02518,1.4686,0.2408,-0.05415,0.79887,0.59906,-0.19143,0.13771,-0.9718,-0.10652,0.17375,-0.97901,-0.13342,0.17488,-0.97551,-0.1482,0.16192,-0.97561,-0.25388,0.17694,-0.95091,
1.0,-1.0,0.03058,0.9399,-0.34006,0,-0.92638,0.24033,-0.28994,0,0.36375,0.37162,-0.85416,0.41037,2.3669,0.4026,-0.04008,0.92371,0.381,-0.03099,0.27245,-0.96167,-0.19135,0.4912,-0.84977,-0.13466,0.53279,-0.83546,-0.04658,0.58021,-0.81313,-0.18443,0.60054,-0.77803,
1.0,-1.0,-0.0176,0.94967,-0.31275,0,-0.92863,0.2254,-0.29467,0,0.37069,0.5317,-0.7615,0.60954,2.53276,0.45303,-0.34021,-0.15123,0.92811,-0.03711,0.25015,-0.9675,0.15959,0.60011,-0.78384,0.06674,0.62416,-0.77844,0.07256,0.66641,-0.74204,0.02898,0.8079,-0.58861,
1.0,-1.0,0.07234,0.94697,-0.31307,0,-0.92969,0.24553,-0.27458,0,0.36747,0.56701,-0.7372,0.65564,2.56656,0.46242,-0.09893,-0.94804,0.30239,-0.04506,0.24081,-0.96953,0.09717,0.58476,-0.80537,0.0727,0.6093,-0.7896,0.07168,0.65104,-0.75565,-0.01445,0.78357,-0.62114,
1.0,-1.0,0.10716,0.94479,-0.30966,0,-0.93565,0.2687,-0.22884,0,0.34607,0.57118,-0.7443,0.65455,2.59685,0.43523,0.28738,0.94048,-0.18142,-0.06745,0.23918,-0.96863,0.09671,0.58002,-0.80884,0.04147,0.62355,-0.78068,0.05107,0.66453,-0.74551,-0.04584,0.79582,-0.60379,
1.0,-1.0,0.08078,0.9579,-0.27552,0,-0.94118,0.27387,-0.19792,0,0.32956,0.61465,-0.71666,0.70893,2.64943,0.43102,-0.02644,0.99746,0.06611,-0.05818,0.26338,-0.96294,0.08057,0.64515,-0.7598,0.03957,0.69324,-0.71962,0.07191,0.74972,-0.65784,0.04478,0.87888,-0.47493,
1.0,-1.0,0.05477,0.95659,-0.28624,0,-0.95976,0.20431,-0.19268,0,0.27939,0.62502,-0.7289,0.70882,2.72123,0.36603,0.04134,-0.98795,0.14917,-0.06294,0.28352,-0.9569,0.03956,0.61079,-0.79081,0.04838,0.65543,-0.7537,0.036,0.69649,-0.71666,0.01465,0.83859,-0.54457,
1.0,-1.0,0.12352,0.94993,-0.28701,0,-0.95451,0.26845,-0.12979,0,0.27154,0.60273,-0.75032,0.67675,2.71831,0.34723,0.36339,0.85003,-0.38131,-0.09957,0.27164,-0.95724,0.02195,0.61895,-0.78513,0.02964,0.6627,-0.7483,0.01441,0.6986,-0.71537,0.06635,0.85123,-0.52058,
1.0,-1.0,0.11624,0.94299,-0.31185,0,-0.93998,0.29861,-0.16513,0,0.31494,0.57297,-0.75665,0.64812,2.639,0.39443,0.23182,-0.73428,-0.63804,-0.10783,0.27166,-0.95633,0.02552,0.57458,-0.81805,0.02893,0.61782,-0.78579,0.01567,0.66161,-0.74969,-0.05307,0.80036,-0.59716,
1.0,-1.0,0.06585,0.9467,-0.3153,0,-0.94083,0.28263,-0.18698,0,0.31491,0.52532,-0.79048,0.58654,2.60157,0.37911,0.19335,0.93139,-0.30842,-0.10979,0.26703,-0.95742,0.01686,0.58715,-0.80931,-0.01156,0.58133,-0.81358,0.01007,0.61752,-0.78649,0.02053,0.75702,-0.65307,
1.0,-1.0,0.07028,0.95263,-0.29589,0,-0.93338,0.28172,-0.22234,0,0.34827,0.56136,-0.75072,0.64207,2.58631,0.43436,-0.00306,0.99825,0.05907,-0.07444,0.28489,-0.95567,0.09502,0.61878,-0.7798,0.0679,0.64418,-0.76186,0.07183,0.6826,-0.72725,-0.02158,0.80959,-0.5866,
1.0,-1.0,0.06979,0.9547,-0.28928,0,-0.93773,0.23488,-0.25591,0,0.34707,0.6033,-0.71804,0.69878,2.61954,0.45024,-0.27759,0.95185,0.13011,-0.01006,0.26956,-0.96293,0.11246,0.61549,-0.78008,0.07946,0.65722,-0.7495,0.09315,0.70524,-0.70283,0.04265,0.8335,-0.55087,
1.0,-1.0,0.0713,0.95483,-0.28846,0,-0.95067,0.1962,-0.24026,0,0.31017,0.61082,-0.72849,0.69776,2.67173,0.40253,-0.32011,0.91195,-0.25666,-0.03136,0.2687,-0.96271,0.04659,0.60196,-0.79717,0.07907,0.65183,-0.75423,0.07492,0.68788,-0.72195,0.03163,0.83111,-0.55521,
1.0,-1.0,0.08618,0.95367,-0.28824,0,-0.95999,0.17661,-0.2173,0,0.28002,0.60729,-0.7435,0.6849,2.70955,0.36019,0.37198,0.91072,0.17947,-0.056,0.26029,-0.96391,0.0164,0.60143,-0.79876,0.05964,0.64496,-0.76188,0.05583,0.68542,-0.72601,0.01138,0.82549,-0.5643,
1.0,-1.0,0.06463,0.95682,-0.28342,0,-0.96513,0.16727,-0.20134,0,0.2617,0.60081,-0.75534,0.67194,2.73079,0.33352,0.04032,0.90908,-0.41465,-0.04769,0.25692,-0.96525,-0.06017,0.60475,-0.79414,0.02835,0.65034,-0.75911,0.04132,0.68028,-0.73179,-0.01373,0.82878,-0.5594,
1.0,-1.0,0.07641,0.95541,-0.28523,0,-0.97104,0.15284,-0.18363,0,0.23884,0.60209,-0.76186,0.66879,2.76395,0.30379,-0.11782,-0.98041,-0.15787,-0.05498,0.26162,-0.9636,-0.09265,0.55687,-0.82541,-0.00057,0.64681,-0.76265,0.03653,0.67698,-0.73509,-0.01842,0.84595,-0.53295,
1.0,-1.0,0.07465,0.95681,-0.28095,0,-0.97197,0.15582,-0.17606,0,0.23469,0.59822,-0.7662,0.6629,2.76773,0.29723,0.16929,0.94732,-0.27191,-0.04101,0.28217,-0.95849,-0.43195,0.49563,-0.75351,0.00578,0.6667,-0.74531,0.06585,0.70852,-0.70262,-0.02419,0.85852,-0.51221,
1.0,-1.0,0.11001,0.95146,-0.28743,0,-0.96608,0.19792,-0.16588,0,0.25194,0.58132,-0.77369,0.64437,2.73264,0.3148,0.52906,-0.84824,0.02396,-0.05246,0.26361,-0.9632,-0.45094,0.53527,-0.71424,0.00626,0.6519,-0.75828,0.059,0.68619,-0.72502,0.00839,0.84156,-0.54009,
1.0,-1.0,0.14658,0.93888,-0.31147,0,-0.93227,0.30795,-0.18983,0,0.34023,0.56806,-0.74937,0.64864,2.60196,0.42619,0.03486,-0.99924,0.01757,-0.08496,0.25655,-0.96279,0.11117,0.58424,-0.80393,0.04999,0.62042,-0.78267,0.0403,0.66173,-0.74866,-0.01233,0.79995,-0.59994,
1.0,-1.0,0.10243,0.9372,-0.3334,0,-0.93011,0.3223,-0.1761,0,0.32756,0.51108,-0.79467,0.57154,2.57163,0.39098,0.29102,0.16022,-0.94321,-0.14684,0.25122,-0.95673,-0.12135,0.48644,-0.86524,-0.12901,0.52897,-0.83878,-0.10191,0.62354,-0.77512,-0.07818,0.73329,-0.6754,
1.0,-1.0,0.04234,0.94451,-0.32573,0,-0.9194,0.33756,-0.20188,0,0.33517,0.40382,-0.85123,0.44295,2.44882,0.37511,-0.3767,-0.80834,0.45241,-0.12347,0.27306,-0.95404,-0.1418,0.49375,-0.85796,-0.18588,0.47683,-0.85912,-0.19953,0.50143,-0.84188,-0.3036,0.55867,-0.77182,
1.0,-1.0,0.09532,0.93615,-0.33845,0,-0.90398,0.37528,-0.2049,0,0.34702,0.36396,-0.86436,0.39854,2.38002,0.38177,0.20044,-0.89765,-0.39249,-0.12476,0.32789,-0.93644,-0.16043,0.48592,-0.85915,-0.19336,0.44053,-0.87667,-0.25168,0.48233,-0.83905,-0.58188,0.37431,-0.72201,
1.0,-1.0,0.13235,0.89788,-0.41988,0,-0.88341,0.45082,-0.12789,0,0.20577,0.12798,-0.9702,0.13115,2.1272,0.20899,-0.16976,-0.96613,-0.19435,-0.25724,0.31771,-0.91262,-0.134,0.08341,-0.98746,-0.12631,0.19954,-0.97171,-0.30195,0.26309,-0.9163,-0.40344,0.39066,-0.82742,
1.0,-1.0,0.12908,0.91034,-0.39322,0,-0.76704,0.63474,-0.09354,0,0.14185,0.0256,-0.98956,0.02586,1.74931,0.14238,0.00048,-0.66741,-0.74469,-0.3867,0.12718,-0.91339,-0.13722,0.11041,-0.98437,-0.1264,0.20583,-0.97039,-0.0936,0.25337,-0.96283,0.00764,0.41098,-0.91161,
1.0,-1.0,0.18018,0.8757,-0.44799,0,-0.67055,0.74165,-0.0179,0,0.00774,-0.01713,-0.99982,-0.01713,0.42442,0.00774,-0.35748,-0.87726,-0.32034,-0.32724,0.29234,-0.89858,-0.02675,0.1906,-0.9813,-0.11755,0.18925,-0.97487,-0.1411,0.15228,-0.97821,-0.13208,0.17099,-0.97638,
1.0,-1.0,0.13118,0.89264,-0.43127,0,-0.56456,0.82398,0.04815,0,-0.06521,0.01363,-0.99778,0.01366,-1.77681,-0.06526,-0.48026,-0.87221,-0.09275,-0.31588,0.35527,-0.87978,-0.00516,0.30952,-0.95088,-0.13647,0.27225,-0.9525,-0.16868,0.24749,-0.9541,-0.09468,0.20033,-0.97514,
1.0,-1.0,0.13632,0.87532,-0.46394,0,-0.44289,0.89655,0.00682,0,-0.18829,-0.08557,-0.97838,-0.08724,-1.14423,-0.19013,-0.67382,-0.67009,-0.31137,-0.39404,0.40762,-0.82376,-0.18493,0.50279,-0.8444,-0.28366,0.49659,-0.82033,-0.35214,0.51274,-0.783,-0.32183,0.51801,-0.79252,
1.0,-1.0,0.12346,0.84258,-0.52423,0,-0.3343,0.94234,0.01539,0.77956,-0.21696,-0.06105,-0.97427,-0.06258,-1.29648,-0.21911,-0.53414,-0.8373,0.11672,-0.24795,0.55365,-0.79498,-0.28374,0.69111,-0.66473,0.01708,0.40088,0.91597,-0.09923,0.3792,0.91998,-0.32195,0.41598,0.85047,
1.0,-1.0,0.09191,0.83711,-0.53926,1,-0.1199,0.99126,0.05511,0.85779,-0.24026,0.02489,-0.97039,0.02564,-1.67402,-0.24271,-0.91494,-0.36707,-0.16776,-0.10378,0.62116,-0.77678,-0.18345,0.94475,-0.27164,0.07484,0.4564,0.88662,-0.04535,0.40945,0.91121,-0.28918,0.42574,0.85739,
1.0,-1.0,0.04796,0.82767,-0.55916,1,-0.04834,0.9983,-0.03243,1,-0.25252,-0.04363,-0.96661,-0.04511,-1.3997,-0.25553,-0.83603,-0.53149,0.13628,-0.10218,0.54261,-0.83375,0.25223,0.68934,0.67911,0.11897,0.59097,0.79787,0.00422,0.53054,0.84765,-0.26307,0.57403,0.77542,
1.0,-1.0,0.0163,0.81643,-0.57721,1,-0.06822,0.97819,-0.19617,1,-0.30094,-0.20765,-0.93076,-0.2195,-0.96681,-0.31272,-0.67772,-0.63469,0.3713,-0.1925,0.38212,-0.90384,0.33756,0.78054,0.52612,0.15015,0.76809,0.62249,0.03133,0.69139,0.7218,-0.17813,0.71471,0.67636,
1.0,-1.0,-0.00655,0.81243,-0.58303,1,0.0321,0.96846,-0.2471,0.95825,-0.30303,-0.22616,-0.92576,-0.23961,-0.92964,-0.31634,-0.98966,0.07772,-0.12059,-0.24537,0.33592,-0.90937,0.40653,0.74937,0.52267,0.23036,0.73717,0.63523,0.11404,0.64347,0.75693,-0.02069,0.67947,0.73341,
1.0,-1.0,-0.02874,0.80853,-0.58775,1,0.26426,0.90715,-0.32748,0.73861,-0.27067,-0.25615,-0.92797,-0.26932,-0.81295,-0.2838,-0.86554,0.4322,-0.25305,-0.28576,0.29421,-0.91202,0.48617,0.63441,0.60097,0.3525,0.57921,0.73502,0.1941,0.5988,0.77702,0.08782,0.69198,0.71656,
1.0,-1.0,-0.04524,0.81364,-0.57961,1,0.51827,0.79411,-0.31747,0.67696,-0.3011,-0.17801,-0.93683,-0.18778,-1.03687,-0.31098,-0.80498,0.4211,0.41796,-0.27764,0.3684,-0.88724,0.66105,0.64564,0.38231,0.42593,0.48178,0.76582,0.30804,0.56119,0.76823,0.19879,0.87559,0.44026,
1.0,-1.0,-0.03567,0.81263,-0.58169,0.83017,0.61338,0.70587,-0.35428,0.89223,-0.35393,-0.15534,-0.92228,-0.16687,-1.15721,-0.36643,-0.40658,-0.68794,0.60119,-0.19427,0.35827,-0.91318,0.72036,0.68658,-0.09848,0.59533,0.80345,0.00659,0.51011,0.85978,-0.0236,0.34522,0.93478,0.08375,
1.0,-1.0,-0.06844,0.81841,-0.57054,1,0.18551,0.91923,-0.34727,0.74542,-0.38504,-0.25714,-0.88635,-0.28236,-0.98199,-0.40981,0.52683,0.62703,-0.57384,-0.3737,0.24404,-0.89487,0.61062,0.62237,0.4897,0.41539,0.65349,0.63278,0.25933,0.6971,0.66842,0.13296,0.75838,0.63811,
1.0,-1.0,-0.06672,0.81846,-0.57068,1,-0.07521,0.92295,-0.3775,1,-0.44947,-0.36931,-0.81338,-0.42621,-0.88299,-0.50483,0.97804,0.18318,-0.09936,-0.38712,0.1963,-0.90089,0.40465,0.87064,0.27973,0.26447,0.86441,0.42761,0.1542,0.82665,0.54118,-0.05387,0.83589,0.54625,
1.0,-1.0,-0.06327,0.81842,-0.57112,1,-0.13537,0.92415,-0.35725,1,-0.43543,-0.37937,-0.81638,-0.43501,-0.85409,-0.48998,0.50203,-0.78309,0.36706,-0.35175,0.20576,-0.9132,0.30859,0.92416,0.22518,0.16309,0.89873,0.40704,0.08016,0.84656,0.52623,-0.18187,0.8418,0.50823,
1.0,-1.0,-0.05673,0.8208,-0.56839,1,-0.18998,0.92134,-0.33917,1,-0.44158,-0.38874,-0.80864,-0.44811,-0.84895,-0.49983,0.7953,0.57465,-0.19308,-0.32483,0.20733,-0.92277,0.24638,0.94638,0.20894,0.09442,0.92314,0.3727,0.0041,0.8776,0.47937,-0.2371,0.83633,0.4943,
1.0,-1.0,-0.05069,0.82202,-0.5672,1,-0.25088,0.91113,-0.32696,1,-0.45413,-0.40907,-0.79147,-0.47703,-0.83756,-0.52092,0.60408,0.64799,-0.46388,-0.25589,0.21977,-0.94139,0.32286,0.87444,0.3621,0.16401,0.84697,0.50572,0.03431,0.81411,0.5797,-0.19438,0.76692,0.61159,
1.0,-1.0,-0.03595,0.82387,-0.56564,1,-0.24543,0.92135,-0.30147,0.97323,-0.44944,-0.38369,-0.80671,-0.44395,-0.86416,-0.5083,0.33553,-0.75166,0.56783,-0.23196,0.26182,-0.93683,0.38672,0.78778,0.47943,0.23593,0.75753,0.60868,0.10519,0.71962,0.68635,-0.13111,0.69938,0.70263,
1.0,-1.0,-0.01962,0.82707,-0.56175,1,-0.22738,0.94207,-0.24658,0.98334,-0.42183,-0.32351,-0.847,-0.36485,-0.91655,-0.46207,0.95701,0.19587,-0.21393,-0.22563,0.3349,-0.91484,0.31736,0.73123,0.60381,0.19429,0.67306,0.71361,0.08354,0.57142,0.81639,-0.19202,0.53554,0.82239,
1.0,-1.0,0.00558,0.8306,-0.55684,1,-0.21429,0.95641,-0.19839,1,-0.35971,-0.26611,-0.89431,-0.28921,-0.93386,-0.38242,0.99459,0.09675,0.03784,-0.17737,0.39491,-0.90144,0.23142,0.78267,0.57782,0.12185,0.65383,0.74677,0.02253,0.55284,0.83298,-0.19999,0.51443,0.83389,
1.0,-1.0,0.0236,0.83427,-0.55086,0.85604,-0.23127,0.95898,-0.16394,1,-0.30706,-0.23184,-0.92302,-0.24609,-0.92408,-0.32115,0.95718,0.27892,0.07754,-0.124,0.42414,-0.89707,-0.07104,0.98285,0.17019,0.04943,0.67291,0.73808,-0.09097,0.58197,0.8081,-0.3468,0.53626,0.76952,
1.0,-1.0,0.04552,0.83835,-0.54322,0.22949,-0.25419,0.95673,-0.14164,1,-0.25167,-0.20684,-0.94545,-0.21538,-0.88286,-0.26016,0.93396,0.32109,0.15692,-0.11229,0.4272,-0.89715,-0.325,0.81373,-0.48189,-0.00475,0.67449,0.73827,-0.17284,0.63788,0.75049,-0.4525,0.62987,0.63128,
1.0,-1.0,0.06643,0.84051,-0.53771,0.14024,-0.31751,0.93431,-0.16206,1,-0.2103,-0.23602,-0.94872,-0.24383,-0.72782,-0.21814,0.65611,-0.43213,0.6187,-0.12177,0.4139,-0.90214,-0.35595,0.73242,-0.5804,-0.10518,0.69267,0.71354,-0.25393,0.64478,0.72096,-0.52344,0.60456,0.60044,
1.0,-1.0,0.08511,0.84322,-0.53079,0.12583,-0.43112,0.89036,-0.14629,1,-0.17343,-0.24088,-0.95494,-0.24709,-0.62402,-0.17965,0.5754,0.7705,-0.27431,-0.15711,0.43341,-0.8874,-0.41766,0.63237,-0.65243,-0.16659,0.60441,0.77906,-0.33212,0.55264,0.76438,-0.58548,0.45705,0.66957,
1.0,-1.0,0.10097,0.84646,-0.52279,0.34272,-0.48131,0.85978,-0.17061,1,-0.14766,-0.27139,-0.95107,-0.27797,-0.49829,-0.15403,0.62739,-0.36364,0.68858,-0.2006,0.37259,-0.90606,-0.46376,0.6588,-0.59237,-0.20441,0.6035,0.77072,-0.35439,0.57334,0.73871,-0.59775,0.47431,0.64632,
1.0,-1.0,0.11746,0.84957,-0.51423,0.06524,-0.50009,0.84834,-0.17383,0.88382,-0.09289,-0.25213,-0.96323,-0.25601,-0.35299,-0.09614,0.50636,0.84118,-0.18979,-0.20041,0.3595,-0.91137,-0.39154,0.50583,-0.76865,-0.2131,0.56705,0.79564,-0.33571,0.49474,0.80158,-0.55844,0.41284,0.71952,
1.0,-1.0,0.13268,0.85481,-0.5017,0,-0.52885,0.8374,-0.13813,0.83312,-0.04581,-0.19067,-0.98058,-0.19205,-0.23577,-0.04668,0.41117,0.88924,-0.20046,-0.22464,0.38677,-0.8944,-0.35342,0.503,-0.78872,-0.26731,0.50286,0.82199,-0.3807,0.45344,0.80589,-0.56237,0.36037,0.74422,
1.0,-1.0,0.14661,0.86054,-0.48783,0,-0.58201,0.80357,-0.12463,0.64284,0.00614,-0.14892,-0.98883,-0.14948,0.04119,0.00621,0.39443,0.89455,-0.21025,-0.27544,0.33989,-0.89922,-0.31234,0.44232,-0.84071,-0.2703,0.43646,0.85816,-0.41418,0.34728,0.84134,-0.57485,0.22681,0.78619,
1.0,-1.0,0.15512,0.86619,-0.47503,0,-0.66708,0.73333,-0.13127,0.64889,0.06672,-0.11669,-0.99093,-0.11721,0.51943,0.06723,0.48041,0.85608,0.19062,-0.27917,0.33699,-0.89917,-0.25244,0.37033,-0.89394,-0.35806,0.34257,0.86859,-0.50579,0.23436,0.83021,-0.65676,0.10675,0.7465,
1.0,-1.0,0.16631,0.87429,-0.45603,0,-0.72627,0.67417,-0.13425,0.54556,0.11151,-0.07716,-0.99076,-0.07772,0.96547,0.11208,0.42645,0.90325,0.04776,-0.28786,0.29301,-0.91175,-0.21357,0.32462,-0.92142,-0.37899,0.28038,0.88191,-0.47173,0.13138,0.8719,-0.65546,0.01594,0.75506,
1.0,-1.0,0.17366,0.88115,-0.43979,0,-0.76232,0.63136,-0.14231,0.47707,0.14465,-0.04812,-0.98831,-0.04865,1.24962,0.14532,0.35172,0.70938,0.6108,-0.25893,0.29104,-0.921,-0.1361,0.25015,-0.95859,-0.37471,0.23926,0.89574,-0.47507,0.09204,0.87512,-0.61369,-0.04265,0.7884,
1.0,-1.0,0.17666,0.88697,-0.42671,0,-0.79968,0.58176,-0.14856,0.52967,0.16121,-0.0303,-0.98645,-0.03071,1.38501,0.16199,0.34397,0.84793,0.40335,-0.22801,0.25708,-0.93911,-0.11757,0.20784,-0.97107,-0.41638,0.16938,0.89327,-0.48141,0.03475,0.87581,-0.58341,-0.08985,0.8072,
1.0,-1.0,0.1746,0.89096,-0.41918,0,-0.84358,0.50731,-0.17608,0.45149,0.17755,-0.04595,-0.98304,-0.04671,1.31755,0.17869,-0.19329,0.47278,0.85972,-0.21392,0.20044,-0.95606,-0.11756,0.11565,-0.98631,-0.37331,0.19454,0.90708,-0.47473,0.04671,0.87889,-0.56088,-0.08306,0.82372,
1.0,-1.0,0.17398,0.89444,-0.41196,0,-0.85494,0.47763,-0.20237,0.47541,0.16886,-0.11264,-0.97918,-0.11453,0.98253,0.17077,-0.30736,-0.25859,0.91578,-0.21784,0.10878,-0.9699,-0.13893,0.04536,-0.98926,-0.39669,0.26102,0.88006,-0.47241,0.11203,0.87423,-0.57523,0.03587,0.8172,
1.0,-1.0,0.17675,0.89699,-0.40517,0,-0.81034,0.5398,-0.22797,0.48857,0.16474,-0.16348,-0.97269,-0.16651,0.78923,0.16777,-0.06334,0.29275,0.95409,-0.20543,0.04437,-0.97767,-0.0687,0.00904,-0.9976,-0.41123,0.23285,0.88129,-0.48804,0.0951,0.86762,-0.59238,0.00292,0.80565,
1.0,-1.0,0.17458,0.90381,-0.39071,0,-0.85171,0.46368,-0.24411,0.47636,0.20219,-0.13899,-0.96943,-0.14241,0.96854,0.20561,-0.16042,-0.10117,0.98185,-0.16379,0.04223,-0.98559,-0.06786,0.05258,-0.99631,-0.43248,0.19902,0.87941,-0.49418,0.08077,0.8656,-0.58048,-0.02744,0.81381,
1.0,-1.0,0.17029,0.90879,-0.38092,0,-0.88983,0.38064,-0.25161,0.48088,0.25144,-0.05109,-0.96652,-0.05281,1.37034,0.25451,-0.01938,0.89425,0.44715,-0.12955,0.10872,-0.9856,-0.02938,0.10124,-0.99443,-0.47356,0.09753,0.87534,-0.52802,-0.02037,0.84899,-0.60771,-0.14355,0.78108,
1.0,-1.0,0.1641,0.91381,-0.37152,0,-0.91889,0.27993,-0.27797,0.49374,0.30349,0.05142,-0.95145,0.054,1.73865,0.30877,-0.18996,0.02472,0.98148,-0.09386,0.16624,-0.98161,-0.04421,0.18439,-0.98186,-0.5321,-0.03535,0.84594,-0.5547,-0.14623,0.8191,-0.62828,-0.20736,0.74985,
1.0,-1.0,0.16185,0.91798,-0.36209,0,-0.92122,0.26931,-0.28074,0.42791,0.32004,0.11433,-0.94048,0.12097,1.91391,0.328,0.98835,-0.04716,-0.14473,-0.07646,0.19655,-0.97751,0.00053,0.25012,-0.96821,-0.54541,-0.04347,0.83704,-0.56811,-0.17814,0.80344,-0.64422,-0.26322,0.71812,
1.0,-1.0,0.16475,0.91554,-0.36694,0,-0.90788,0.33302,-0.25466,0.41433,0.30863,0.11982,-0.94361,0.1263,1.9411,0.31611,0.3904,0.02388,-0.92034,-0.09492,0.20985,-0.97311,-0.00396,0.23422,-0.97217,-0.53232,-0.01518,0.84641,-0.56664,-0.16363,0.80755,-0.64848,-0.24032,0.7223,
1.0,-1.0,0.17328,0.90575,-0.38678,0,-0.87308,0.44755,-0.19349,0.45846,0.22059,0.00867,-0.97533,0.00889,1.61007,0.22243,0.26122,0.82222,-0.50569,-0.1545,0.18248,-0.97099,-0.05799,0.1385,-0.98866,-0.44299,0.09203,0.89179,-0.50036,-0.02066,0.86557,-0.59367,-0.11297,0.79674,
1.0,-1.0,0.17905,0.89443,-0.40981,0,-0.82755,0.54342,-0.14091,0.50725,0.14896,-0.02946,-0.9884,-0.0298,1.37553,0.14958,0.19202,-0.70738,-0.68025,-0.26065,0.21796,-0.94051,-0.07766,0.10238,-0.99171,-0.40792,0.09756,0.90779,-0.48701,0.02871,0.87292,-0.58881,-0.1258,0.79842,
1.0,-1.0,0.18603,0.88978,-0.41675,0,-0.77125,0.63142,-0.08049,0.45924,0.12662,0.02827,-0.99155,0.0285,1.79043,0.12701,0.45617,-0.65914,-0.59787,-0.29094,0.2732,-0.9169,-0.09056,0.2083,-0.97386,-0.36887,0.06415,0.92726,-0.49099,-0.02299,0.87086,-0.64107,-0.10213,0.76066,
1.0,-1.0,0.18904,0.88472,-0.42607,0,-0.73577,0.67665,-0.0281,0.46528,0.08986,0.05642,-0.99436,0.05668,2.13146,0.09012,-0.26006,-0.93525,0.24015,-0.27578,0.37391,-0.88552,-0.08928,0.24105,-0.9664,-0.31108,0.15772,0.9372,-0.39717,0.03212,0.91718,-0.52076,-0.02071,0.85345,
1.0,-1.0,0.18228,0.87821,-0.44217,0,-0.71278,0.70113,0.01921,0.5785,0.03546,0.06337,-0.99736,0.06345,2.63145,0.03554,-0.26577,-0.9542,0.13738,-0.29839,0.47848,-0.82584,-0.13802,0.30815,-0.94127,-0.26723,0.18393,0.94592,-0.36071,0.0486,0.93141,-0.48826,0.00352,0.87269,
1.0,-1.0,0.17104,0.86604,-0.4698,0,-0.64161,0.76702,-0.00347,0.69812,-0.05169,-0.04775,-0.99752,-0.04783,-0.82498,-0.05177,-0.53928,-0.70385,-0.46236,-0.31031,0.47291,-0.82466,-0.2157,0.39305,-0.89386,-0.20172,0.34231,0.91768,-0.30398,0.21367,0.92841,-0.46622,0.18665,0.86475,
1.0,-1.0,0.15708,0.85626,-0.49208,0,-0.52325,0.85214,0.00854,0.65724,-0.13177,-0.07101,-0.98873,-0.07169,-1.07654,-0.13249,-0.68286,-0.44236,-0.5814,-0.30238,0.4885,-0.81849,-0.19929,0.46343,-0.86343,-0.04196,0.35699,0.93317,-0.18282,0.267,0.9462,-0.35792,0.2716,0.89338,
1.0,-1.0,0.13258,0.84649,-0.51564,0,-0.45602,0.88989,0.01171,0.88779,-0.23168,-0.106,-0.967,-0.10918,-1.14171,-0.23516,-0.71112,-0.64875,-0.27097,-0.25125,0.54578,-0.79938,-0.31777,0.59514,-0.73812,0.00008,0.47387,0.88059,-0.16736,0.42822,0.88804,-0.35457,0.43381,0.8283,
1.0,-1.0,0.10633,0.8377,-0.53568,0,-0.34296,0.93842,0.04173,0.85779,-0.29727,-0.06629,-0.95249,-0.06948,-1.3514,-0.30252,-0.731,-0.68238,-0.0003,-0.12497,0.62864,-0.76759,-0.30745,0.69337,-0.6517,0.17007,0.38606,0.90666,0.007,0.34164,0.9398,-0.17938,0.37806,0.90824,
1.0,-1.0,0.07169,0.83384,-0.54733,1,-0.24342,0.968,0.0611,1,-0.33053,-0.02356,-0.9435,-0.02497,-1.49963,-0.33697,-0.896,-0.44383,-0.01425,-0.04477,0.64821,-0.76014,-0.26247,0.96429,-0.03552,0.16941,0.41727,0.89285,0.06335,0.33822,0.93893,-0.10984,0.3637,0.92502,
1.0,-1.0,0.05759,0.83274,-0.55066,0.72458,-0.1287,0.98969,0.0629,0.96023,-0.28778,0.02342,-0.95741,0.02446,-1.652,-0.29199,-0.64434,-0.69502,0.31901,-0.0185,0.62217,-0.78266,-0.26521,0.8362,-0.48004,0.10479,0.50579,0.85627,-0.00493,0.43241,0.90167,-0.27438,0.4711,0.83832,
1.0,-1.0,0.03158,0.82737,-0.56077,1,-0.06508,0.99784,-0.00894,1,-0.35763,-0.03169,-0.93333,-0.03394,-1.48242,-0.36592,-0.78183,0.52161,-0.34157,-0.07163,0.55051,-0.83175,0.34755,0.62386,0.70001,0.1405,0.65,0.74683,0.00941,0.60956,0.79269,-0.23699,0.63811,0.73257,
1.0,-1.0,-0.02142,0.82804,-0.56026,1,-0.01876,0.97195,-0.23445,1,-0.545,-0.20653,-0.8126,-0.24889,-1.20856,-0.59078,-0.92502,-0.06763,0.37385,-0.3094,0.33923,-0.88837,0.45084,0.82937,0.32997,0.29411,0.81703,0.49594,0.23129,0.73024,0.64285,0.02204,0.74027,0.67195,
1.0,-1.0,-0.07105,0.83232,-0.54972,1,0.06923,0.94617,-0.31617,1,-0.60087,-0.21344,-0.77032,-0.2703,-1.22949,-0.66244,-0.6366,-0.55459,0.53588,-0.62469,0.34886,-0.69861,0.17159,0.96076,-0.21796,0.58287,0.55689,0.59173,0.45895,0.54448,0.70207,0.34158,0.61371,0.71182,
1.0,-1.0,-0.08072,0.82434,-0.56032,0.97435,-0.02668,0.95167,-0.30598,1,-0.61155,-0.25766,-0.74807,-0.33171,-1.17204,-0.68532,0.24165,-0.95762,0.15676,-0.52367,0.30543,-0.79529,0.32292,0.94639,0.00834,0.27956,0.91836,0.2801,0.2336,0.87271,0.42873,-0.00885,0.88145,0.4722,
1.0,-1.0,-0.07981,0.82461,-0.56004,1,-0.17078,0.98134,-0.08836,1,-0.5458,-0.16888,-0.82072,-0.20294,-1.27072,-0.58687,0.53192,0.08369,-0.84265,-0.34402,0.49461,-0.79813,0.13892,0.96251,0.23296,-0.09062,0.95557,0.2805,-0.18386,0.93347,0.30796,-0.36066,0.85191,0.37971,
1.0,-1.0,-0.0712,0.82293,-0.56366,1,-0.20705,0.97405,-0.09142,1,-0.48719,-0.18369,-0.85376,-0.21192,-1.21024,-0.51855,0.99575,0.00739,0.09178,-0.25207,0.495,-0.83153,0.2019,0.89503,0.39768,-0.16978,0.95342,0.24933,-0.32583,0.93701,0.12591,-0.38589,0.8139,0.43434,
1.0,-1.0,-0.05483,0.82239,-0.56628,1,-0.23277,0.96872,-0.08605,1,-0.46105,-0.18782,-0.86727,-0.21327,-1.18395,-0.48861,0.94832,0.30942,0.07031,-0.21393,0.50035,-0.83898,0.30304,0.78197,0.54469,0.10722,0.76736,0.63219,-0.06601,0.78698,0.61343,-0.29061,0.70953,0.64196,
1.0,-1.0,-0.03638,0.82535,-0.56345,1,-0.24473,0.96766,-0.06113,1,-0.44024,-0.16708,-0.8822,-0.18717,-1.20807,-0.46286,0.77009,-0.41446,0.48496,-0.20995,0.51502,-0.83107,0.31667,0.69831,0.64194,0.19758,0.62706,0.7535,0.07743,0.56367,0.82236,-0.175,0.52685,0.83175,
1.0,-1.0,-0.01982,0.82841,-0.55978,1,-0.24954,0.96729,-0.0456,1,-0.41268,-0.14882,-0.89864,-0.16412,-1.22469,-0.4305,0.46595,0.80136,-0.37513,-0.25936,0.5196,-0.81409,0.26401,0.67947,0.68456,0.14791,0.56182,0.81393,0.0256,0.48168,0.87598,-0.2181,0.44246,0.86986,
1.0,-1.0,-0.00444,0.83033,-0.55725,1,-0.25081,0.96747,-0.03307,1,-0.39516,-0.13351,-0.90886,-0.14586,-1.24497,-0.41013,0.98749,-0.06669,0.14292,-0.30042,0.52504,-0.79629,0.20725,0.71757,0.66494,0.11647,0.59429,0.79577,-0.02102,0.51594,0.85637,-0.27241,0.46142,0.84433,
1.0,-1.0,0.00865,0.83123,-0.55585,0.93097,-0.2662,0.96298,-0.04256,1,-0.36993,-0.14284,-0.91801,-0.15436,-1.20231,-0.38306,0.42276,0.78729,-0.44882,-0.3608,0.49677,-0.78933,-0.04977,0.94122,0.33412,0.04901,0.65201,0.75663,-0.09948,0.59185,0.79989,-0.3523,0.53098,0.77068,
1.0,-1.0,0.03801,0.84431,-0.5345,0,-0.39528,0.90419,-0.16186,0,-0.27588,-0.28493,-0.91799,-0.30096,-0.76926,-0.29194,0.65319,-0.56896,0.49963,-0.93655,-0.25804,-0.23724,-0.48579,0.53941,-0.68779,0.01351,0.66891,0.74322,-0.09526,0.60383,0.7914,-0.3379,0.53136,0.77684,
1.0,-1.0,0.04047,0.84388,-0.535,0,-0.38258,0.90863,-0.16739,0,-0.26885,-0.28282,-0.92073,-0.29802,-0.76009,-0.2841,0.73342,0.67892,-0.0342,-0.93703,-0.23895,-0.25469,-0.47384,0.51659,-0.71317,-0.00219,0.69478,0.71922,-0.12498,0.63452,0.76273,-0.3392,0.56532,0.7519,
1.0,-1.0,0.04908,0.84516,-0.53225,0,-0.42998,0.88882,-0.15845,0,-0.25688,-0.28869,-0.92232,-0.30335,-0.72716,-0.27163,0.68076,0.71913,-0.13936,-0.92176,-0.25903,-0.28855,-0.51022,0.5228,-0.68291,-0.04193,0.70357,0.70939,-0.1771,0.64016,0.74755,-0.41534,0.56389,0.7138,
1.0,-1.0,0.095,0.87292,-0.47852,0,-0.63232,0.76351,-0.13127,0,-0.10368,-0.25132,-0.96234,-0.25545,-0.39127,-0.10732,0.71029,0.68871,0.14552,-0.78769,-0.2163,-0.57685,-0.53703,0.46652,-0.70282,-0.63313,0.43434,-0.6407,-0.60163,0.38763,-0.69842,-0.59336,0.42269,-0.68502,
1.0,-1.0,0.06545,0.93308,-0.35366,0,-0.78215,0.62183,-0.03965,0,0.06143,0.01362,-0.99802,0.01364,1.78894,0.06147,0.43406,0.86379,0.25586,-0.521,-0.07018,-0.85067,-0.23306,0.17489,-0.95661,-0.21401,0.23238,-0.94879,-0.15127,0.30968,-0.93873,-0.04824,0.44465,-0.8944,
1.0,-1.0,-0.09795,0.9436,-0.31626,0,-0.93212,0.36046,-0.03487,0,0.06169,0.06318,-0.99609,0.06335,2.36813,0.06186,-0.14274,0.98701,-0.07374,-0.28009,-0.01604,-0.95984,-0.19601,0.27142,-0.94229,-0.20501,0.21645,-0.95453,-0.18492,0.20587,-0.96095,-0.11281,0.21496,-0.97008,
1.0,-1.0,0.08505,0.90929,-0.40737,0,-0.94244,0.3192,-0.09962,0,0.14008,0.10637,-0.98441,0.10764,2.22025,0.14135,-0.15158,-0.89954,-0.4097,-0.36853,-0.1624,-0.91532,-0.22388,-0.00372,-0.97461,-0.18738,0.09379,-0.9778,-0.13951,0.19055,-0.97171,-0.06021,0.37925,-0.92333,
1.0,-1.0,0.062,0.9202,-0.38651,0,-0.85116,0.52147,-0.05996,0,0.12497,0.09037,-0.98804,0.09121,2.19691,0.12581,0.17386,0.41642,-0.8924,-0.43879,-0.11333,-0.89142,-0.20431,0.1028,-0.97349,-0.15908,0.18544,-0.96969,-0.09699,0.29432,-0.95077,0.01128,0.4497,-0.89311,
1.0,-1.0,0.05702,0.91667,-0.39555,0,-0.74411,0.6666,-0.04409,0,0.07485,0.01761,-0.99704,0.01766,1.80186,0.07493,-0.17692,0.12536,-0.97621,-0.57991,-0.17935,-0.79469,-0.17844,0.15578,-0.97154,-0.1514,0.18717,-0.97059,-0.09362,0.28709,-0.95332,0.05357,0.43614,-0.89828,
1.0,-1.0,0.02249,0.91796,-0.39604,0,-0.62775,0.77744,0.03888,0,-0.11048,-0.03955,-0.99309,-0.0398,-1.22708,-0.1108,-0.42507,0.26631,-0.8651,-0.78466,-0.24346,-0.57012,-0.07397,0.3336,-0.93981,-0.4116,0.26739,-0.87126,-0.38081,0.3042,-0.87318,-0.27864,0.39201,-0.87675,
1.0,-1.0,0.08846,0.84797,-0.52261,0,-0.55399,0.82572,0.10622,0.10931,-0.36709,-0.12776,-0.92137,-0.13779,-1.23587,-0.37914,-0.71019,-0.69988,-0.07617,-0.87081,-0.099,-0.48154,0.13317,0.40027,0.90667,-0.72587,0.68652,-0.0423,-0.60964,0.5126,-0.60463,-0.68624,0.4707,-0.55454,
1.0,-1.0,0.05394,0.83532,-0.54711,1,-0.37483,0.92469,0.06672,0,-0.38845,-0.0913,-0.91694,-0.09925,-1.33994,-0.40072,-0.54101,-0.80803,0.23322,-0.92102,-0.00501,-0.38949,0.40254,0.31319,0.86016,0.32215,0.30378,0.89662,0.1658,0.25682,0.95213,-0.06961,0.27073,0.96014,
1.0,-1.0,0.03455,0.83488,-0.54935,1,-0.27116,0.9622,0.02545,0,-0.39536,-0.08723,-0.91437,-0.09511,-1.35364,-0.40811,-0.27163,-0.84961,0.45208,-0.95683,-0.01734,-0.29012,0.46822,0.33915,0.81594,0.35607,0.29886,0.88538,0.19148,0.27866,0.94111,0.0481,0.30568,0.95092,
1.0,-1.0,0.05334,0.8403,-0.53949,0,-0.28993,0.95593,0.04611,0,-0.39115,-0.07438,-0.91732,-0.08091,-1.38287,-0.40306,0.80869,0.5328,0.2493,-0.94293,0.00195,-0.33298,-0.47535,0.58475,-0.65735,0.20036,0.42439,0.88304,0.08915,0.35698,0.92985,-0.13425,0.32887,0.93478,
1.0,-1.0,0.08721,0.86034,-0.5022,0.05008,-0.51948,0.85414,0.02433,0,-0.3019,-0.15683,-0.94035,-0.16525,-1.0917,-0.31066,0.697,0.71692,0.01487,-0.88457,-0.07904,-0.45966,-0.58541,0.59581,-0.54983,-0.68196,0.62698,-0.37659,-0.68502,0.59972,-0.41361,-0.68607,0.57069,-0.45124,
1.0,-1.0,0.09118,0.89962,-0.42705,0,-0.69327,0.71764,0.06608,0,-0.1734,-0.0771,-0.98183,-0.07837,-1.1524,-0.17481,0.4873,0.84283,0.22841,-0.73757,-0.20041,-0.64484,-0.44687,0.46335,-0.76525,-0.43877,0.33922,-0.83211,-0.40445,0.3235,-0.85543,-0.32457,0.40774,-0.85346,
1.0,-1.0,-0.00752,0.94014,-0.34071,0,-0.88584,0.46093,0.05315,0,-0.04784,0.02319,-0.99859,0.02322,-2.02219,-0.04788,0.27799,0.94506,0.172,-0.50804,-0.13339,-0.85094,-0.27581,0.17124,-0.94584,-0.26923,0.19704,-0.9427,-0.22968,0.25282,-0.93986,-0.14665,0.34829,-0.92584,
1.0,-1.0,0.00728,0.92918,-0.36955,0,-0.94414,0.3289,0.02048,0,0.00737,0.08321,-0.9965,0.08331,3.05321,0.0074,-0.17079,-0.95873,0.22729,-0.45262,-0.18478,-0.87235,-0.2822,0.10355,-0.95375,-0.26909,0.15569,-0.95045,-0.23215,0.24231,-0.94202,-0.14695,0.37284,-0.91618,
1.0,-1.0,0.05975,0.91849,-0.39091,0,-0.91457,0.40099,0.05253,0,-0.00715,0.11384,-0.99347,0.11409,-3.07891,-0.00719,-0.0897,-0.06812,-0.99364,-0.549,-0.12606,-0.82626,-0.32917,0.10514,-0.9384,-0.29616,0.1823,-0.93758,-0.25075,0.28223,-0.926,-0.14813,0.45819,-0.87642,
1.0,-1.0,0.04365,0.92529,-0.37674,0,-0.8259,0.54696,0.13683,0,-0.08028,0.12613,-0.98876,0.12688,-2.57478,-0.08101,-0.38157,-0.68417,-0.62154,-0.63845,-0.03526,-0.76886,-0.37154,0.2569,-0.89217,-0.35262,0.24612,-0.90282,-0.34145,0.33455,-0.87835,-0.26155,0.46792,-0.84418,
1.0,-1.0,0.0974,0.87668,-0.47112,0,-0.65842,0.73862,0.14462,0,-0.20084,0.01276,-0.97954,0.01302,-1.63424,-0.20223,-0.46039,0.22704,-0.85819,-0.77334,-0.25861,-0.57885,-0.68699,0.59694,-0.41437,-0.48228,0.39561,-0.7816,-0.42197,0.33315,-0.84318,-0.30977,0.38738,-0.86832,
1.0,-1.0,0.07451,0.85989,-0.50502,0,-0.59056,0.78704,0.17835,0,-0.38035,-0.07654,-0.92167,-0.08286,-1.37221,-0.39139,-0.76748,-0.58094,-0.27108,-0.8688,-0.13854,-0.47539,-0.57298,0.79968,0.17946,-0.75409,0.65468,-0.05239,-0.71293,0.49597,-0.49573,-0.58809,0.39614,-0.70514,
1.0,-1.0,0.03525,0.84971,-0.52607,0.20344,-0.47638,0.86256,0.17047,0,-0.44005,-0.06605,-0.89554,-0.07362,-1.42181,-0.45672,-0.72929,-0.67861,-0.08735,-0.93375,-0.15651,-0.3219,-0.13109,0.78877,0.60055,-0.68415,0.72451,-0.08382,-0.69672,0.60566,-0.38439,-0.54788,0.50338,-0.66816,
1.0,-1.0,-0.00071,0.84682,-0.53188,0.26705,-0.29396,0.93624,0.19244,0,-0.42374,0.05281,-0.90424,0.05834,-1.69479,-0.43823,-0.55219,-0.77619,0.30433,-0.97015,-0.01015,-0.24231,-0.44709,0.88855,-0.10295,-0.52758,0.84914,-0.02513,-0.5353,0.84375,-0.03919,-0.56988,0.79761,-0.19763,
1.0,-1.0,-0.03635,0.8314,-0.55448,1,-0.12772,0.97099,0.20214,0,-0.48248,0.11724,-0.86802,0.13425,-1.80917,-0.50732,-0.9094,-0.3639,0.2014,-0.96846,0.14378,-0.20352,0.54843,0.17862,0.8169,0.43981,0.15315,0.88494,0.2906,0.10928,0.95058,0.11952,0.1373,0.98329,
1.0,-1.0,-0.07493,0.83284,-0.54842,1,0.01234,0.98238,0.18648,0,-0.46589,0.17067,-0.86823,0.1941,-1.92194,-0.4925,-0.90374,0.37323,-0.20965,-0.94711,0.27304,-0.16859,0.56262,0.18607,0.80551,0.44529,0.15491,0.88188,0.28175,0.12727,0.95101,0.04809,0.14078,0.98887,
1.0,-1.0,-0.07479,0.84028,-0.53697,0.28721,0.1498,0.98279,0.10813,0,-0.45713,0.16582,-0.8738,0.18754,-1.91878,-0.482,-0.71207,0.65201,-0.26046,-0.82343,0.51955,-0.22809,-0.06871,0.98005,-0.18649,-0.07558,0.99705,0.01345,0.05872,0.89243,0.44734,-0.17634,0.98369,0.03532,
1.0,-1.0,-0.06353,0.84202,-0.5357,0.374,0.21628,0.97564,0.03681,0.18712,-0.47856,0.1388,-0.86701,0.15874,-1.85308,-0.50435,-0.53518,-0.63196,0.56054,-0.62598,0.64485,-0.43855,-0.01758,0.97847,-0.20562,-0.0826,0.98683,-0.1391,-0.11267,0.96515,-0.23621,-0.13962,0.95651,-0.25611,
1.0,-1.0,-0.09739,0.82738,-0.55314,1,0.1598,0.96921,-0.18734,0.54344,-0.60758,-0.053,-0.79249,-0.06678,-1.48378,-0.65409,-0.15168,-0.5714,0.80653,-0.62752,0.50046,-0.59646,0.74264,0.45085,0.49519,0.61136,0.46616,0.63948,0.47744,0.48548,0.73236,0.3317,0.57272,0.74965,
1.0,-1.0,-0.09902,0.82489,-0.55655,1,0.10343,0.95855,-0.26548,0.50151,-0.60976,-0.14977,-0.7783,-0.1901,-1.32995,-0.66457,0.39516,-0.85919,0.32504,-0.66287,0.41396,-0.6239,0.71223,0.48839,0.50418,0.60386,0.50519,0.61656,0.47166,0.51735,0.71406,0.3149,0.59071,0.7429,
1.0,-1.0,-0.10318,0.82579,-0.55446,1,0.05563,0.9644,-0.25852,0.32917,-0.59582,-0.1757,-0.78366,-0.22056,-1.28404,-0.65007,0.86457,0.12537,-0.48662,-0.77866,0.38536,-0.49516,0.66753,0.5773,0.47025,0.54863,0.58633,0.596,0.42289,0.5797,0.6965,0.21979,0.64308,0.73358,
1.0,-1.0,-0.11488,0.83144,-0.5436,1,0.03196,0.96625,-0.25562,0.02332,-0.61627,-0.1823,-0.76615,-0.2336,-1.28319,-0.6774,0.65069,0.69969,-0.29502,-0.91161,0.33062,-0.24425,0.67386,0.54023,0.50405,0.58042,0.52585,0.62177,0.45509,0.5326,0.7136,0.26799,0.58957,0.76196,
1.0,-1.0,-0.09886,0.83338,-0.54379,1,0.00727,0.9707,-0.24019,0.04736,-0.60163,-0.18762,-0.77643,-0.2371,-1.2685,-0.65923,0.92317,0.34449,-0.17056,-0.92273,0.29302,-0.25041,0.63635,0.57975,0.50887,0.57406,0.50791,0.64226,0.44433,0.50037,0.7431,0.25383,0.54055,0.80211,
1.0,-1.0,-0.0964,0.83404,-0.54321,1,-0.06844,0.96001,-0.27146,0,-0.57705,-0.26006,-0.7742,-0.32406,-1.14738,-0.64051,0.40337,0.74635,-0.52939,-0.97399,0.15733,-0.16304,0.56893,0.6759,0.46849,0.54248,0.53276,0.64953,0.40952,0.52745,0.74437,0.23743,0.57244,0.78482,
1.0,-1.0,-0.08449,0.8346,-0.54434,1,-0.12335,0.9593,-0.25403,0,-0.54682,-0.27932,-0.78929,-0.34013,-1.09854,-0.60588,0.77846,-0.51475,0.3592,-0.9854,0.09627,-0.14043,0.46499,0.76323,0.44863,0.47355,0.55065,0.68741,0.34188,0.53652,0.77154,0.1755,0.55926,0.8102,
1.0,-1.0,-0.06583,0.83553,-0.54548,1,-0.17563,0.96071,-0.21494,0,-0.48541,-0.27446,-0.83009,-0.31932,-1.0562,-0.52915,0.64449,0.67442,-0.36026,-0.98532,0.0311,-0.16786,0.32651,0.83675,0.4396,0.3817,0.5433,0.74775,0.24028,0.51127,0.82515,0.06285,0.53306,0.84374,
1.0,-1.0,-0.04463,0.83673,-0.5458,0.82368,-0.20606,0.96096,-0.18465,0,-0.41235,-0.2564,-0.8742,-0.2853,-1.0145,-0.44074,0.91645,0.38988,-0.09002,-0.97896,-0.00486,-0.204,-0.10343,0.99391,-0.03795,0.26012,0.60509,0.75247,0.1224,0.55473,0.82298,-0.08124,0.54278,0.83594,
1.0,-1.0,-0.01731,0.83788,-0.54558,0.27369,-0.24227,0.95598,-0.16555,0,-0.35006,-0.24528,-0.90404,-0.26493,-0.95963,-0.36944,0.51901,0.78107,-0.34722,-0.95042,-0.0295,-0.30956,-0.37223,0.80618,-0.45991,0.13124,0.72289,0.67838,0.00744,0.65614,0.75461,-0.20218,0.60544,0.76978,
1.0,-1.0,0.01211,0.83966,-0.54297,0.32703,-0.32149,0.93295,-0.16199,0,-0.30418,-0.26376,-0.91537,-0.28054,-0.85646,-0.32082,0.88657,0.46099,0.03845,-0.90036,-0.02192,-0.4346,-0.43098,0.77384,-0.46414,-0.26178,0.91333,0.31194,-0.30039,0.84393,0.44446,-0.509,0.72832,0.45877,
1.0,-1.0,0.03891,0.84012,-0.541,0.08363,-0.40434,0.90157,-0.15389,0,-0.24947,-0.2706,-0.92981,-0.2832,-0.74479,-0.26213,0.44721,-0.68238,0.57823,-0.8628,-0.07906,-0.49932,-0.48223,0.6307,-0.608,-0.1789,0.74093,0.64732,-0.29945,0.73837,0.60426,-0.50654,0.61437,0.60495,
1.0,-1.0,0.05503,0.84373,-0.53394,0.13564,-0.50489,0.85471,-0.12069,0,-0.20771,-0.25601,-0.9441,-0.2648,-0.68162,-0.21656,0.55706,0.79203,-0.24974,-0.86364,-0.2195,-0.4538,-0.53492,0.58549,-0.60915,-0.11275,0.54153,0.83309,-0.18222,0.45519,0.87155,-0.43012,0.37832,0.81968,
1.0,-1.0,0.06196,0.85296,-0.51829,0.20002,-0.58111,0.80183,-0.13918,0,-0.16116,-0.28101,-0.94608,-0.28873,-0.5207,-0.16872,0.72054,0.03586,0.69249,-0.81684,-0.26407,-0.51288,-0.59515,0.59633,-0.53869,-0.70275,0.58583,-0.40366,-0.72521,0.58276,-0.36669,-0.76803,0.50755,-0.39054,
1.0,-1.0,0.07962,0.86272,-0.49938,0.12944,-0.66185,0.73904,-0.12561,0,-0.13218,-0.27999,-0.95086,-0.28636,-0.44107,-0.13813,0.59035,0.80014,-0.10614,-0.73488,-0.20783,-0.64556,-0.65424,0.52743,-0.54202,-0.74477,0.46712,-0.47657,-0.72004,0.42988,-0.54474,-0.69304,0.37833,-0.61365,
1.0,-1.0,0.08082,0.87923,-0.46949,0,-0.69196,0.71194,-0.11971,0,-0.09529,-0.25443,-0.96238,-0.25846,-0.35835,-0.09869,0.6288,0.61164,0.48011,-0.62194,-0.25159,-0.74155,-0.55934,0.42691,-0.71055,-0.64913,0.36238,-0.66881,-0.59963,0.29032,-0.74576,-0.58431,0.27412,-0.76384,
1.0,-1.0,0.0742,0.88802,-0.45378,0,-0.72555,0.67155,-0.15032,0,-0.05213,-0.27145,-0.96104,-0.27528,-0.18973,-0.05419,0.36595,0.93006,0.03265,-0.54104,-0.26593,-0.79785,-0.54801,0.36543,-0.75243,-0.55444,0.25094,-0.79349,-0.47774,0.15973,-0.86386,-0.45867,0.15995,-0.87409,
1.0,-1.0,0.0633,0.8953,-0.44094,0,-0.73252,0.66472,-0.14684,0,-0.03458,-0.25176,-0.96717,-0.25465,-0.1365,-0.03574,0.29906,0.94413,-0.13851,-0.51441,-0.24432,-0.822,-0.50178,0.31839,-0.80427,-0.47954,0.20425,-0.85342,-0.42334,0.12929,-0.8967,-0.40471,0.12885,-0.90532,
1.0,-1.0,0.07098,0.89495,-0.44049,0,-0.73755,0.65987,-0.14352,0,-0.03028,-0.24462,-0.96915,-0.24725,-0.12315,-0.03123,0.47171,0.86342,-0.17889,-0.50891,-0.23746,-0.82742,-0.50348,0.31171,-0.80582,-0.513,0.21568,-0.83085,-0.4543,0.14593,-0.87881,-0.42031,0.13863,-0.89673,
1.0,-1.0,0.07224,0.89441,-0.44138,0,-0.70923,0.69273,-0.13083,0,-0.04841,-0.23301,-0.97127,-0.23545,-0.20485,-0.0498,-0.46838,0.30258,-0.8301,-0.52391,-0.2487,-0.81466,-0.48288,0.33885,-0.80747,-0.52601,0.25528,-0.81126,-0.4688,0.17718,-0.86535,-0.43125,0.16578,-0.88687,
1.0,-1.0,0.10576,0.89104,-0.44143,0,-0.58885,0.79873,-0.12359,0,-0.08827,-0.21556,-0.97249,-0.21813,-0.38868,-0.09052,-0.60614,-0.53309,0.59026,-0.55497,-0.10653,-0.82502,-0.38087,0.35664,-0.85308,-0.48066,0.34119,-0.80781,-0.44683,0.24109,-0.86152,-0.48991,0.30702,-0.81592,
1.0,-1.0,0.15975,0.87128,-0.46406,0.12083,-0.41553,0.89786,-0.14552,0,-0.1133,-0.20984,-0.97115,-0.2128,-0.4951,-0.11614,-0.65764,-0.69441,0.29207,-0.55123,0.13623,-0.82315,-0.3117,0.3147,-0.89655,-0.42755,0.49716,-0.755,-0.35257,0.39844,-0.84673,-0.71857,0.69219,0.06728,
1.0,-1.0,0.16909,0.87408,-0.45541,0.03378,-0.43283,0.89816,-0.07717,0,-0.11375,-0.13934,-0.98369,-0.14071,-0.68466,-0.11513,0.20657,-0.96874,-0.13738,-0.5794,0.17424,-0.7962,-0.27868,0.32786,-0.90269,-0.35195,0.46215,-0.81397,-0.3155,0.41063,-0.85548,-0.73242,0.67121,0.11416,
1.0,-1.0,0.16271,0.87465,-0.45664,0,-0.45055,0.89032,-0.06587,0,-0.15195,-0.14918,-0.97706,-0.15152,-0.79459,-0.15428,0.17078,-0.00426,-0.9853,-0.54895,0.11237,-0.82827,-0.32644,0.32413,-0.88791,-0.40023,0.45213,-0.79712,-0.44913,0.47535,-0.75652,-0.73207,0.68045,0.03255,
1.0,-1.0,0.15098,0.87106,-0.46739,0,-0.37805,0.92357,0.06397,0,-0.24885,-0.03483,-0.96792,-0.03596,-1.43175,-0.25164,-0.65308,-0.61453,-0.44254,-0.5422,0.23382,-0.80706,-0.3975,0.45336,-0.79778,-0.43295,0.61103,-0.66272,-0.56196,0.70024,-0.44029,-0.66292,0.74829,-0.02467,
1.0,-1.0,0.12749,0.85822,-0.4972,0,-0.24648,0.95809,0.14596,0.47114,-0.39051,0.03966,-0.91975,0.04309,-1.672,-0.40152,-0.40121,0.16945,-0.90018,-0.51789,0.44983,-0.72763,-0.48385,0.46588,-0.74084,-0.46882,0.68272,-0.56044,-0.43357,0.88518,0.16875,-0.55417,0.83115,0.04577,
1.0,-1.0,0.10754,0.8542,-0.50871,0,-0.18257,0.95176,0.2466,0.81471,-0.42811,0.14884,-0.89139,0.16545,-1.90539,-0.44774,-0.68455,-0.72421,0.0831,-0.48114,0.56175,-0.67301,-0.4774,0.49979,-0.7227,-0.39259,0.91421,0.10043,-0.32154,0.84944,0.41841,-0.49169,0.81651,0.30257,
1.0,-1.0,0.08278,0.84477,-0.52869,0,-0.09988,0.97431,0.20184,0.66234,-0.48021,0.13046,-0.8674,0.14929,-1.83607,-0.50562,-0.48598,-0.79339,0.36654,-0.39646,0.61226,-0.68407,-0.48335,0.53747,-0.69101,0.35443,0.21148,0.91085,0.22593,0.18699,0.95603,0.04196,0.23009,0.97226,
1.0,-1.0,0.05318,0.84139,-0.5378,0,-0.01791,0.97551,0.2192,0.5963,-0.49899,0.18126,-0.84744,0.21072,-1.91923,-0.53216,-0.93656,-0.32649,-0.12754,-0.34206,0.65187,-0.67681,-0.46341,0.58819,-0.66279,0.41941,0.10211,0.90204,0.28535,0.0786,0.9552,0.14488,0.14125,0.97931,
1.0,-1.0,0.02307,0.83831,-0.5447,0,0.16445,0.9694,0.18228,0.58709,-0.52314,0.24238,-0.81705,0.28838,-2.00467,-0.56951,-0.89214,0.38452,-0.23712,-0.28537,0.68212,-0.67326,-0.42106,0.62601,-0.65636,0.53685,0.03843,0.8428,0.4037,0.02847,0.91445,0.27073,0.12593,0.95438,
1.0,-1.0,-0.0455,0.83122,-0.55408,0.14835,0.13215,0.98217,-0.1337,0.65332,-0.6936,-0.00474,-0.72035,-0.00657,-1.56397,-0.76648,-0.96764,0.20419,0.14828,-0.52186,0.48966,-0.69849,-0.38263,0.77865,-0.49729,0.67857,0.36407,0.63796,0.55585,0.37162,0.74359,0.40017,0.4459,0.80064,
1.0,-1.0,-0.06311,0.82503,-0.56155,0,0.33276,0.93328,-0.13515,0.50428,-0.68487,0.14065,-0.71496,0.19424,-1.77335,-0.7639,-0.57166,0.684,-0.45315,-0.45806,0.54715,-0.70058,-0.50349,0.5549,-0.66226,0.76375,0.14929,0.62801,0.64706,0.17925,0.74107,0.53656,0.30643,0.78626,
1.0,-1.0,-0.08221,0.82634,-0.55715,0.6518,0.38983,0.90515,-0.16949,0.8174,-0.63627,0.13169,-0.76015,0.17154,-1.77489,-0.69692,-0.54455,-0.62451,0.55987,-0.46207,0.60194,-0.65128,0.47996,0.87283,-0.08839,0.69048,0.27296,0.66987,0.58316,0.30788,0.75175,0.41697,0.46689,0.77984,
1.0,-1.0,-0.11223,0.82425,-0.55498,1,0.39215,0.79286,-0.46647,0.74628,-0.60408,-0.16048,-0.7806,-0.20277,-1.31113,-0.6586,-0.25525,-0.52147,0.8142,-0.4854,0.35882,-0.79727,0.76608,0.53775,0.35206,0.65392,0.53717,0.53276,0.52641,0.59313,0.60917,0.40654,0.66792,0.62338,
1.0,-1.0,-0.11702,0.82878,-0.5472,1,0.45465,0.74342,-0.49054,0.81083,-0.62596,-0.12511,-0.76976,-0.16113,-1.37352,-0.68273,-0.42149,0.82526,-0.3759,-0.43346,0.37094,-0.82129,0.86978,0.4546,0.19189,0.75176,0.38597,0.53468,0.629,0.43322,0.64551,0.50501,0.55584,0.66031,
1.0,-1.0,-0.14376,0.83473,-0.53156,1,0.30495,0.88475,-0.35247,0.7414,-0.72575,-0.02376,-0.68755,-0.03454,-1.53807,-0.81242,-0.57234,0.38436,-0.72436,-0.62051,0.51509,-0.59131,0.86497,0.44817,0.22578,0.78314,0.39595,0.4795,0.67613,0.4211,0.60459,0.53754,0.53372,0.65284,
1.0,-1.0,-0.14414,0.83106,-0.53719,1,0.19354,0.92826,-0.31761,0.92233,-0.76165,-0.0619,-0.64503,-0.09567,-1.48971,-0.86812,0.22275,-0.44864,-0.86551,-0.61535,0.47994,-0.6253,0.76492,0.62176,0.16827,0.70404,0.58576,0.4015,0.64894,0.52283,0.55274,0.47527,0.62207,0.62221,
1.0,-1.0,-0.1388,0.82826,-0.54289,1,0.15167,0.94628,-0.28559,0.92781,-0.74718,-0.07939,-0.65986,-0.11973,-1.46494,-0.84738,0.50731,-0.8368,-0.20592,-0.57394,0.46993,-0.67064,0.76007,0.60665,0.23295,0.67919,0.58848,0.43862,0.62063,0.51483,0.59141,0.46084,0.59863,0.65518,
1.0,-1.0,-0.12887,0.82832,-0.54524,1,0.09743,0.97769,-0.18612,1,-0.70909,-0.06303,-0.70229,-0.08951,-1.48214,-0.79022,0.46283,0.38373,-0.79909,-0.53346,0.49356,-0.68689,0.65251,0.71187,0.25975,0.55793,0.67971,0.47614,0.49612,0.6135,0.61439,0.2547,0.67029,0.69702,
1.0,-1.0,-0.12371,0.83065,-0.54288,1,-0.0178,0.99793,-0.06175,1,-0.65936,-0.05814,-0.74958,-0.07741,-1.48285,-0.72145,0.66249,-0.74655,-0.06136,-0.46375,0.53054,-0.70956,0.37181,0.89094,0.26073,0.23313,0.8754,0.42348,0.17476,0.82453,0.53815,-0.05865,0.79303,0.60636,
1.0,-1.0,-0.11689,0.82824,-0.54804,1,-0.03598,0.99726,-0.06459,1,-0.6305,-0.0728,-0.77276,-0.09393,-1.45585,-0.68437,0.33538,-0.83664,0.43308,-0.43131,0.53408,-0.72714,0.28201,0.93368,0.22071,0.13899,0.91657,0.37495,0.07796,0.87785,0.47256,-0.15965,0.85269,0.49742,
1.0,-1.0,-0.1109,0.82796,-0.54971,1,-0.09447,0.99202,-0.08345,1,-0.63086,-0.1245,-0.76585,-0.16115,-1.37595,-0.68905,0.35993,0.77586,-0.51817,-0.43045,0.50071,-0.751,0.1876,0.96934,0.15873,-0.02786,0.9741,0.22438,-0.06111,0.94144,0.33161,-0.25452,0.88429,0.39147,
1.0,-1.0,-0.10594,0.82964,-0.54815,0.96967,-0.14212,0.9855,-0.09271,1,-0.64559,-0.16329,-0.74602,-0.21548,-1.32307,-0.71335,0.93971,-0.34028,-0.0339,-0.4941,0.47705,-0.72684,0.07026,0.99482,0.07342,-0.14782,0.98149,0.12176,-0.24844,0.96309,0.10364,-0.38682,0.90655,0.16894,
1.0,-1.0,-0.08868,0.83507,-0.54295,0.87626,-0.1304,0.98906,-0.06891,1,-0.60833,-0.1347,-0.78217,-0.17054,-1.35289,-0.66103,0.75331,-0.43472,0.49349,-0.47586,0.49132,-0.72949,0.00918,0.99845,0.05486,-0.25274,0.96753,-0.00129,-0.34107,0.93814,-0.05964,-0.42952,0.90278,0.02248,
1.0,-1.0,-0.07083,0.83395,-0.54728,0.89391,-0.21411,0.96672,-0.14006,1,-0.53995,-0.23661,-0.80776,-0.28496,-1.15778,-0.58924,0.70649,0.64711,-0.28657,-0.46156,0.39772,-0.79295,-0.03702,0.99875,0.03355,-0.09967,0.95714,0.27192,-0.24758,0.94347,0.2204,-0.37509,0.83806,0.39618,
1.0,-1.0,-0.04769,0.83295,-0.55129,1,-0.27568,0.94099,-0.19632,1,-0.45871,-0.30826,-0.83341,-0.35427,-0.9791,-0.50315,0.93916,0.32685,-0.10561,-0.48676,0.30077,-0.82012,0.07218,0.98579,0.15167,0.27247,0.6602,0.69993,0.14701,0.61497,0.77473,-0.04312,0.61032,0.79098,
1.0,-1.0,-0.01115,0.8366,-0.54771,1,-0.25068,0.96185,-0.10958,1,-0.37127,-0.20006,-0.90672,-0.21716,-1.07655,-0.38864,0.60908,0.70587,-0.36163,-0.43354,0.40205,-0.80647,-0.14503,0.98825,0.04826,0.2426,0.52067,0.81856,0.10641,0.45113,0.88609,-0.07386,0.44179,0.89407,
1.0,-1.0,0.01957,0.83849,-0.54456,0.73659,-0.28545,0.95293,-0.10218,0.77831,-0.3098,-0.19264,-0.93108,-0.20402,-1.0145,-0.32121,0.90337,-0.27395,0.32995,-0.58587,0.33512,-0.73787,-0.34095,0.92302,-0.1783,0.09757,0.62264,0.7764,-0.01834,0.54846,0.83598,-0.20692,0.48068,0.85213,
1.0,-1.0,0.04571,0.84177,-0.53789,0.44408,-0.31791,0.93804,-0.13787,0.62147,-0.28963,-0.23455,-0.92796,-0.24757,-0.8901,-0.30254,0.57806,-0.60231,0.55051,-0.60593,0.27064,-0.74806,-0.44711,0.80818,-0.38332,-0.42392,0.90568,-0.00637,-0.3703,0.86177,0.34673,-0.55705,0.74652,0.36388,
1.0,-1.0,0.06139,0.84209,-0.53583,0.35663,-0.35721,0.91893,-0.16725,0.49054,-0.24197,-0.26399,-0.93368,-0.27555,-0.74189,-0.25357,0.80155,-0.32831,0.49974,-0.65559,0.18443,-0.73224,-0.47125,0.74355,-0.4744,-0.44153,0.8967,0.03139,-0.44328,0.85452,0.27075,-0.60927,0.72129,0.32944,
1.0,-1.0,0.07243,0.84748,-0.52586,0.07091,-0.42467,0.89319,-0.14785,0.09879,-0.20368,-0.25338,-0.94568,-0.26178,-0.67709,-0.21214,0.51092,-0.6688,0.54007,-0.69286,0.13467,-0.70838,-0.52126,0.61624,-0.59038,-0.58729,0.72791,-0.3539,-0.58242,0.81283,0.00989,-0.70806,0.70577,0.02331,
1.0,-1.0,0.07997,0.8534,-0.51509,0.15119,-0.48004,0.86521,-0.14481,0.05157,-0.17123,-0.25431,-0.95184,-0.26108,-0.59259,-0.17799,0.83091,0.55443,0.0468,-0.71628,0.08903,-0.69211,-0.54324,0.60095,-0.5863,-0.62087,0.615,-0.48611,-0.64174,0.6584,-0.3933,-0.73728,0.6508,-0.18132,
1.0,-1.0,0.07748,0.8553,-0.51231,0.18326,-0.53992,0.82408,-0.17142,0,-0.13725,-0.28713,-0.94801,-0.29409,-0.44591,-0.14378,0.88288,0.10547,0.45761,-0.75905,-0.04067,-0.64976,-0.57121,0.57214,-0.58853,-0.65087,0.56052,-0.51203,-0.66893,0.57455,-0.47162,-0.71047,0.53747,-0.45426,
1.0,-1.0,0.09022,0.85949,-0.50313,0.18414,-0.58451,0.79104,-0.18056,0,-0.07974,-0.27746,-0.95742,-0.28208,-0.27986,-0.0831,0.37853,0.8814,-0.28259,-0.69959,-0.03975,-0.71344,-0.58589,0.54576,-0.59906,-0.65862,0.51352,-0.55002,-0.66647,0.51208,-0.54184,-0.67586,0.47779,-0.56119,
1.0,-1.0,0.09735,0.86519,-0.49191,0.10539,-0.6153,0.76571,-0.18734,0,-0.02901,-0.25949,-0.96531,-0.2626,-0.11135,-0.03005,0.64947,0.75671,0.07474,-0.66328,-0.0674,-0.74533,-0.58385,0.50108,-0.63878,-0.6462,0.45681,-0.61135,-0.63666,0.45106,-0.62547,-0.61319,0.43248,-0.66103,
1.0,-1.0,0.10138,0.86882,-0.48463,0.03499,-0.64151,0.73906,-0.20558,0,0.01259,-0.25781,-0.96611,-0.26078,0.04879,0.01303,0.56706,-0.22456,0.79248,-0.63757,-0.11731,-0.7614,-0.55864,0.46048,-0.68984,-0.61087,0.3947,-0.68633,-0.60778,0.39892,-0.68663,-0.58073,0.39393,-0.71244,
1.0,-1.0,0.10712,0.87183,-0.47796,0,-0.65246,0.72381,-0.22448,0,0.04591,-0.25792,-0.96508,-0.26115,0.17617,0.04754,0.36266,0.91939,-0.15232,-0.61747,-0.16898,-0.76823,-0.49979,0.42832,-0.75283,-0.56711,0.35722,-0.74214,-0.56978,0.34649,-0.74518,-0.62441,0.3754,-0.68497,
1.0,-1.0,0.10669,0.87993,-0.46298,0,-0.69153,0.68572,-0.22709,0,0.08218,-0.23764,-0.96787,-0.24077,0.33296,0.08471,0.60804,0.62264,0.49255,-0.57954,-0.19147,-0.79213,-0.46055,0.36846,-0.80754,-0.52557,0.28714,-0.80083,-0.50545,0.28148,-0.81565,-0.49478,0.30847,-0.81243,
1.0,-1.0,0.0983,0.89565,-0.43376,0,-0.73617,0.634,-0.23684,0,0.11161,-0.23143,-0.96643,-0.23504,0.44938,0.11498,0.48618,0.72706,0.48479,-0.53433,-0.24368,-0.80939,-0.3257,0.21135,-0.92155,-0.37139,0.16799,-0.91316,-0.3351,0.17131,-0.92648,-0.32207,0.25324,-0.91222,
1.0,-1.0,0.04907,0.92188,-0.38436,0,-0.83753,0.51748,-0.17536,0,0.15115,-0.089,-0.9845,-0.09016,1.03863,0.15234,0.3182,0.94126,0.11304,-0.43338,-0.16844,-0.88533,-0.22426,0.03603,-0.97386,-0.18799,0.09509,-0.97756,-0.11369,0.17913,-0.97723,-0.01182,0.3326,-0.943,
1.0,-1.0,0.02607,0.92641,-0.37561,0,-0.88905,0.43935,-0.12871,0,0.13977,-0.00723,-0.99016,-0.0073,1.51914,0.14024,0.10919,0.9549,-0.27613,-0.42467,-0.25085,-0.8699,-0.20802,0.01259,-0.97804,-0.18179,0.0943,-0.97881,-0.11781,0.19365,-0.97397,-0.0177,0.34414,-0.93875,
1.0,-1.0,0.03777,0.92309,-0.38273,0,-0.88164,0.45459,-0.12676,0,0.15284,0.02091,-0.98803,0.02116,1.70674,0.15347,0.30079,-0.03006,-0.95322,-0.41909,-0.19316,-0.88716,-0.18947,0.05055,-0.98058,-0.15985,0.12762,-0.97886,-0.09836,0.22531,-0.96931,-0.00422,0.37892,-0.92542,
1.0,-1.0,0.07728,0.91624,-0.39311,0,-0.84269,0.53219,-0.08151,0,0.13505,0.06239,-0.98887,0.06301,2.00359,0.13573,-0.10296,-0.84297,-0.52802,-0.44279,-0.05377,-0.89501,-0.18491,0.09949,-0.97771,-0.1479,0.17231,-0.97388,-0.07928,0.26478,-0.96104,0.0534,0.42195,-0.90504,
1.0,-1.0,0.09994,0.91018,-0.40198,0,-0.78962,0.61311,-0.02448,0,0.06491,0.0438,-0.99693,0.0439,2.16436,0.06502,-0.37192,-0.68915,-0.62189,-0.52591,0.0047,-0.85053,-0.18928,0.16037,-0.96874,-0.20943,0.23492,-0.94918,-0.16382,0.26861,-0.94922,-0.07309,0.4524,-0.88881,
1.0,-1.0,0.03208,0.93588,-0.35086,0,-0.71464,0.69889,0.02915,0,-0.03583,0.00503,-0.99935,0.00504,-1.71037,-0.03584,-0.13762,0.53643,-0.83265,-0.66875,-0.07626,-0.73956,-0.11963,0.30199,-0.94578,-0.30691,0.21583,-0.92694,-0.21477,0.26786,-0.93922,-0.09837,0.37486,-0.92185,
1.0,-1.0,0.05284,0.9155,-0.39884,0,-0.60519,0.79547,0.03118,0,-0.15787,-0.08154,-0.98409,-0.08267,-1.09403,-0.15907,-0.4275,0.23285,-0.87351,-0.72226,-0.04594,-0.6901,-0.18224,0.40421,-0.89633,-0.32983,0.34029,-0.88057,-0.34008,0.33457,-0.87887,-0.3214,0.37069,-0.87137,
1.0,-1.0,0.11414,0.86029,-0.49686,0,-0.53913,0.8396,0.06643,0.14574,-0.28635,-0.10856,-0.95195,-0.11355,-1.20843,-0.2922,-0.47341,-0.86688,0.15621,-0.7358,0.12393,-0.66577,-0.38236,0.55745,-0.73692,-0.02245,0.44903,0.89323,-0.56447,0.45028,-0.69183,-0.50502,0.43129,-0.74763,
1.0,-1.0,0.10125,0.84853,-0.51936,0,-0.41119,0.90639,0.09685,0.12553,-0.3316,-0.04977,-0.94211,-0.05277,-1.42183,-0.33844,-0.76958,-0.6223,-0.14314,-0.73169,0.27591,-0.6233,-0.36503,0.66588,-0.65066,0.19701,0.33838,0.92016,-0.62057,0.7737,-0.12761,-0.13567,0.30685,0.94204,
1.0,-1.0,0.07636,0.84076,-0.536,0,-0.32011,0.94066,0.11265,0.25254,-0.35192,-0.00767,-0.936,-0.00819,-1.54901,-0.35963,-0.42495,-0.83961,0.33834,-0.61502,0.42975,-0.66111,-0.36006,0.73168,-0.57879,0.26774,0.27466,0.92351,0.1068,0.23155,0.96694,-0.0551,0.26493,0.96269,
1.0,-1.0,0.05008,0.83664,-0.54545,0,-0.19054,0.97466,0.11716,0.24203,-0.33448,0.04775,-0.94119,0.05069,-1.7126,-0.34145,-0.89393,0.22096,-0.38995,-0.55199,0.50727,-0.6618,-0.29052,0.73572,-0.61181,0.28318,0.23787,0.9291,0.12353,0.20363,0.97122,-0.01748,0.24135,0.97028,
1.0,-1.0,0.02303,0.83491,-0.5499,0.11411,-0.1084,0.9902,0.08811,0.24898,-0.33762,0.04669,-0.94012,0.04963,-1.70823,-0.34478,-0.92241,-0.32224,0.21287,-0.52191,0.5143,-0.68052,-0.23509,0.87914,-0.41453,0.31016,0.24121,0.91957,0.14975,0.21873,0.96423,0.02313,0.25874,0.96567,
1.0,-1.0,-0.00935,0.83063,-0.55675,1,-0.09206,0.9948,-0.04357,0.79018,-0.39298,-0.0765,-0.91636,-0.08329,-1.37853,-0.40513,-0.97412,0.1517,0.16756,-0.43473,0.48467,-0.75901,0.39442,0.52953,0.75102,0.24679,0.52736,0.81301,0.0993,0.49535,0.863,-0.15834,0.50329,0.84949,
2.0,-1.0,0.14636,0.9886,-0.03535,0,-0.0444,0.99022,0.1323,0.95165,-0.1759,0.12261,-0.97674,0.12488,-2.17953,-0.17818,0.16325,0.9511,0.2622,-0.4577,0.58962,-0.66547,-0.01516,0.97215,0.23385,-0.40516,0.59215,-0.69657,-0.29316,0.44621,-0.84555,-0.09278,0.36725,-0.92548,
2.0,-1.0,0.16164,0.98625,-0.03427,0,-0.04153,0.99625,0.07595,0.85864,-0.19997,0.06619,-0.97756,0.06761,-1.89045,-0.20177,0.3167,0.94805,-0.03008,-0.45836,0.5705,-0.68149,-0.0549,0.99355,0.09923,-0.40844,0.58863,-0.69764,-0.29485,0.41793,-0.8593,-0.08469,0.32944,-0.94037,
2.0,-1.0,0.16171,0.98622,-0.03496,0,-0.06388,0.99425,0.08596,0.9295,-0.19865,0.07174,-0.97744,0.07326,-1.91736,-0.2005,0.30105,0.92791,-0.21991,-0.47444,0.56095,-0.67841,-0.04609,0.9854,0.1639,-0.42111,0.57272,-0.70332,-0.30032,0.40481,-0.86368,-0.07912,0.32174,-0.94352,
2.0,-1.0,0.15341,0.98732,-0.04088,0,-0.07286,0.98655,0.14631,0.97678,-0.17858,0.13143,-0.97511,0.13398,-2.20526,-0.18113,-0.2668,-0.9562,-0.12043,-0.46817,0.59409,-0.65412,-0.02826,0.96192,0.27185,-0.41265,0.6165,-0.67056,-0.28695,0.44094,-0.85043,-0.07616,0.3619,-0.9291,
2.0,-1.0,0.14869,0.98814,-0.03836,0,-0.05722,0.98582,0.15777,0.89501,-0.1891,0.14446,-0.97127,0.14765,-2.22317,-0.19229,0.13133,0.98587,0.10394,-0.46079,0.61149,-0.64323,-0.05054,0.97505,0.21618,-0.41235,0.61662,-0.67063,-0.29496,0.44966,-0.84309,-0.08621,0.36758,-0.92599,
2.0,-1.0,0.14364,0.989,-0.03535,0,-0.09456,0.98777,0.12393,0.97884,-0.20644,0.10233,-0.97309,0.10478,-2.031,-0.20904,-0.39702,-0.89892,0.18526,-0.502,0.56422,-0.65548,-0.04252,0.96608,0.25473,-0.45075,0.58225,-0.67661,-0.33103,0.40974,-0.85002,-0.12371,0.3409,-0.93193,
2.0,-1.0,0.15402,0.98627,-0.05955,0.02847,-0.04132,0.99411,0.10023,0,-0.30877,0.0827,-0.94754,0.08705,-1.83248,-0.31501,-0.37136,0.49542,0.78527,-0.49701,0.50463,-0.70593,-0.46474,0.47572,-0.7468,-0.41785,0.30672,-0.85518,-0.35122,0.34514,-0.87036,-0.18273,0.44745,-0.87544,
2.0,-1.0,0.18154,0.98075,-0.07196,0.04112,0.05201,0.97085,0.234,0,-0.3233,0.23806,-0.91586,0.25431,-2.2055,-0.33935,-0.29257,0.69235,-0.65959,-0.37424,0.56748,-0.73342,-0.45349,0.38475,-0.80394,-0.3426,0.41051,-0.84505,-0.24105,0.73493,-0.63386,-0.11188,0.88972,-0.44259,
2.0,-1.0,0.17145,0.98318,-0.06293,0,0.15467,0.97406,0.16519,0,-0.23544,0.19873,-0.95136,0.20593,-2.27184,-0.2426,0.27492,0.95897,-0.06926,-0.48495,0.59141,-0.64425,-0.19304,0.75336,-0.62864,-0.27819,0.39225,-0.87678,-0.20397,0.30781,-0.92933,-0.00819,0.32067,-0.94716,
2.0,-1.0,0.19609,0.97917,-0.05274,0,0.14706,0.97869,0.1433,0.0867,-0.20663,0.17207,-0.96317,0.17679,-2.26521,-0.21132,-0.24608,-0.9519,-0.18256,-0.42255,0.60984,-0.67048,-0.13291,0.89043,-0.43528,-0.26868,0.43432,-0.85975,-0.16378,0.2907,-0.94269,0.14586,0.23758,-0.96035,
2.0,-1.0,0.20249,0.97809,-0.04834,0,0.16659,0.97335,0.15759,0,-0.2091,0.19106,-0.95905,0.19665,-2.31114,-0.21467,-0.2321,-0.97219,-0.03121,-0.41049,0.62052,-0.66816,-0.20526,0.78213,-0.58833,-0.25056,0.47327,-0.84453,-0.15135,0.32313,-0.93418,0.17167,0.25879,-0.95056,
2.0,-1.0,0.2054,0.97807,-0.03462,0,0.09585,0.98578,0.138,0.06976,-0.23298,0.15701,-0.95972,0.16216,-2.1638,-0.23815,0.31607,0.94873,-0.00308,-0.44938,0.61923,-0.64391,-0.21995,0.86665,-0.44782,-0.31135,0.55009,-0.77489,-0.20146,0.40007,-0.89407,0.07676,0.32543,-0.94244,
2.0,-1.0,0.19829,0.97963,-0.03182,0,0.07624,0.98905,0.12638,0.12075,-0.26652,0.14235,-0.95326,0.14824,-2.06136,-0.27263,0.51957,-0.81882,0.24412,-0.51633,0.6039,-0.60721,-0.22584,0.89287,-0.3896,-0.35534,0.57871,-0.73405,-0.25308,0.44377,-0.85966,-0.0344,0.36884,-0.92886,
2.0,-1.0,0.19562,0.98039,-0.02392,0,-0.0261,0.99208,0.1229,0.12044,-0.30408,0.10924,-0.94636,0.11492,-1.91568,-0.3109,-0.13223,-0.99049,-0.0381,-0.65744,0.48432,-0.57724,-0.29957,0.89461,-0.33156,-0.40552,0.64673,-0.64598,-0.29946,0.49858,-0.81348,-0.09966,0.4335,-0.89563,
2.0,-1.0,0.18653,0.98211,-0.02591,0,-0.11007,0.98674,0.11931,0.24543,-0.30568,0.08061,-0.94871,0.08477,-1.82865,-0.31171,-0.4723,-0.79671,-0.37709,-0.6797,0.39939,-0.61522,-0.26613,0.94452,-0.1925,-0.39738,0.79562,-0.45725,-0.33146,0.59672,-0.73079,-0.21498,0.52117,-0.82593,
2.0,-1.0,0.18418,0.98236,-0.03225,0.36086,-0.10183,0.98879,0.10923,0.66747,-0.28757,0.07585,-0.95475,0.07928,-1.8287,-0.29256,-0.34634,-0.92155,0.17545,-0.5224,0.52947,-0.6684,-0.1631,0.98654,-0.01195,-0.37412,0.88514,-0.27668,-0.35977,0.79185,-0.4935,-0.30055,0.75721,-0.57992,
2.0,-1.0,0.18412,0.98218,-0.03776,0.69134,-0.1238,0.98985,0.0698,0.94377,-0.29875,0.0299,-0.95386,0.03134,-1.67055,-0.30352,-0.17889,0.94418,-0.27664,-0.47257,0.51696,-0.71375,-0.07404,0.98353,0.1649,-0.32461,0.94288,-0.07492,-0.36343,0.88757,-0.28307,-0.3844,0.84336,-0.37547,
2.0,-1.0,0.17957,0.98285,-0.04205,1,-0.20641,0.97846,0.00046,1,-0.31464,-0.06593,-0.94692,-0.06951,-1.36425,-0.3208,0.04896,-0.99878,0.00688,-0.41067,0.4504,-0.79278,-0.06517,0.96307,0.26125,-0.32913,0.93983,0.09166,-0.43859,0.88251,-0.16976,-0.51533,0.81169,-0.27496,
2.0,-1.0,0.18447,0.98206,-0.03912,0.78739,-0.14375,0.9885,0.04702,0.88336,-0.28647,0.00391,-0.95808,0.00409,-1.58446,-0.29055,0.51732,-0.22827,-0.82479,-0.45556,0.5128,-0.72767,-0.12262,0.9889,0.08387,-0.34068,0.93588,-0.0898,-0.38221,0.88529,-0.2649,-0.42055,0.83164,-0.36263,
2.0,-1.0,0.16704,0.98556,-0.02774,0.1649,-0.08822,0.99069,0.10371,0.80972,-0.25365,0.07834,-0.96412,0.08107,-1.87034,-0.25726,-0.31989,-0.94601,0.05221,-0.50298,0.5518,-0.66523,-0.11678,0.98995,0.07971,-0.40957,0.79787,-0.44233,-0.35968,0.71451,-0.60009,-0.26999,0.67678,-0.68488,
2.0,-1.0,0.13899,0.98997,-0.02532,0,-0.01854,0.97821,0.20677,0.99069,-0.23407,0.19681,-0.95209,0.20384,-2.26995,-0.24106,0.21448,0.97549,-0.04913,-0.4922,0.65525,-0.57304,0.05832,0.92938,0.36448,-0.41903,0.67533,-0.60691,-0.3304,0.55242,-0.76529,-0.15958,0.4835,-0.86068,
2.0,-1.0,0.12243,0.99212,-0.02668,0,0.07605,0.97052,0.22871,1,-0.2416,0.24047,-0.94011,0.25042,-2.35385,-0.25155,0.07055,0.98815,-0.13632,-0.4385,0.71032,-0.55061,0.17152,0.8967,0.40805,-0.40398,0.64649,-0.64718,-0.32073,0.52191,-0.79041,-0.14822,0.44092,-0.88522,
2.0,-1.0,0.12147,0.99216,-0.02929,0,0.05243,0.97046,0.2355,0.96286,-0.24318,0.24114,-0.93953,0.25123,-2.35199,-0.25327,0.15508,0.97648,-0.14978,-0.47359,0.69835,-0.53667,0.11442,0.92273,0.36808,-0.41859,0.61531,-0.66796,-0.32785,0.48741,-0.80929,-0.14456,0.40888,-0.90107,
2.0,-1.0,0.12952,0.99115,-0.02896,0,0.05625,0.96837,0.24308,0.96042,-0.23856,0.24945,-0.93854,0.25978,-2.3785,-0.24891,0.35448,0.93062,-0.09101,-0.45853,0.70596,-0.53979,0.11438,0.92151,0.37114,-0.39748,0.66132,-0.63613,-0.31012,0.54179,-0.78121,-0.14314,0.46033,-0.87613,
2.0,-1.0,0.15732,0.98725,-0.02428,0,-0.01632,0.98281,0.18391,0.94409,-0.27541,0.1724,-0.94574,0.18031,-2.13009,-0.28337,0.64372,-0.48278,0.59375,-0.47194,0.65201,-0.59342,0.03695,0.95428,0.29661,-0.39858,0.77654,-0.48798,-0.34034,0.62722,-0.70055,-0.20793,0.56567,-0.79799,
2.0,-1.0,0.16633,0.98566,-0.02837,0.1393,-0.12634,0.97973,0.15546,1,-0.26651,0.11743,-0.95665,0.12214,-1.98581,-0.2717,0.23562,-0.73024,0.64127,-0.48131,0.58015,-0.65709,-0.03182,0.94068,0.3378,-0.41479,0.84612,-0.3347,-0.38359,0.64422,-0.6617,-0.27519,0.60766,-0.74499,
2.0,-1.0,0.17685,0.98358,-0.03587,0.51559,-0.11093,0.99154,0.06737,1,-0.2975,0.03155,-0.9542,0.03305,-1.67645,-0.30223,-0.27234,-0.9622,-0.0006,-0.47338,0.50836,-0.71936,-0.00122,0.96245,0.27145,-0.33947,0.93022,-0.13949,-0.39415,0.76841,-0.50418,-0.37305,0.71404,-0.59243,
2.0,-1.0,0.17709,0.98355,-0.03552,0.51184,-0.15184,0.98546,0.07621,1,-0.28563,0.03007,-0.95787,0.03138,-1.67567,-0.28979,0.22471,0.97118,-0.07943,-0.47919,0.51359,-0.71176,-0.06481,0.96718,0.2457,-0.37875,0.90983,-0.16956,-0.40437,0.80059,-0.44221,-0.38831,0.74722,-0.53933,
2.0,-1.0,0.17648,0.98371,-0.0343,0.49487,-0.1168,0.99057,0.07168,1,-0.30442,0.03299,-0.95197,0.03464,-1.67875,-0.3095,-0.48283,-0.87225,-0.07783,-0.46286,0.52978,-0.7107,-0.01613,0.96568,0.25923,-0.35196,0.91888,-0.17829,-0.39283,0.7967,-0.45929,-0.3938,0.73558,-0.55122,
2.0,-1.0,0.14819,0.98878,-0.01902,0.07032,-0.018,0.97996,0.19836,1,-0.26033,0.18696,-0.94725,0.19487,-2.19361,-0.26821,-0.31498,-0.94437,-0.09462,-0.46036,0.6543,-0.59996,0.05419,0.93767,0.34327,-0.39205,0.8004,-0.45348,-0.34724,0.69696,-0.62744,-0.24842,0.62856,-0.73703,
2.0,-1.0,0.13145,0.9911,-0.02099,0,0.04258,0.97766,0.20581,0.99969,-0.25891,0.20976,-0.94285,0.21891,-2.2517,-0.268,-0.40822,-0.90795,-0.09479,-0.46997,0.67885,-0.56417,0.12504,0.92286,0.36427,-0.40784,0.68516,-0.60351,-0.33304,0.55149,-0.76481,-0.17525,0.46582,-0.86735,
2.0,-1.0,0.12445,0.99184,-0.02763,0,0.05228,0.97824,0.20076,1,-0.25763,0.20744,-0.94371,0.21637,-2.24869,-0.2665,-0.28685,-0.94869,-0.13305,-0.46625,0.67449,-0.57242,0.14652,0.91561,0.37443,-0.42186,0.6196,-0.66191,-0.33634,0.48771,-0.80561,-0.15963,0.40586,-0.89989,
2.0,-1.0,0.12996,0.99103,-0.03099,0,0.0817,0.97307,0.21556,0.87601,-0.2578,0.22956,-0.93853,0.23988,-2.2983,-0.26808,-0.22398,-0.97121,0.0812,-0.46587,0.69362,-0.54942,0.08667,0.9606,0.26408,-0.40411,0.60533,-0.68577,-0.31954,0.48232,-0.81564,-0.15182,0.40137,-0.90324,
2.0,-1.0,0.13028,0.99105,-0.02905,0,0.07918,0.97553,0.2051,0.96748,-0.25638,0.21875,-0.9415,0.22829,-2.27716,-0.26586,0.02724,-0.96206,-0.27149,-0.46363,0.68962,-0.55631,0.1374,0.93373,0.33055,-0.40737,0.62268,-0.66808,-0.32222,0.49893,-0.80452,-0.15355,0.41644,-0.8961,
2.0,-1.0,0.128,0.99141,-0.02687,0,0.06742,0.97797,0.19758,0.96119,-0.27204,0.20854,-0.93942,0.21845,-2.22482,-0.28188,0.47086,0.40534,0.78357,-0.48151,0.68099,-0.55173,0.12635,0.93881,0.32043,-0.43038,0.59618,-0.67775,-0.34399,0.46666,-0.8148,-0.17197,0.38611,-0.90628,
2.0,-1.0,0.12975,0.99128,-0.02321,0,0.02221,0.974,0.22547,1,-0.28155,0.22249,-0.9334,0.234,-2.23957,-0.29296,0.39085,0.91867,0.05732,-0.50412,0.67065,-0.54414,0.13743,0.89967,0.41437,-0.45855,0.61226,-0.6441,-0.36892,0.49347,-0.78764,-0.19564,0.42367,-0.88444,
2.0,-1.0,0.15026,0.98864,-0.00456,0,-0.02991,0.95856,0.28332,0.9988,-0.28473,0.26353,-0.92167,0.2785,-2.31755,-0.29963,0.48113,0.78819,0.38375,-0.53443,0.67854,-0.50396,0.0721,0.88821,0.45375,-0.46851,0.66155,-0.58553,-0.38343,0.57033,-0.72643,-0.2213,0.51492,-0.82818,
2.0,-1.0,0.20279,0.97895,0.02308,0,0.01104,0.93963,0.342,0.19769,-0.26703,0.33237,-0.90456,0.35213,-2.46478,-0.28705,0.58239,-0.49887,0.64183,-0.42728,0.72126,-0.54517,-0.24384,0.95926,-0.14271,-0.38643,0.70841,-0.59062,-0.31078,0.64594,-0.69726,-0.20471,0.59299,-0.77876,
2.0,-1.0,0.17375,0.98452,0.02306,0,-0.10837,0.95193,0.28651,0.84437,-0.28859,0.24568,-0.9254,0.2595,-2.27605,-0.30229,0.60831,0.60687,0.51154,-0.56194,0.64286,-0.52054,-0.12879,0.94561,0.29873,-0.5077,0.61448,-0.60387,-0.4119,0.57027,-0.71073,-0.23499,0.53685,-0.81029,
2.0,-1.0,0.15697,0.98755,0.01049,0,-0.14241,0.97108,0.19165,0.93426,-0.30366,0.14143,-0.94223,0.14899,-2.00666,-0.31177,-0.71616,-0.417,-0.55967,-0.62963,0.54053,-0.55803,-0.08097,0.94696,0.31098,-0.55582,0.46229,-0.6909,-0.43732,0.36697,-0.82103,-0.22784,0.33463,-0.91439,
2.0,-1.0,0.1884,0.98208,-0.00404,0,-0.0087,0.98898,0.1478,0.17695,-0.28842,0.13905,-0.94735,0.14573,-2.02002,-0.29553,-0.08715,0.88377,-0.45974,-0.6136,0.56045,-0.55623,-0.30772,0.90524,-0.29299,-0.44985,0.49674,-0.74222,-0.32639,0.42556,-0.84402,-0.09886,0.3825,-0.91865,
2.0,-1.0,0.19489,0.98063,-0.01948,0,0.06996,0.98602,0.15122,0,-0.27637,0.16481,-0.94681,0.17235,-2.10852,-0.28401,-0.19702,-0.9692,-0.14777,-0.62346,0.56956,-0.53563,-0.37125,0.76479,-0.52656,-0.40312,0.52387,-0.75037,-0.26992,0.45019,-0.85116,0.04896,0.40474,-0.91312,
2.0,-1.0,0.20126,0.97909,-0.02978,0,0.08867,0.98673,0.13602,0,-0.23447,0.1534,-0.95995,0.15846,-2.15014,-0.23956,-0.28666,-0.75044,-0.59554,-0.61425,0.57276,-0.54281,-0.34004,0.7409,-0.57918,-0.35199,0.49367,-0.79523,-0.22258,0.43163,-0.87416,0.15463,0.40984,-0.89895,
2.0,-1.0,0.20014,0.97893,-0.04044,0,0.10701,0.98392,0.14301,0,-0.22758,0.16425,-0.95981,0.16949,-2.19596,-0.23281,-0.54883,0.15255,-0.8219,-0.60658,0.5883,-0.53475,-0.33595,0.73194,-0.59279,-0.33655,0.47708,-0.81187,-0.20563,0.41657,-0.88554,0.20084,0.38108,-0.90247,
2.0,-1.0,0.19063,0.98034,-0.05086,0,0.15092,0.97532,0.16116,0,-0.25352,0.19576,-0.94732,0.20378,-2.22834,-0.26149,0.1443,0.98953,0.00016,-0.5851,0.61094,-0.5333,-0.33591,0.69391,-0.63691,-0.32795,0.48621,-0.80997,-0.21335,0.42385,-0.88025,0.11776,0.36334,-0.92418,
2.0,-1.0,0.21749,0.97517,-0.04182,0,0.10098,0.98896,0.10842,0.00701,-0.28219,0.13298,-0.9501,0.13906,-2.01117,-0.28871,0.94613,-0.25822,0.19533,-0.54189,0.59729,-0.59127,-0.21841,0.87431,-0.43345,-0.30984,0.68181,-0.66268,-0.23211,0.52558,-0.81847,0.00956,0.46708,-0.88416,
2.0,-1.0,0.17535,0.98321,-0.05056,0,-0.08903,0.98078,0.17364,0.89647,-0.21993,0.15067,-0.96381,0.15507,-2.17144,-0.22435,0.53342,0.72579,0.43439,-0.50443,0.59499,-0.62573,-0.072,0.96796,0.24057,-0.42165,0.65848,-0.62339,-0.29485,0.43966,-0.84839,-0.08666,0.38306,-0.91965,
2.0,-1.0,0.16213,0.98608,-0.03697,0,-0.14499,0.96886,0.20072,1,-0.19691,0.17055,-0.96547,0.17485,-2.28458,-0.20119,0.13353,0.99028,-0.03896,-0.5339,0.58286,-0.61255,-0.05512,0.91803,0.39266,-0.43841,0.67248,-0.5963,-0.321,0.4951,-0.80736,-0.14819,0.45132,-0.87997,
2.0,-1.0,0.15457,0.98727,-0.03749,0,-0.15935,0.96229,0.22045,1,-0.20742,0.18569,-0.96047,0.19097,-2.30096,-0.21269,0.22223,0.97453,-0.03002,-0.52995,0.58987,-0.60927,-0.07553,0.91463,0.39718,-0.46462,0.66553,-0.58412,-0.33753,0.4807,-0.80932,-0.15534,0.4313,-0.88873,
2.0,-1.0,0.15118,0.9878,-0.03732,0,-0.08051,0.96777,0.23862,1,-0.22026,0.21621,-0.95118,0.22351,-2.34692,-0.22755,-0.34766,-0.93627,-0.05021,-0.49466,0.64908,-0.57793,0.00014,0.91416,0.40535,-0.4344,0.66813,-0.60407,-0.32785,0.52463,-0.78567,-0.13223,0.45873,-0.87868,
2.0,-1.0,0.16173,0.98629,-0.03279,0,0.0845,0.97719,0.19483,0.96496,-0.27047,0.21068,-0.93939,0.22062,-2.23257,-0.28034,-0.48505,-0.87437,0.01384,-0.44425,0.69124,-0.56994,0.13,0.94553,0.29846,-0.36338,0.75296,-0.54864,-0.30914,0.61324,-0.72689,-0.16021,0.53496,-0.82955,
2.0,-1.0,0.23152,0.97236,-0.03029,0,0.28042,0.93751,0.206,0.18984,-0.29667,0.28875,-0.91028,0.30717,-2.34267,-0.31505,0.40021,0.90706,-0.13065,-0.36997,0.75408,-0.54266,-0.01208,0.96297,-0.26932,-0.20456,0.78233,-0.58831,-0.19234,0.63245,-0.75034,-0.03441,0.52006,-0.85344,
2.0,-1.0,0.23168,0.97228,-0.03159,0,0.29953,0.93314,0.1988,0.41794,-0.28629,0.28668,-0.91425,0.30385,-2.35687,-0.30347,-0.13853,-0.97329,-0.18308,-0.36241,0.76183,-0.53692,0.12963,0.98781,-0.0862,-0.14079,0.85141,-0.50526,-0.15048,0.69657,-0.70153,-0.0316,0.56796,-0.82245,
2.0,-1.0,0.21653,0.97588,-0.02779,0,0.19645,0.96159,0.19168,0.67879,-0.23241,0.23559,-0.94365,0.24465,-2.36298,-0.24148,0.72384,0.01626,0.68977,-0.36862,0.7112,-0.5986,0.11991,0.99069,0.06453,-0.19165,0.85244,-0.48644,-0.17092,0.71008,-0.68306,-0.0716,0.60873,-0.79014,
2.0,-1.0,0.22393,0.9742,-0.0281,0,0.14861,0.97695,0.15326,0.79281,-0.24211,0.18621,-0.95221,0.19312,-2.22641,-0.24899,0.29938,0.94874,0.10135,-0.38393,0.66567,-0.6399,0.124,0.98492,0.12064,-0.19569,0.87703,-0.43878,-0.19152,0.69487,-0.69316,-0.10231,0.58683,-0.80322,
2.0,-1.0,0.21074,0.97726,-0.02354,0,0.1804,0.95474,0.23648,0.72825,-0.22421,0.27401,-0.93523,0.28501,-2.45582,-0.23529,-0.06313,0.73834,-0.67146,-0.37462,0.73839,-0.56076,0.12277,0.98077,0.15171,-0.22602,0.82999,-0.50994,-0.17921,0.73172,-0.65762,-0.08012,0.64695,-0.75831,
2.0,-1.0,0.18387,0.98231,-0.03544,0.13447,0.12377,0.97326,0.19353,1,-0.27983,0.22135,-0.93419,0.23265,-2.24003,-0.29104,-0.57061,0.81726,-0.08055,-0.39938,0.70332,-0.58807,0.23039,0.88924,0.39518,-0.20294,0.95489,-0.21679,-0.22489,0.88133,-0.41556,-0.22293,0.82399,-0.52091,
2.0,-1.0,0.19515,0.97992,-0.04095,0.2015,0.20969,0.96234,0.17302,0.98055,-0.30574,0.23262,-0.92326,0.24681,-2.2212,-0.31979,-0.64706,-0.76154,0.03693,-0.24808,0.6824,-0.68759,0.25392,0.9358,0.24455,-0.01031,0.99671,-0.0804,-0.10421,0.89054,-0.44281,-0.12952,0.82655,-0.54776,
2.0,-1.0,0.20214,0.97857,-0.03923,0.14948,0.2618,0.95434,0.14385,0.82812,-0.3199,0.22643,-0.92,0.24132,-2.18674,-0.33464,0.19117,0.98152,0.00836,-0.217,0.667,-0.71276,0.23327,0.97192,0.03084,0.01241,0.9781,-0.20777,-0.04787,0.90862,-0.41488,-0.10501,0.8161,-0.56829,
2.0,-1.0,0.18502,0.98223,-0.03149,0.08011,0.19771,0.96698,0.1608,1,-0.31169,0.21754,-0.92495,0.23099,-2.18014,-0.32503,0.22456,-0.97445,-0.00389,-0.35004,0.69637,-0.62653,0.27378,0.91322,0.3018,-0.15976,0.93784,-0.30812,-0.18171,0.84578,-0.50163,-0.17239,0.76912,-0.61542,
2.0,-1.0,0.19903,0.97911,-0.04167,0.32672,0.14679,0.98004,0.13406,1,-0.32361,0.17565,-0.92974,0.18672,-2.06807,-0.33495,-0.58814,0.80576,-0.06959,-0.20835,0.66153,-0.72039,0.21373,0.94321,0.25431,-0.05847,0.99381,-0.09442,-0.13231,0.9116,-0.38921,-0.17334,0.86227,-0.47587,
2.0,-1.0,0.19832,0.97937,-0.03889,0.1804,0.20947,0.97051,0.11932,1,-0.33436,0.18576,-0.92395,0.19841,-2.07791,-0.34722,0.17813,0.97884,0.10076,-0.24772,0.65983,-0.70941,0.23696,0.96023,0.14765,-0.05771,0.96713,-0.24766,-0.09451,0.90291,-0.4193,-0.13741,0.82449,-0.54893,
2.0,-1.0,0.19485,0.98008,-0.03835,0.20089,0.17347,0.97525,0.13711,1,-0.34001,0.18997,-0.92104,0.2034,-2.0803,-0.35364,-0.97523,-0.12752,-0.18075,-0.20762,0.65214,-0.72911,0.19969,0.96891,0.14604,-0.07034,0.97418,-0.21452,-0.11533,0.9105,-0.39709,-0.16818,0.83454,-0.52465,
2.0,-1.0,0.19429,0.98028,-0.03605,0.15238,0.19893,0.96807,0.15256,1,-0.32804,0.21246,-0.92046,0.22685,-2.14553,-0.34236,0.23302,0.97246,-0.00565,-0.16861,0.66463,-0.7279,0.24777,0.94275,0.22321,-0.03468,0.98252,-0.18292,-0.098,0.91095,-0.4007,-0.14895,0.83683,-0.52681,
2.0,-1.0,0.16681,0.98565,-0.0259,0.11712,0.17337,0.96873,0.17752,1,-0.32597,0.22653,-0.91784,0.24198,-2.17813,-0.34125,-0.21349,-0.97694,0.00449,-0.38833,0.70997,-0.58748,0.24966,0.91662,0.31221,-0.21873,0.92416,-0.31318,-0.24181,0.82386,-0.51262,-0.22315,0.7546,-0.61708,
2.0,-1.0,0.1974,0.9795,-0.04013,0.17472,0.19897,0.97117,0.13129,1,-0.33298,0.19299,-0.92297,0.20613,-2.09608,-0.34623,0.20831,0.9592,-0.19116,-0.17933,0.65481,-0.73421,0.22789,0.96213,0.14961,-0.01752,0.98834,-0.15128,-0.08368,0.9231,-0.37534,-0.13689,0.85419,-0.50162,
2.0,-1.0,0.18702,0.98153,-0.04031,0.3397,0.13356,0.97901,0.15397,1,-0.33323,0.19068,-0.92336,0.20364,-2.09053,-0.34634,0.14731,0.98781,0.05026,-0.18881,0.66839,-0.71945,0.2447,0.89148,0.38129,-0.01932,0.98953,0.14303,-0.14515,0.94201,-0.30256,-0.19655,0.88283,-0.42659,
2.0,-1.0,0.18847,0.98131,-0.03896,0.38863,0.16704,0.97267,0.16125,1,-0.3263,0.20887,-0.9219,0.2228,-2.14019,-0.34018,-0.64122,-0.07458,0.76373,-0.17641,0.67645,-0.71505,0.24882,0.91421,0.31985,-0.0114,0.99866,0.05046,-0.11971,0.94262,-0.31167,-0.17715,0.89649,-0.40612,
2.0,-1.0,0.1963,0.97985,-0.03682,0.20948,0.21597,0.96455,0.15166,1,-0.34241,0.22028,-0.91336,0.23666,-2.14247,-0.35867,0.38017,0.92375,-0.04645,-0.20542,0.66915,-0.71417,0.24837,0.9515,0.18155,-0.01261,0.99269,-0.12007,-0.07294,0.93474,-0.34776,-0.12929,0.86668,-0.48182,
2.0,-1.0,0.18796,0.9807,-0.05377,0,-0.04571,0.98744,0.15124,0.22157,-0.18801,0.14019,-0.97211,0.14322,-2.21151,-0.19104,-0.21411,-0.97605,-0.03856,-0.41071,0.5766,-0.7063,-0.24067,0.8907,-0.38567,-0.32548,0.63398,-0.70152,-0.22967,0.45137,-0.86227,-0.04036,0.36319,-0.93084,
2.0,-1.0,0.18886,0.98061,-0.05229,0,-0.04199,0.99237,0.11594,0.24571,-0.19167,0.10588,-0.97573,0.10809,-2.07551,-0.19397,-0.26413,-0.93192,-0.24852,-0.4339,0.57471,-0.69386,-0.23808,0.89963,-0.36603,-0.33618,0.62039,-0.70859,-0.22897,0.45027,-0.86303,-0.03331,0.36908,-0.9288,
2.0,-1.0,0.18948,0.98047,-0.05276,0,-0.00564,0.99204,0.12577,0.21199,-0.19928,0.12213,-0.9723,0.12496,-2.12062,-0.20216,-0.17425,-0.96381,0.20176,-0.42441,0.59335,-0.68397,-0.21441,0.90254,-0.37343,-0.32335,0.65142,-0.68636,-0.23206,0.47126,-0.85092,-0.04492,0.37844,-0.92453,
2.0,-1.0,0.19624,0.97927,-0.05023,0,-0.04327,0.99307,0.10925,0.2996,-0.19638,0.09877,-0.97554,0.1009,-2.0368,-0.19865,0.23438,0.97205,0.01364,-0.4129,0.57864,-0.70334,-0.22407,0.91241,-0.34249,-0.32431,0.66608,-0.67169,-0.23004,0.46157,-0.85676,-0.03868,0.38587,-0.92174,
2.0,-1.0,0.18682,0.98096,-0.05305,0,-0.04841,0.99524,0.08458,0.37612,-0.19346,0.07374,-0.97833,0.07523,-1.93495,-0.19522,-0.22934,-0.97296,0.02737,-0.42441,0.54444,-0.72351,-0.21446,0.92604,-0.31058,-0.3448,0.62095,-0.70394,-0.24953,0.44546,-0.85982,-0.05784,0.34832,-0.93559,
2.0,-1.0,0.18502,0.98137,-0.05177,0,-0.04115,0.99022,0.13331,0.38125,-0.17634,0.12413,-0.97647,0.12644,-2.18415,-0.17866,-0.41892,0.69501,-0.58435,-0.41084,0.58819,-0.69659,-0.2034,0.94388,-0.26022,-0.32795,0.64613,-0.68918,-0.22664,0.47189,-0.85203,-0.0314,0.39589,-0.91776,
2.0,-1.0,0.17206,0.98363,-0.05363,0,-0.06707,0.98648,0.14952,0.46885,-0.16392,0.13693,-0.97692,0.13926,-2.26671,-0.16624,0.17086,0.98523,0.01128,-0.41625,0.59249,-0.6897,-0.21052,0.95984,-0.18542,-0.34463,0.63035,-0.69562,-0.24457,0.46157,-0.85273,-0.05765,0.38404,-0.92152,
2.0,-1.0,0.18911,0.98064,-0.05074,0,-0.06493,0.99081,0.11866,0.30351,-0.18881,0.10457,-0.97643,0.10669,-2.07658,-0.19101,-0.16777,-0.98522,0.03449,-0.41106,0.56277,-0.71716,-0.23971,0.90737,-0.34529,-0.33967,0.6455,-0.68407,-0.24526,0.47065,-0.84755,-0.05357,0.38656,-0.92071,
2.0,-1.0,0.1927,0.97999,-0.0498,0,-0.05873,0.99224,0.1096,0.30876,-0.18536,0.09704,-0.97787,0.09891,-2.05308,-0.18733,-0.12443,-0.99223,0.00237,-0.40511,0.57606,-0.70996,-0.228,0.9142,-0.33504,-0.33278,0.65912,-0.67441,-0.23242,0.46941,-0.85184,-0.02839,0.40165,-0.91535,
2.0,-1.0,0.1871,0.98107,-0.05002,0,-0.06314,0.98845,0.13776,0.30119,-0.18584,0.12398,-0.97473,0.12651,-2.1591,-0.1884,0.49675,0.75349,0.43069,-0.41734,0.58521,-0.69524,-0.2402,0.91653,-0.31981,-0.34138,0.65858,-0.67062,-0.24205,0.46648,-0.85077,-0.04244,0.39759,-0.91658,
2.0,-1.0,0.18948,0.98065,-0.04925,0,-0.03703,0.99114,0.12753,0.30803,-0.184,0.11867,-0.97574,0.12103,-2.1436,-0.18639,0.09752,0.90479,-0.41454,-0.42484,0.59028,-0.68635,-0.21216,0.92697,-0.30938,-0.32642,0.63415,-0.70093,-0.2257,0.46618,-0.85542,-0.03406,0.39658,-0.91737,
2.0,-1.0,0.18472,0.98146,-0.0511,0,-0.02235,0.99475,0.09989,0.39773,-0.19,0.09387,-0.97729,0.09576,-2.02967,-0.19202,-0.14291,-0.97598,0.16442,-0.42688,0.57124,-0.70104,-0.18454,0.94554,-0.26813,-0.33546,0.65006,-0.68182,-0.24418,0.45845,-0.85452,-0.05879,0.36657,-0.92853,
2.0,-1.0,0.19685,0.97927,-0.04773,0,-0.04461,0.99258,0.11312,0.29247,-0.18066,0.10335,-0.9781,0.10527,-2.09042,-0.18264,-0.06162,-0.99541,0.0732,-0.40669,0.573,-0.71153,-0.21415,0.91192,-0.35005,-0.31764,0.67824,-0.66264,-0.22069,0.48286,-0.84743,-0.03191,0.4,-0.91596,
2.0,-1.0,0.19348,0.97991,-0.04842,0,-0.03273,0.99114,0.12874,0.28534,-0.18772,0.12042,-0.97481,0.12291,-2.14118,-0.19024,0.64203,0.12723,0.75605,-0.4036,0.58644,-0.70228,-0.21521,0.91341,-0.3455,-0.31906,0.68814,-0.65167,-0.23105,0.47849,-0.84715,-0.04604,0.40674,-0.91238,
2.0,-1.0,0.18527,0.98129,-0.05232,0,-0.03538,0.9934,0.10907,0.45241,-0.17739,0.10116,-0.97893,0.10297,-2.08907,-0.17926,0.19963,0.97934,0.03238,-0.41045,0.5852,-0.69933,-0.17826,0.96046,-0.21388,-0.32857,0.65319,-0.68219,-0.23174,0.47113,-0.85108,-0.03531,0.39812,-0.91665,
2.0,-1.0,0.18795,0.9808,-0.05194,0,-0.06219,0.9896,0.12968,0.34735,-0.17055,0.11748,-0.97832,0.11951,-2.17399,-0.17259,-0.0203,-0.97039,0.2407,-0.40854,0.57288,-0.71056,-0.22137,0.9284,-0.29845,-0.32447,0.65348,-0.68387,-0.22516,0.45829,-0.85981,-0.02765,0.39098,-0.91998,
2.0,-1.0,0.19397,0.97967,-0.0512,0,-0.05364,0.98954,0.1339,0.30375,-0.17142,0.12298,-0.97749,0.12515,-2.19312,-0.1736,0.16199,0.97773,0.13346,-0.39818,0.6004,-0.69352,-0.21246,0.92749,-0.3076,-0.31236,0.66038,-0.68289,-0.20697,0.45788,-0.86459,-0.00598,0.39188,-0.92,
2.0,-1.0,0.19471,0.97953,-0.05102,0,-0.03854,0.99456,0.09673,0.26429,-0.1983,0.08726,-0.97625,0.08915,-1.98534,-0.2004,0.25396,0.93886,0.23246,-0.42872,0.57477,-0.69702,-0.21851,0.90774,-0.35812,-0.33035,0.65193,-0.68254,-0.23283,0.44257,-0.86598,-0.0364,0.36608,-0.92987,
2.0,-1.0,0.18919,0.98059,-0.05159,0,-0.03915,0.99244,0.11631,0.28469,-0.18255,0.10734,-0.97732,0.10939,-2.10233,-0.18466,-0.25724,0.74407,-0.61659,-0.425,0.57157,-0.70192,-0.21811,0.91627,-0.33599,-0.32529,0.6298,-0.70537,-0.22525,0.47249,-0.85207,-0.03404,0.39598,-0.91763,
2.0,-1.0,0.19376,0.97975,-0.05052,0,-0.05175,0.99077,0.12528,0.20419,-0.1826,0.11395,-0.97656,0.11616,-2.12868,-0.18485,0.17937,0.9815,-0.06699,-0.41493,0.58071,-0.70044,-0.23734,0.88678,-0.3966,-0.31707,0.63607,-0.70347,-0.21865,0.45091,-0.86537,-0.01622,0.37721,-0.92599,
2.0,-1.0,0.19536,0.97945,-0.05002,0,-0.02733,0.99331,0.1122,0.17718,-0.19337,0.10487,-0.97551,0.10709,-2.06772,-0.19568,0.20641,0.97837,0.01338,-0.42485,0.57029,-0.70305,-0.22561,0.87746,-0.42327,-0.31553,0.61703,-0.72091,-0.22162,0.44661,-0.86685,-0.02877,0.35533,-0.9343,
2.0,-1.0,0.18681,0.98109,-0.05062,0,-0.05453,0.99115,0.12107,0.30254,-0.17849,0.10962,-0.97782,0.11164,-2.12157,-0.18055,-0.09141,0.63193,-0.76962,-0.41791,0.57839,-0.70058,-0.22772,0.91689,-0.32781,-0.33264,0.62522,-0.70601,-0.23079,0.45234,-0.86147,-0.0339,0.3748,-0.92649,
2.0,-1.0,0.19396,0.97971,-0.05055,0,-0.03904,0.99076,0.12991,0.23729,-0.17809,0.12103,-0.97654,0.1233,-2.16769,-0.18038,-0.22151,-0.97104,-0.08954,-0.40502,0.58031,-0.70654,-0.22242,0.89787,-0.37993,-0.311,0.64973,-0.69364,-0.2157,0.47421,-0.85358,-0.01479,0.39525,-0.91845,
2.0,-1.0,0.19104,0.98025,-0.05116,0,-0.04076,0.98971,0.13712,0.24988,-0.18161,0.12761,-0.97506,0.13014,-2.18333,-0.18414,-0.30932,-0.95014,-0.03931,-0.41704,0.59705,-0.68528,-0.22429,0.91146,-0.34487,-0.3204,0.62746,-0.70967,-0.21531,0.45066,-0.86634,-0.01059,0.38394,-0.9233,
2.0,-1.0,0.18379,0.98161,-0.05152,0,-0.04094,0.99106,0.12695,0.30633,-0.17921,0.11771,-0.97674,0.11994,-2.15198,-0.18146,-0.20504,-0.97705,0.05766,-0.4304,0.57452,-0.69619,-0.2187,0.92362,-0.3148,-0.33327,0.62721,-0.70394,-0.23344,0.4582,-0.85765,-0.04005,0.37295,-0.92699,
2.0,-1.0,0.1816,0.98196,-0.05271,0,-0.03179,0.99255,0.11763,0.37635,-0.18186,0.10998,-0.97715,0.11208,-2.11471,-0.18401,-0.03988,-0.40734,-0.9124,-0.41644,0.58359,-0.69714,-0.19687,0.94525,-0.26026,-0.33327,0.6213,-0.70917,-0.23253,0.44824,-0.86314,-0.03307,0.35955,-0.93254,
2.0,-1.0,0.18391,0.98167,-0.04996,0,-0.06325,0.99032,0.12356,0.38538,-0.17984,0.11047,-0.97747,0.11254,-2.12164,-0.18195,0.70701,0.52083,-0.47841,-0.40362,0.57998,-0.70761,-0.22475,0.93447,-0.27613,-0.34468,0.65193,-0.67541,-0.24448,0.47216,-0.84693,-0.04614,0.39468,-0.91766,
2.0,-1.0,0.18809,0.98086,-0.05032,0,-0.05471,0.99197,0.11401,0.30959,-0.18277,0.1023,-0.97782,0.10424,-2.08105,-0.18479,0.28581,0.95785,-0.02876,-0.42374,0.57095,-0.70318,-0.22855,0.91562,-0.33076,-0.33291,0.63045,-0.70121,-0.23165,0.45774,-0.85838,-0.04104,0.37967,-0.92421,
2.0,-1.0,0.19147,0.98028,-0.04881,0,-0.04713,0.99328,0.10571,0.30658,-0.19008,0.09498,-0.97716,0.09689,-2.03418,-0.19212,0.23302,0.97204,0.02889,-0.41851,0.57107,-0.70621,-0.21785,0.9174,-0.33305,-0.33286,0.64517,-0.68772,-0.24007,0.46083,-0.8544,-0.0481,0.37755,-0.92474,
2.0,-1.0,0.1904,0.98038,-0.05097,0,-0.06455,0.99311,0.09783,0.34469,-0.18996,0.08401,-0.97819,0.08567,-1.98718,-0.19181,0.28065,0.94548,-0.16522,-0.41143,0.55674,-0.72164,-0.23239,0.91391,-0.33281,-0.34286,0.64112,-0.6866,-0.24036,0.44403,-0.86317,-0.03727,0.37064,-0.92803,
2.0,-1.0,0.19179,0.98019,-0.04942,0,-0.05103,0.98993,0.13203,0.22991,-0.18724,0.12038,-0.97491,0.12285,-2.14218,-0.18974,-0.18239,-0.97573,0.12122,-0.41048,0.58219,-0.70183,-0.24086,0.8932,-0.37972,-0.32771,0.63394,-0.70052,-0.22882,0.45835,-0.85881,-0.03084,0.38198,-0.92365,
2.0,-1.0,0.18844,0.98074,-0.05128,0,-0.05895,0.99309,0.10149,0.39663,-0.17879,0.08952,-0.97981,0.09112,-2.03502,-0.18049,0.41969,0.57452,0.7027,-0.4107,0.57314,-0.7091,-0.20901,0.93981,-0.2703,-0.33758,0.66099,-0.67018,-0.24145,0.47862,-0.84417,-0.04279,0.41605,-0.90834,
2.0,-1.0,0.19642,0.97927,-0.04947,0,-0.04962,0.99096,0.12462,0.23735,-0.17874,0.11395,-0.97728,0.11607,-2.13834,-0.1809,0.60676,0.75524,0.24789,-0.41258,0.57571,-0.70592,-0.22574,0.89841,-0.3767,-0.31491,0.65357,-0.68824,-0.21806,0.47528,-0.85239,-0.01816,0.41123,-0.91135,
2.0,-1.0,0.19446,0.97965,-0.04969,0,-0.03041,0.99062,0.13325,0.23719,-0.18216,0.12559,-0.97522,0.12807,-2.17439,-0.18466,0.66963,-0.11532,0.73368,-0.41583,0.58679,-0.69481,-0.21707,0.90512,-0.36556,-0.31229,0.6504,-0.69243,-0.21412,0.46536,-0.85883,-0.01573,0.39522,-0.91845,
2.0,-1.0,0.1869,0.98109,-0.0504,0,-0.04759,0.99234,0.11397,0.3946,-0.17402,0.10412,-0.97922,0.10593,-2.10998,-0.17588,0.22739,0.9713,0.06984,-0.41858,0.57984,-0.69898,-0.2027,0.94349,-0.26217,-0.3308,0.63435,-0.69869,-0.2238,0.46757,-0.85515,-0.03113,0.4029,-0.91471,
2.0,-1.0,0.1863,0.98123,-0.04987,0,-0.05219,0.99088,0.12426,0.34939,-0.18521,0.11266,-0.97622,0.1149,-2.1173,-0.18749,0.13438,0.94304,-0.30433,-0.41003,0.5822,-0.70209,-0.22098,0.92828,-0.2991,-0.33613,0.63993,-0.69102,-0.23917,0.4547,-0.85793,-0.04713,0.38076,-0.92347,
2.0,-1.0,0.19202,0.98014,-0.04956,0,-0.05232,0.99063,0.12615,0.29464,-0.19379,0.11385,-0.97441,0.11631,-2.10197,-0.19631,-0.19888,-0.97076,0.13443,-0.41685,0.57349,-0.70523,-0.23014,0.91062,-0.34322,-0.33432,0.65797,-0.67476,-0.23858,0.45028,-0.86042,-0.04352,0.37117,-0.92754,
2.0,-1.0,0.18676,0.9811,-0.05066,0,-0.08635,0.98822,0.12635,0.30184,-0.18758,0.10843,-0.97625,0.11061,-2.09489,-0.18983,0.18466,0.97398,-0.13137,-0.42324,0.56582,-0.70761,-0.2605,0.90321,-0.34112,-0.35271,0.62534,-0.69609,-0.248,0.43819,-0.86399,-0.03942,0.37182,-0.92747,
2.0,-1.0,0.18653,0.9811,-0.05153,0,-0.06838,0.99091,0.11584,0.38471,-0.17609,0.1023,-0.97904,0.10411,-2.0971,-0.17795,-0.6547,-0.69494,0.29736,-0.41814,0.56974,-0.7075,-0.22485,0.93443,-0.27619,-0.34139,0.63068,-0.69693,-0.23438,0.45279,-0.86026,-0.02706,0.38613,-0.92205,
2.0,-1.0,0.16803,0.98422,-0.05539,0,-0.07225,0.99039,0.1179,0.56437,-0.16391,0.10481,-0.98089,0.10645,-2.13971,-0.16557,0.13123,0.99069,-0.03636,-0.43713,0.56733,-0.69789,-0.19005,0.97343,-0.1277,-0.36035,0.60294,-0.71177,-0.2471,0.44241,-0.8621,-0.04908,0.36579,-0.9294,
2.0,-1.0,0.17473,0.98322,-0.05249,0,-0.07822,0.98773,0.13517,0.51821,-0.16349,0.12104,-0.97909,0.123,-2.20808,-0.16546,-0.16169,-0.98295,-0.08752,-0.4196,0.58188,-0.69667,-0.20664,0.96606,-0.155,-0.35734,0.65913,-0.66171,-0.24977,0.45389,-0.85533,-0.04439,0.38409,-0.92223,
2.0,-1.0,0.19721,0.97898,-0.05197,0,-0.06161,0.99336,0.09714,0.35868,-0.1862,0.08418,-0.9789,0.08578,-1.9954,-0.18797,0.25482,0.85489,0.45192,-0.3904,0.57682,-0.71754,-0.22003,0.92398,-0.3128,-0.32462,0.68577,-0.65142,-0.2241,0.47282,-0.85218,-0.01217,0.41534,-0.90958,
2.0,-1.0,0.19856,0.97882,-0.04991,0,-0.07939,0.99146,0.10344,0.26461,-0.19473,0.08634,-0.97705,0.08814,-1.98814,-0.19673,0.20042,0.97735,-0.06799,-0.39929,0.56686,-0.72058,-0.247,0.88954,-0.38434,-0.33425,0.68842,-0.6437,-0.23706,0.46466,-0.85317,-0.02504,0.39778,-0.91714,
2.0,-1.0,0.19214,0.98012,-0.04944,0,-0.06635,0.99245,0.10317,0.28249,-0.17818,0.08995,-0.97988,0.09154,-2.03828,-0.17988,0.20156,0.97932,-0.01735,-0.42384,0.55586,-0.71511,-0.23851,0.90322,-0.3568,-0.33343,0.64543,-0.6872,-0.23016,0.48151,-0.84568,-0.0322,0.42583,-0.90423,
2.0,-1.0,0.17371,0.98338,-0.05288,0,-0.07283,0.98933,0.12617,0.5457,-0.16787,0.11255,-0.97936,0.11442,-2.16142,-0.16975,0.40388,0.85837,0.31635,-0.42577,0.5787,-0.69557,-0.19557,0.97121,-0.13605,-0.35451,0.62003,-0.69992,-0.24643,0.44967,-0.85853,-0.05164,0.38831,-0.92008,
2.0,-1.0,0.18684,0.98095,-0.05312,0,-0.06367,0.99267,0.10277,0.30413,-0.18989,0.08905,-0.97776,0.09082,-2.00929,-0.19182,-0.33899,-0.93628,0.09201,-0.41889,0.55857,-0.71592,-0.24808,0.90124,-0.35528,-0.34407,0.61307,-0.71117,-0.23952,0.43917,-0.86589,-0.03898,0.35673,-0.93339,
2.0,-1.0,0.18917,0.98069,-0.0496,0,-0.06985,0.99269,0.09845,0.37345,-0.19056,0.08359,-0.97811,0.08526,-1.98419,-0.19241,0.71959,0.62235,0.30802,-0.4134,0.56137,-0.71692,-0.23195,0.92302,-0.30697,-0.34949,0.65479,-0.67016,-0.24853,0.44584,-0.85992,-0.04005,0.37996,-0.92414,
2.0,-1.0,0.18804,0.98084,-0.05094,0,-0.02296,0.99192,0.12478,0.3317,-0.18695,0.11835,-0.97521,0.12076,-2.13515,-0.18941,-0.1854,-0.98027,-0.06853,-0.40792,0.59319,-0.69406,-0.20033,0.93327,-0.29813,-0.32304,0.64312,-0.69429,-0.22792,0.46704,-0.85436,-0.04017,0.38291,-0.92291,
2.0,-1.0,0.19192,0.9802,-0.04881,0,-0.06363,0.99083,0.11922,0.33983,-0.17808,0.10627,-0.97826,0.10821,-2.10884,-0.18006,0.28628,0.95483,0.07968,-0.41587,0.58046,-0.70009,-0.22449,0.92588,-0.30389,-0.33137,0.65351,-0.68053,-0.22534,0.45792,-0.85996,-0.02957,0.39613,-0.91772,
2.0,-1.0,0.19127,0.98022,-0.05092,0,-0.05735,0.99029,0.1266,0.29116,-0.18775,0.11385,-0.9756,0.11617,-2.11588,-0.19012,-0.22024,0.74465,-0.63007,-0.40388,0.58188,-0.7059,-0.23926,0.9077,-0.34474,-0.33324,0.64593,-0.68682,-0.22719,0.44634,-0.86554,-0.02481,0.37307,-0.92747,
2.0,-1.0,0.19737,0.9791,-0.04907,0,-0.03734,0.99417,0.10117,0.26774,-0.19575,0.09201,-0.97633,0.09396,-2.01019,-0.19787,0.17656,0.98341,-0.04155,-0.40435,0.56976,-0.71545,-0.22106,0.89735,-0.38197,-0.32007,0.66319,-0.67656,-0.23074,0.46682,-0.85372,-0.04016,0.38949,-0.92015,
2.0,-1.0,0.19032,0.98044,-0.05006,0,-0.03929,0.99352,0.10661,0.27462,-0.19175,0.09721,-0.97662,0.09921,-2.04,-0.19387,-0.24941,-0.94357,0.21788,-0.42387,0.56429,-0.70846,-0.22628,0.90324,-0.36464,-0.33508,0.65595,-0.67635,-0.24261,0.46176,-0.85318,-0.0461,0.38157,-0.92319,
2.0,-1.0,0.18325,0.98156,-0.05441,0,-0.04109,0.99287,0.11186,0.34048,-0.18878,0.10222,-0.97668,0.10428,-2.06708,-0.19093,0.14822,0.95287,-0.2647,-0.42483,0.5781,-0.69665,-0.20618,0.93417,-0.29122,-0.33802,0.64868,-0.68187,-0.23986,0.44303,-0.86383,-0.05135,0.35804,-0.93229,
2.0,-1.0,0.18956,0.98044,-0.053,0,-0.05556,0.99149,0.1177,0.20774,-0.20042,0.10441,-0.97413,0.10677,-2.05106,-0.20291,0.16888,0.98484,0.03964,-0.42859,0.5724,-0.69905,-0.24593,0.88394,-0.3977,-0.33893,0.62729,-0.70117,-0.24205,0.44556,-0.86191,-0.05661,0.36899,-0.92771,
2.0,-1.0,0.19256,0.97984,-0.05324,0,-0.0396,0.99165,0.12273,0.22759,-0.18655,0.11333,-0.97589,0.11562,-2.11674,-0.18888,0.19416,0.98096,-0.00464,-0.42145,0.58122,-0.69611,-0.22447,0.89948,-0.3749,-0.31518,0.62429,-0.71479,-0.21457,0.45782,-0.86276,-0.02546,0.37986,-0.92469,
2.0,-1.0,0.19402,0.97969,-0.05064,0,-0.04412,0.9936,0.10399,0.26732,-0.19329,0.09363,-0.97666,0.09558,-2.02189,-0.19539,0.18643,0.9649,0.18495,-0.42278,0.56397,-0.70936,-0.22754,0.90036,-0.37092,-0.32972,0.65126,-0.68348,-0.2347,0.45878,-0.85699,-0.04328,0.38362,-0.92248,
2.0,-1.0,0.193,0.97968,-0.0545,0,-0.04836,0.99169,0.11925,0.28824,-0.19374,0.10781,-0.97511,0.11011,-2.0786,-0.19613,-0.33506,-0.88484,-0.32373,-0.41246,0.57356,-0.70775,-0.22296,0.91293,-0.34182,-0.32703,0.65137,-0.68466,-0.23143,0.459,-0.85777,-0.03546,0.37346,-0.92697,
2.0,-1.0,0.18216,0.98186,-0.05256,0,-0.06198,0.98858,0.13733,0.32984,-0.18863,0.12351,-0.97425,0.1261,-2.15052,-0.19125,-0.14606,-0.9888,0.03085,-0.41238,0.58724,-0.69648,-0.23946,0.9234,-0.29999,-0.34627,0.61254,-0.71056,-0.24732,0.42737,-0.86959,-0.0471,0.34791,-0.93635,
2.0,-1.0,0.19185,0.97998,-0.05328,0,-0.06114,0.99111,0.11817,0.25032,-0.19241,0.10446,-0.97574,0.10665,-2.06818,-0.1947,-0.42464,-0.87784,0.22153,-0.42412,0.56797,-0.70535,-0.23757,0.89724,-0.37219,-0.33155,0.62926,-0.70293,-0.23711,0.45009,-0.86093,-0.04268,0.37606,-0.92561,
2.0,-1.0,0.18417,0.98131,-0.05577,0,-0.05358,0.99239,0.11082,0.28215,-0.20075,0.09801,-0.97473,0.10021,-2.02498,-0.20311,0.22605,0.97381,0.02425,-0.43336,0.55786,-0.70781,-0.24108,0.9054,-0.34946,-0.34793,0.61767,-0.70528,-0.24804,0.43841,-0.86387,-0.06653,0.34126,-0.93761,
2.0,-1.0,0.17729,0.98252,-0.05677,0,-0.06639,0.98895,0.13252,0.37473,-0.19222,0.11765,-0.97427,0.12017,-2.12005,-0.19479,-0.19674,-0.97129,-0.13376,-0.43284,0.56135,-0.70536,-0.2323,0.93337,-0.27361,-0.35533,0.61552,-0.70348,-0.2556,0.43683,-0.86246,-0.06827,0.35402,-0.93274,
2.0,-1.0,0.16387,0.98478,-0.05791,0,-0.0856,0.98571,0.14511,0.65204,-0.15087,0.13114,-0.97982,0.13305,-2.28633,-0.15278,-0.35917,-0.93327,0.00082,-0.42696,0.58904,-0.6861,-0.17688,0.98377,-0.03024,-0.36059,0.6148,-0.70142,-0.24148,0.43926,-0.86529,-0.03433,0.36227,-0.93144,
2.0,-1.0,0.19127,0.98019,-0.05138,0,-0.05478,0.9911,0.12133,0.34248,-0.19055,0.10891,-0.97562,0.11117,-2.09002,-0.19289,0.09123,0.99209,-0.08617,-0.4186,0.58563,-0.69413,-0.22127,0.93111,-0.28994,-0.33443,0.66143,-0.67132,-0.23726,0.48274,-0.84301,-0.04256,0.41436,-0.90912,
2.0,-1.0,0.18711,0.98097,-0.05186,0,-0.02437,0.98957,0.14195,0.32676,-0.18429,0.13511,-0.97354,0.1379,-2.20342,-0.18708,0.18688,-0.94175,-0.2796,-0.42342,0.59209,-0.68567,-0.20952,0.93236,-0.29464,-0.32319,0.65536,-0.68268,-0.2289,0.48118,-0.84621,-0.04602,0.40771,-0.91195,
2.0,-1.0,0.19077,0.98028,-0.05159,0,-0.06365,0.99011,0.12505,0.30176,-0.18358,0.11155,-0.97665,0.11373,-2.11682,-0.1858,0.26443,0.96388,-0.03192,-0.42965,0.58135,-0.69097,-0.2355,0.91875,-0.31692,-0.33536,0.64511,-0.68656,-0.23001,0.47192,-0.85111,-0.02707,0.41232,-0.91063,
2.0,-1.0,0.17227,0.9834,-0.05694,0,-0.07347,0.98695,0.14326,0.51793,-0.16274,0.12985,-0.97809,0.13199,-2.24427,-0.16488,0.27879,0.93782,0.20681,-0.42324,0.58228,-0.69414,-0.20726,0.96643,-0.15185,-0.35116,0.6163,-0.70488,-0.24116,0.46256,-0.85316,-0.04294,0.39934,-0.91579,
2.0,-1.0,0.17675,0.98277,-0.05411,0,-0.08739,0.98807,0.12681,0.50387,-0.16399,0.11129,-0.98016,0.11306,-2.16704,-0.16578,0.28803,0.95687,0.03786,-0.43676,0.57277,-0.69367,-0.21482,0.9626,-0.16508,-0.35036,0.61254,-0.70855,-0.23791,0.44966,-0.86093,-0.03883,0.3847,-0.92222,
2.0,-1.0,0.18635,0.9809,-0.05571,0,-0.05834,0.98901,0.13586,0.30018,-0.18453,0.12307,-0.97509,0.12555,-2.15898,-0.18703,-0.38897,-0.91653,0.09319,-0.42266,0.57064,-0.70408,-0.23367,0.91508,-0.32868,-0.32902,0.62426,-0.70855,-0.23182,0.46037,-0.85692,-0.04377,0.37869,-0.92449,
2.0,-1.0,0.18041,0.98213,-0.05354,0,-0.05614,0.99063,0.12447,0.38873,-0.18637,0.11208,-0.97607,0.11432,-2.1122,-0.18867,-0.08153,0.98518,0.15092,-0.42364,0.57772,-0.69768,-0.22184,0.93839,-0.26497,-0.34561,0.61314,-0.71036,-0.24668,0.43155,-0.86771,-0.04424,0.35297,-0.93459,
2.0,-1.0,0.17953,0.9823,-0.05338,0,-0.07591,0.98921,0.12531,0.46741,-0.16713,0.11127,-0.97964,0.1131,-2.15817,-0.16898,0.71183,0.37407,-0.59445,-0.42665,0.5584,-0.71145,-0.21884,0.9511,-0.21798,-0.34522,0.63713,-0.68912,-0.24299,0.48107,-0.84233,-0.05305,0.40985,-0.91061,
2.0,-1.0,0.18218,0.98185,-0.05281,0,-0.08121,0.98781,0.13279,0.37771,-0.17491,0.11704,-0.9776,0.11915,-2.1605,-0.17705,0.2721,0.96166,0.03409,-0.41414,0.57959,-0.70183,-0.24229,0.9305,-0.27472,-0.34728,0.62241,-0.70143,-0.23835,0.44429,-0.86359,-0.02449,0.37926,-0.92497,
2.0,-1.0,0.18157,0.98202,-0.05167,0,-0.06665,0.99152,0.11153,0.45153,-0.17112,0.09876,-0.98029,0.10041,-2.09424,-0.17282,0.3187,0.93095,0.17821,-0.43235,0.55644,-0.70954,-0.20958,0.95086,-0.22793,-0.34342,0.63408,-0.69282,-0.24196,0.46009,-0.85427,-0.0432,0.38573,-0.9216,
2.0,-1.0,0.18197,0.98192,-0.05222,0,-0.06196,0.99147,0.11466,0.47312,-0.17119,0.10262,-0.97988,0.10435,-2.11083,-0.17296,-0.23205,-0.9665,0.10973,-0.41059,0.57705,-0.70599,-0.20392,0.95681,-0.2072,-0.34303,0.64256,-0.68516,-0.23857,0.48409,-0.84187,-0.03759,0.40901,-0.91175,
2.0,-1.0,0.18315,0.98171,-0.05193,0,-0.07395,0.99161,0.106,0.4481,-0.17569,0.09167,-0.98017,0.09325,-2.0517,-0.17737,-0.0615,0.99263,-0.10445,-0.4271,0.56573,-0.70536,-0.2187,0.9462,-0.23847,-0.34807,0.63096,-0.69336,-0.24384,0.44962,-0.85929,-0.04652,0.3816,-0.92316,
2.0,-1.0,0.17986,0.98233,-0.05182,0,-0.03688,0.99264,0.11535,0.483,-0.17482,0.10724,-0.97874,0.10913,-2.12104,-0.17675,0.18607,0.94231,0.27827,-0.43118,0.58324,-0.68842,-0.1775,0.96694,-0.18306,-0.33792,0.63802,-0.69192,-0.2313,0.48707,-0.84218,-0.03395,0.41484,-0.90926,
2.0,-1.0,0.16506,0.98482,-0.05365,0,-0.06384,0.99263,0.10302,0.69337,-0.16625,0.09121,-0.98186,0.09263,-2.07256,-0.16773,-0.18389,-0.97923,0.0854,-0.42676,0.56909,-0.70286,-0.14268,0.9891,-0.0364,-0.36567,0.64178,-0.6741,-0.26146,0.46107,-0.84797,-0.06459,0.39357,-0.91702,
2.0,-1.0,0.16937,0.98415,-0.05256,0,-0.08188,0.99038,0.11152,0.59571,-0.18005,0.09536,-0.97902,0.09709,-2.05786,-0.18188,-0.1354,-0.94856,-0.2862,-0.42549,0.57018,-0.70275,-0.19468,0.97407,-0.11526,-0.37525,0.64126,-0.66931,-0.2674,0.45317,-0.85037,-0.06792,0.38109,-0.92204,
2.0,-1.0,0.17184,0.98377,-0.05168,0,-0.03555,0.9946,0.09746,0.62448,-0.18269,0.08941,-0.9791,0.09106,-2.02592,-0.18447,-0.55571,-0.72209,-0.41203,-0.41781,0.58023,-0.69912,-0.13848,0.98553,-0.09775,-0.35054,0.66854,-0.65588,-0.25727,0.49081,-0.83242,-0.07359,0.41335,-0.90759,
2.0,-1.0,0.17571,0.98313,-0.05089,0,-0.05745,0.993,0.10316,0.60153,-0.18204,0.09118,-0.97906,0.09286,-2.03516,-0.18383,-0.17929,-0.98342,0.02729,-0.4178,0.57689,-0.70188,-0.16167,0.981,-0.10727,-0.35599,0.67979,-0.64122,-0.25821,0.45834,-0.85045,-0.0697,0.39037,-0.91802,
2.0,-1.0,0.17644,0.98299,-0.05107,0,-0.05366,0.99368,0.09858,0.56643,-0.18609,0.08704,-0.97867,0.08871,-2.00831,-0.1879,-0.18015,-0.98363,-0.00359,-0.42732,0.56512,-0.70572,-0.17541,0.97363,-0.14589,-0.35931,0.65822,-0.66155,-0.26299,0.48539,-0.83381,-0.0676,0.41053,-0.90934,
2.0,-1.0,0.16254,0.98515,-0.05536,0,-0.09824,0.98443,0.14577,0.7215,-0.16076,0.12886,-0.97855,0.13093,-2.24648,-0.16283,0.1264,0.97567,-0.17912,-0.42804,0.59103,-0.68371,-0.16968,0.98524,0.02242,-0.37402,0.63337,-0.67745,-0.25795,0.44501,-0.85757,-0.04699,0.36926,-0.92814,
2.0,-1.0,0.16911,0.98406,-0.05502,0,-0.06925,0.98706,0.1446,0.62039,-0.16364,0.13174,-0.97768,0.13395,-2.24864,-0.16584,0.12945,0.9908,-0.03937,-0.41627,0.59832,-0.68464,-0.17475,0.98246,-0.06507,-0.35214,0.62906,-0.69302,-0.23913,0.44225,-0.86443,-0.02648,0.36491,-0.93067,
2.0,-1.0,0.16233,0.98528,-0.05369,0,-0.07835,0.98762,0.13591,0.71939,-0.16882,0.12122,-0.97817,0.1233,-2.19354,-0.1709,0.21482,0.96694,0.13739,-0.42451,0.59493,-0.68253,-0.1497,0.98861,0.01557,-0.36755,0.6255,-0.68823,-0.25499,0.43315,-0.8645,-0.0535,0.35991,-0.93145,
2.0,-1.0,0.1835,0.9817,-0.05085,0,-0.05487,0.99283,0.1062,0.52428,-0.18487,0.09442,-0.97822,0.09623,-2.043,-0.18679,0.3457,0.93827,-0.0117,-0.4229,0.57496,-0.70041,-0.18623,0.96716,-0.17297,-0.34992,0.66789,-0.65687,-0.24687,0.46689,-0.84916,-0.03856,0.39386,-0.91836,
2.0,-1.0,0.16822,0.98431,-0.0532,0,-0.06023,0.98942,0.13199,0.56867,-0.17354,0.11984,-0.97751,0.12199,-2.17514,-0.17571,-0.18661,-0.98165,0.03929,-0.42652,0.58709,-0.68804,-0.18332,0.97676,-0.11107,-0.35961,0.63521,-0.68351,-0.25064,0.4467,-0.85886,-0.04869,0.37335,-0.92641,
2.0,-1.0,0.16324,0.98504,-0.05512,0,-0.06999,0.9916,0.10876,0.79092,-0.16997,0.09558,-0.9808,0.09715,-2.08307,-0.17159,-0.07002,-0.99754,0.0039,-0.41796,0.57954,-0.6996,-0.11632,0.99199,0.04921,-0.37127,0.64697,-0.66602,-0.26349,0.45115,-0.85266,-0.05181,0.36899,-0.92799,
2.0,-1.0,0.17389,0.98333,-0.05321,0,-0.08745,0.99149,0.09645,0.64196,-0.1781,0.0797,-0.98078,0.08108,-1.99156,-0.17963,-0.37479,-0.66249,0.64857,-0.43521,0.55923,-0.70559,-0.1796,0.9799,-0.08684,-0.36983,0.63225,-0.6808,-0.25833,0.42358,-0.86824,-0.05657,0.3603,-0.93112,
2.0,-1.0,0.16444,0.98489,-0.05438,0,-0.04624,0.99173,0.11974,0.77773,-0.16308,0.11077,-0.98037,0.11251,-2.16743,-0.16484,-0.14938,-0.9721,-0.18083,-0.42587,0.58527,-0.68999,-0.09167,0.99381,0.06269,-0.34971,0.63121,-0.6923,-0.2463,0.47003,-0.84759,-0.05353,0.38723,-0.92043,
2.0,-1.0,0.16189,0.98532,-0.05424,0,-0.06297,0.99032,0.12371,0.74558,-0.16136,0.11222,-0.98049,0.11396,-2.1785,-0.1631,0.23334,0.96849,0.08702,-0.41878,0.59391,-0.68694,-0.12133,0.99209,0.03226,-0.35999,0.63973,-0.67908,-0.25431,0.45328,-0.85432,-0.05007,0.37252,-0.92667,
2.0,-1.0,0.16321,0.98507,-0.05478,0,-0.03374,0.99546,0.08902,0.79049,-0.18303,0.08141,-0.97973,0.08291,-1.98932,-0.18469,-0.2356,-0.96452,0.11912,-0.42412,0.569,-0.70453,-0.07549,0.99643,0.03793,-0.36239,0.65555,-0.66251,-0.26671,0.46376,-0.84486,-0.07506,0.38294,-0.92072,
2.0,-1.0,0.164,0.98496,-0.0544,0,-0.04204,0.99455,0.09543,0.87235,-0.16527,0.08728,-0.98238,0.08861,-2.05667,-0.16668,0.39851,0.91665,0.03066,-0.41606,0.58443,-0.69666,-0.0467,0.99109,0.12476,-0.35224,0.67197,-0.65145,-0.24724,0.45288,-0.8566,-0.04414,0.36192,-0.93117,
2.0,-1.0,0.16404,0.98491,-0.05523,0,-0.07795,0.98951,0.12161,0.69153,-0.16822,0.10718,-0.97991,0.10894,-2.13807,-0.17001,0.39054,0.82132,0.41583,-0.41903,0.59051,-0.68972,-0.15704,0.98743,-0.01768,-0.36892,0.63031,-0.68309,-0.25418,0.42395,-0.86929,-0.04658,0.33762,-0.94013,
2.0,-1.0,0.16724,0.98437,-0.0552,0,-0.09483,0.98773,0.12412,0.70103,-0.16892,0.1069,-0.97982,0.10868,-2.13503,-0.17072,-0.29266,0.89839,0.32748,-0.42248,0.58669,-0.69088,-0.16792,0.98576,-0.00899,-0.37131,0.62082,-0.69045,-0.25582,0.41708,-0.87212,-0.04273,0.3335,-0.94178,
2.0,-1.0,0.16132,0.98537,-0.05489,0,-0.08038,0.98831,0.12951,0.74158,-0.15763,0.11569,-0.9807,0.11743,-2.20395,-0.15937,-0.6657,-0.65768,0.35257,-0.4207,0.5857,-0.69279,-0.1432,0.98942,0.02338,-0.36687,0.63838,-0.67667,-0.25709,0.44748,-0.85654,-0.05637,0.37471,-0.92543,
2.0,-1.0,0.16049,0.98556,-0.05405,0,-0.062,0.99204,0.10956,0.79821,-0.17898,0.09694,-0.97907,0.09869,-2.06719,-0.18081,-0.17439,-0.97875,-0.10787,-0.43175,0.57345,-0.69623,-0.10526,0.99287,0.05596,-0.37432,0.62699,-0.6832,-0.26906,0.44036,-0.85656,-0.07665,0.36253,-0.92881,
2.0,-1.0,0.16579,0.98473,-0.05316,0,-0.0713,0.99233,0.10099,0.7778,-0.1804,0.08675,-0.97976,0.08831,-2.01905,-0.18208,0.16133,0.97721,0.13797,-0.44266,0.57949,-0.68428,-0.11242,0.99231,0.05183,-0.37381,0.61382,-0.69534,-0.25602,0.41155,-0.87469,-0.04815,0.33296,-0.94171,
2.0,-1.0,0.16298,0.98512,-0.05451,0,-0.05664,0.99371,0.09665,0.65763,-0.18717,0.08452,-0.97868,0.08615,-1.99496,-0.18897,-0.17541,-0.98415,-0.02618,-0.42109,0.56389,-0.71043,-0.15272,0.98523,-0.07748,-0.37405,0.64331,-0.66801,-0.27635,0.43359,-0.85769,-0.0794,0.3531,-0.93221,
2.0,-1.0,0.17204,0.98364,-0.05349,0,-0.05938,0.99276,0.10445,0.55532,-0.18101,0.09219,-0.97915,0.09388,-2.04189,-0.1828,-0.19716,-0.98005,-0.02514,-0.42935,0.55888,-0.70945,-0.17827,0.97303,-0.14642,-0.35761,0.65426,-0.66638,-0.26136,0.46309,-0.8469,-0.08256,0.37774,-0.92222,
2.0,-1.0,0.16617,0.98464,-0.05355,0,-0.0553,0.99275,0.10673,0.77648,-0.17436,0.09565,-0.98003,0.09729,-2.07256,-0.17607,-0.04093,-0.99143,0.12409,-0.41155,0.5729,-0.70881,-0.10636,0.99376,0.03353,-0.36146,0.66069,-0.6579,-0.26363,0.47007,-0.84234,-0.07037,0.39274,-0.91695,
2.0,-1.0,0.15996,0.98565,-0.05394,0,-0.07304,0.98784,0.13728,0.86589,-0.16174,0.1241,-0.979,0.12609,-2.22525,-0.16373,0.26825,0.95339,-0.13818,-0.41489,0.6058,-0.67887,-0.0861,0.98534,0.14725,-0.36514,0.65337,-0.66316,-0.25122,0.45188,-0.85597,-0.04438,0.37409,-0.92633,